video_id,true_label,pred_label
42920,Swiping Left,Sliding Two Fingers Left
12912,Sliding Two Fingers Right,Sliding Two Fingers Left
35341,Zooming In With Full Hand,Zooming Out With Full Hand
94928,Swiping Right,Sliding Two Fingers Right
117498,Swiping Left,No gesture
33245,Pulling Two Fingers In,Swiping Right
31863,Sliding Two Fingers Down,Swiping Left
81336,Zooming In With Full Hand,Swiping Down
44353,Doing other things,Zooming In With Two Fingers
140793,Sliding Two Fingers Left,Sliding Two Fingers Right
101162,Zooming Out With Full Hand,Shaking Hand
52721,Swiping Right,Sliding Two Fingers Left
139559,Sliding Two Fingers Up,Stop Sign
30370,Sliding Two Fingers Up,Swiping Right
85466,Zooming In With Full Hand,Zooming Out With Full Hand
4983,Sliding Two Fingers Up,Pushing Two Fingers Away
112463,Sliding Two Fingers Left,Zooming Out With Two Fingers
58028,Rolling Hand Backward,Rolling Hand Forward
54598,Swiping Down,Pushing Hand Away
130629,Turning Hand Counterclockwise,Pulling Two Fingers In
30228,No gesture,Sliding Two Fingers Up
7565,No gesture,Doing other things
37527,Swiping Down,Drumming Fingers
79085,Thumb Up,Sliding Two Fingers Left
45131,Zooming In With Full Hand,Zooming Out With Full Hand
18103,Sliding Two Fingers Right,Sliding Two Fingers Left
18118,Zooming In With Two Fingers,Zooming Out With Two Fingers
142471,Sliding Two Fingers Up,Swiping Left
38895,Sliding Two Fingers Down,Thumb Down
125044,Swiping Left,Doing other things
133518,Pulling Two Fingers In,No gesture
142576,Doing other things,Sliding Two Fingers Down
122427,Zooming In With Two Fingers,Zooming Out With Two Fingers
79761,Zooming Out With Two Fingers,Doing other things
1440,Swiping Down,Rolling Hand Backward
99155,Sliding Two Fingers Down,Thumb Up
10131,Pushing Two Fingers Away,Thumb Up
115054,Sliding Two Fingers Left,Swiping Left
111555,Turning Hand Clockwise,Zooming In With Full Hand
137713,Turning Hand Counterclockwise,Turning Hand Clockwise
136106,Rolling Hand Forward,Rolling Hand Backward
26115,Pulling Hand In,Pulling Two Fingers In
58359,Swiping Left,Swiping Right
116249,Rolling Hand Backward,Rolling Hand Forward
12291,Rolling Hand Backward,Rolling Hand Forward
99641,Swiping Left,Pushing Hand Away
58887,Rolling Hand Forward,Rolling Hand Backward
98082,Pulling Hand In,Doing other things
33570,Swiping Left,Swiping Right
63311,Swiping Left,Thumb Up
134211,Zooming In With Two Fingers,Zooming Out With Two Fingers
102191,Zooming In With Two Fingers,Zooming Out With Two Fingers
121413,Zooming Out With Two Fingers,Drumming Fingers
45990,Swiping Down,Thumb Down
99963,Sliding Two Fingers Down,No gesture
76867,Doing other things,Rolling Hand Forward
116328,Sliding Two Fingers Right,Sliding Two Fingers Left
44901,Zooming Out With Two Fingers,Zooming In With Two Fingers
37485,Stop Sign,Pushing Hand Away
8596,Sliding Two Fingers Up,Pushing Two Fingers Away
72639,Shaking Hand,Turning Hand Clockwise
21351,No gesture,Doing other things
124399,Swiping Down,Swiping Right
81606,Rolling Hand Forward,Rolling Hand Backward
88311,Pushing Two Fingers Away,Zooming Out With Two Fingers
77268,Sliding Two Fingers Up,Drumming Fingers
70145,Zooming In With Full Hand,Zooming Out With Full Hand
59658,Sliding Two Fingers Down,Sliding Two Fingers Up
25916,Zooming Out With Full Hand,Turning Hand Counterclockwise
26695,Stop Sign,Pushing Hand Away
87413,Swiping Right,Doing other things
124970,Pulling Hand In,Turning Hand Clockwise
36825,Rolling Hand Backward,Rolling Hand Forward
50718,Sliding Two Fingers Left,Swiping Right
44728,Stop Sign,Doing other things
117728,Doing other things,Pulling Two Fingers In
98981,Sliding Two Fingers Down,Doing other things
7914,Pulling Two Fingers In,Doing other things
89416,No gesture,Doing other things
5740,Rolling Hand Forward,Rolling Hand Backward
25763,Drumming Fingers,Sliding Two Fingers Right
15440,Sliding Two Fingers Down,Sliding Two Fingers Up
3905,Rolling Hand Forward,Rolling Hand Backward
62001,Thumb Up,Sliding Two Fingers Left
94885,Doing other things,Swiping Down
63974,Pushing Two Fingers Away,Swiping Right
441,Sliding Two Fingers Up,Rolling Hand Forward
72447,Sliding Two Fingers Left,Rolling Hand Backward
31365,Drumming Fingers,Sliding Two Fingers Up
87018,Sliding Two Fingers Right,No gesture
58113,Sliding Two Fingers Up,Thumb Down
69666,Turning Hand Counterclockwise,Swiping Up
110921,Pushing Hand Away,Pulling Two Fingers In
82097,Doing other things,Zooming In With Full Hand
86291,Zooming In With Full Hand,Zooming Out With Full Hand
57774,Turning Hand Clockwise,Turning Hand Counterclockwise
92863,No gesture,Swiping Down
9199,Pushing Hand Away,Stop Sign
80593,Turning Hand Clockwise,Swiping Left
140797,Sliding Two Fingers Down,Sliding Two Fingers Up
83263,Swiping Left,Pulling Two Fingers In
38358,Zooming In With Two Fingers,Swiping Left
124240,Swiping Right,No gesture
27826,Doing other things,Thumb Down
147804,Stop Sign,Pushing Hand Away
48742,Shaking Hand,Swiping Up
25868,Doing other things,Pulling Two Fingers In
79219,Swiping Down,Drumming Fingers
34632,Sliding Two Fingers Left,Sliding Two Fingers Right
18189,Sliding Two Fingers Left,No gesture
146323,Swiping Down,No gesture
119487,Stop Sign,Pushing Hand Away
115566,Turning Hand Counterclockwise,Pulling Hand In
19239,Sliding Two Fingers Down,Swiping Up
92337,Zooming In With Full Hand,Swiping Down
107679,Turning Hand Counterclockwise,Turning Hand Clockwise
93736,Sliding Two Fingers Up,No gesture
136831,Zooming Out With Full Hand,Zooming In With Full Hand
85691,Sliding Two Fingers Up,Swiping Down
81236,Sliding Two Fingers Right,No gesture
10711,Shaking Hand,Swiping Right
115445,Swiping Up,Doing other things
17425,No gesture,Swiping Right
53886,Pushing Two Fingers Away,Thumb Up
129343,Pulling Hand In,Sliding Two Fingers Right
75099,Sliding Two Fingers Up,Swiping Down
38691,Zooming Out With Two Fingers,Thumb Up
61688,Drumming Fingers,Swiping Up
72158,Swiping Up,Doing other things
22716,Sliding Two Fingers Down,No gesture
53329,Zooming Out With Two Fingers,Zooming In With Two Fingers
84713,Swiping Right,Swiping Left
109233,Turning Hand Clockwise,Turning Hand Counterclockwise
121447,Doing other things,No gesture
135588,Stop Sign,Pushing Hand Away
136312,Zooming In With Two Fingers,Zooming Out With Two Fingers
75270,Stop Sign,Pushing Hand Away
84608,Zooming Out With Two Fingers,Zooming In With Two Fingers
22343,Sliding Two Fingers Right,No gesture
20131,Zooming In With Full Hand,Zooming Out With Full Hand
144476,Shaking Hand,Rolling Hand Backward
44708,Doing other things,No gesture
146962,Pulling Hand In,Swiping Up
3165,Sliding Two Fingers Up,Shaking Hand
71164,Stop Sign,Pushing Hand Away
85286,Turning Hand Counterclockwise,Turning Hand Clockwise
14148,Sliding Two Fingers Right,Swiping Left
140579,Sliding Two Fingers Up,Zooming In With Full Hand
6175,Sliding Two Fingers Right,Sliding Two Fingers Left
25476,Swiping Down,No gesture
14691,Thumb Up,Swiping Left
70573,Shaking Hand,Turning Hand Clockwise
27690,Doing other things,Turning Hand Counterclockwise
74601,Sliding Two Fingers Left,Doing other things
62733,Sliding Two Fingers Down,Pulling Two Fingers In
116605,Shaking Hand,No gesture
72339,Shaking Hand,Zooming Out With Full Hand
54677,Swiping Left,Swiping Right
48450,Rolling Hand Forward,Rolling Hand Backward
146423,Shaking Hand,Swiping Left
22486,Zooming In With Two Fingers,Zooming Out With Two Fingers
48740,Pushing Two Fingers Away,Swiping Up
45311,Swiping Down,Doing other things
119690,Doing other things,Pulling Hand In
65893,No gesture,Sliding Two Fingers Right
109314,Zooming Out With Full Hand,Zooming In With Full Hand
40720,Swiping Left,No gesture
12023,Zooming Out With Two Fingers,Zooming In With Two Fingers
16606,No gesture,Swiping Up
134098,Sliding Two Fingers Down,Sliding Two Fingers Up
100939,Doing other things,No gesture
80523,Sliding Two Fingers Right,Sliding Two Fingers Left
134744,Doing other things,Swiping Left
137535,No gesture,Swiping Right
40743,Sliding Two Fingers Left,Zooming In With Full Hand
18552,Sliding Two Fingers Up,Sliding Two Fingers Down
99774,Rolling Hand Forward,Rolling Hand Backward
143300,Rolling Hand Backward,Rolling Hand Forward
44810,Shaking Hand,Pushing Hand Away
137190,Pulling Two Fingers In,Turning Hand Clockwise
47827,Swiping Up,Rolling Hand Backward
6654,Rolling Hand Backward,Rolling Hand Forward
12119,Turning Hand Clockwise,Turning Hand Counterclockwise
80803,Zooming Out With Full Hand,Zooming In With Full Hand
62586,Thumb Up,Sliding Two Fingers Right
28417,Rolling Hand Forward,Rolling Hand Backward
145203,Swiping Right,Swiping Left
26237,Pulling Hand In,Swiping Up
18181,Zooming Out With Two Fingers,Sliding Two Fingers Up
64067,Swiping Down,Doing other things
39823,Turning Hand Counterclockwise,Pulling Hand In
58273,Doing other things,Zooming In With Full Hand
37325,Pulling Hand In,Doing other things
36638,Swiping Up,Pulling Hand In
99623,Swiping Left,Swiping Right
74350,Doing other things,Sliding Two Fingers Right
75981,Sliding Two Fingers Right,Sliding Two Fingers Left
97532,Swiping Down,Sliding Two Fingers Down
127972,Doing other things,Swiping Right
142081,Sliding Two Fingers Down,Sliding Two Fingers Up
144564,No gesture,Pulling Two Fingers In
115634,Doing other things,Thumb Up
83206,Sliding Two Fingers Up,Zooming In With Two Fingers
123973,No gesture,Sliding Two Fingers Down
49627,Turning Hand Counterclockwise,Shaking Hand
117790,Thumb Down,Zooming Out With Two Fingers
61033,Sliding Two Fingers Down,Doing other things
98027,Zooming Out With Full Hand,Zooming In With Full Hand
69084,Turning Hand Clockwise,Turning Hand Counterclockwise
25538,Turning Hand Counterclockwise,Turning Hand Clockwise
14996,Sliding Two Fingers Left,Doing other things
21114,Swiping Right,Pushing Two Fingers Away
38720,Sliding Two Fingers Down,Pushing Two Fingers Away
47874,Zooming In With Full Hand,Shaking Hand
82661,Zooming In With Two Fingers,Zooming In With Full Hand
84339,Doing other things,Sliding Two Fingers Right
85041,Rolling Hand Backward,Swiping Down
7490,Stop Sign,Pulling Hand In
31455,Sliding Two Fingers Right,Sliding Two Fingers Left
15022,Swiping Down,Pulling Two Fingers In
53694,Turning Hand Clockwise,Turning Hand Counterclockwise
130735,No gesture,Doing other things
26664,Rolling Hand Forward,Rolling Hand Backward
120014,Stop Sign,Swiping Down
81037,Zooming Out With Two Fingers,Sliding Two Fingers Up
9024,Swiping Down,Rolling Hand Backward
137453,Turning Hand Counterclockwise,Turning Hand Clockwise
38264,Zooming In With Full Hand,Zooming In With Two Fingers
84735,Pushing Two Fingers Away,Sliding Two Fingers Right
72148,Pulling Hand In,Pulling Two Fingers In
115635,Zooming In With Two Fingers,Zooming Out With Two Fingers
93290,Rolling Hand Backward,Thumb Down
10513,Doing other things,Swiping Right
76025,Turning Hand Clockwise,Turning Hand Counterclockwise
26109,Pushing Two Fingers Away,Doing other things
85642,Swiping Left,Swiping Right
119689,Swiping Up,No gesture
128664,Zooming In With Two Fingers,Sliding Two Fingers Right
115040,Thumb Down,Swiping Down
103012,Doing other things,Pulling Two Fingers In
8691,Sliding Two Fingers Left,Swiping Left
43301,Zooming In With Full Hand,Zooming Out With Full Hand
122056,Stop Sign,Pushing Hand Away
51191,Swiping Down,Zooming Out With Full Hand
122201,Stop Sign,Shaking Hand
50491,Pushing Two Fingers Away,Thumb Up
6036,Sliding Two Fingers Up,Sliding Two Fingers Down
90190,Swiping Down,Drumming Fingers
78871,Rolling Hand Forward,Rolling Hand Backward
139169,Pulling Hand In,Pulling Two Fingers In
80032,Turning Hand Counterclockwise,Zooming Out With Full Hand
109174,Swiping Up,Pulling Hand In
60897,Zooming In With Two Fingers,Doing other things
122729,Turning Hand Clockwise,Shaking Hand
39872,Sliding Two Fingers Left,Swiping Up
80435,Zooming In With Full Hand,Shaking Hand
124971,No gesture,Thumb Up
56090,Sliding Two Fingers Left,Thumb Up
146868,Stop Sign,Pushing Hand Away
131004,Rolling Hand Forward,Doing other things
73850,Zooming Out With Two Fingers,Zooming In With Two Fingers
105470,Thumb Up,Doing other things
95646,Sliding Two Fingers Up,Pushing Two Fingers Away
64435,Zooming In With Two Fingers,Pushing Two Fingers Away
146217,Swiping Left,Zooming Out With Two Fingers
10892,Sliding Two Fingers Left,Sliding Two Fingers Right
98544,Drumming Fingers,Shaking Hand
111703,Pushing Two Fingers Away,Thumb Up
138255,Zooming Out With Full Hand,Zooming In With Full Hand
45072,Zooming In With Two Fingers,Zooming Out With Two Fingers
41606,Rolling Hand Backward,Rolling Hand Forward
98896,Thumb Down,Sliding Two Fingers Down
3596,Sliding Two Fingers Left,Swiping Left
71804,Swiping Left,Pushing Hand Away
140799,Pushing Two Fingers Away,Doing other things
118653,Pushing Two Fingers Away,Pushing Hand Away
145874,Swiping Up,Doing other things
132927,Zooming In With Full Hand,Zooming Out With Full Hand
122053,Zooming Out With Full Hand,Zooming In With Full Hand
27821,Zooming In With Full Hand,Turning Hand Counterclockwise
17467,Zooming In With Full Hand,Shaking Hand
106749,Thumb Up,Doing other things
43567,Doing other things,Drumming Fingers
29446,Sliding Two Fingers Down,Swiping Up
143458,Pulling Hand In,Zooming Out With Full Hand
40855,Rolling Hand Forward,Rolling Hand Backward
66468,Swiping Down,Pushing Two Fingers Away
123461,Sliding Two Fingers Left,Sliding Two Fingers Right
38349,Swiping Left,No gesture
76640,Sliding Two Fingers Left,Sliding Two Fingers Right
120463,Swiping Up,Sliding Two Fingers Up
45966,Pushing Hand Away,Stop Sign
132526,Pulling Hand In,Doing other things
79131,Sliding Two Fingers Left,Doing other things
139734,Swiping Left,Zooming In With Full Hand
97038,Sliding Two Fingers Up,Sliding Two Fingers Down
132110,Pulling Two Fingers In,Thumb Up
49824,Sliding Two Fingers Left,Sliding Two Fingers Right
132754,Thumb Up,Doing other things
106703,Pulling Two Fingers In,No gesture
66889,Rolling Hand Backward,Rolling Hand Forward
3567,Doing other things,No gesture
61897,Pulling Two Fingers In,Doing other things
40498,Rolling Hand Forward,Pushing Two Fingers Away
48379,Stop Sign,Zooming In With Full Hand
12469,Swiping Left,Swiping Right
114622,No gesture,Doing other things
143849,Swiping Right,Doing other things
88590,Zooming Out With Two Fingers,Turning Hand Clockwise
75827,Stop Sign,Sliding Two Fingers Up
50931,Sliding Two Fingers Down,Swiping Down
109377,Doing other things,Thumb Down
15270,Swiping Up,Pulling Hand In
87293,Turning Hand Counterclockwise,Turning Hand Clockwise
26374,Zooming In With Two Fingers,Zooming Out With Two Fingers
7528,Rolling Hand Forward,Sliding Two Fingers Down
75410,Turning Hand Clockwise,Turning Hand Counterclockwise
37197,Swiping Right,Sliding Two Fingers Up
129113,Doing other things,Sliding Two Fingers Down
58450,Doing other things,Turning Hand Counterclockwise
64482,Pushing Hand Away,Sliding Two Fingers Left
49882,Zooming Out With Two Fingers,Zooming In With Two Fingers
110888,Doing other things,Turning Hand Clockwise
31343,Pulling Two Fingers In,Pulling Hand In
5767,Shaking Hand,Zooming In With Full Hand
117978,Thumb Up,Doing other things
143182,Rolling Hand Forward,Rolling Hand Backward
25172,Sliding Two Fingers Left,Doing other things
92948,Turning Hand Clockwise,Doing other things
73595,Swiping Left,Swiping Right
92410,Zooming Out With Full Hand,Thumb Down
10958,Swiping Down,Drumming Fingers
28665,Pulling Hand In,Swiping Up
36080,Zooming In With Full Hand,Zooming Out With Full Hand
137985,Doing other things,Swiping Right
66073,Sliding Two Fingers Down,Pushing Two Fingers Away
88064,Pulling Hand In,Shaking Hand
67641,Swiping Down,Doing other things
30276,Pushing Hand Away,Stop Sign
95521,Zooming Out With Full Hand,Turning Hand Counterclockwise
63013,Shaking Hand,Swiping Up
89586,Sliding Two Fingers Up,Sliding Two Fingers Down
45417,Zooming In With Two Fingers,Zooming Out With Two Fingers
14596,Swiping Left,Sliding Two Fingers Left
4228,Rolling Hand Backward,Rolling Hand Forward
65873,Sliding Two Fingers Left,Sliding Two Fingers Right
97014,Swiping Left,Swiping Right
54213,Pulling Hand In,Pulling Two Fingers In
133223,Turning Hand Clockwise,Doing other things
88153,Swiping Down,Rolling Hand Backward
128552,Shaking Hand,Swiping Left
73426,Pushing Two Fingers Away,Zooming Out With Two Fingers
5937,Pushing Two Fingers Away,No gesture
135203,Pulling Hand In,Swiping Down
93551,Sliding Two Fingers Left,Doing other things
22423,Turning Hand Clockwise,Turning Hand Counterclockwise
132123,Swiping Left,Swiping Right
66231,Zooming In With Full Hand,Zooming Out With Two Fingers
122577,Sliding Two Fingers Up,Pushing Two Fingers Away
34915,No gesture,Swiping Right
4211,Swiping Left,Swiping Right
99735,Swiping Left,Thumb Up
84458,Swiping Down,Doing other things
59353,Sliding Two Fingers Up,Doing other things
37698,Thumb Down,Doing other things
4208,Thumb Down,Pushing Two Fingers Away
69170,Drumming Fingers,Sliding Two Fingers Up
68420,Rolling Hand Forward,Rolling Hand Backward
85523,Zooming In With Two Fingers,Zooming Out With Two Fingers
14367,Swiping Right,Turning Hand Clockwise
39753,Rolling Hand Backward,Swiping Down
138680,Pushing Hand Away,Sliding Two Fingers Down
130649,Swiping Up,Shaking Hand
113546,Zooming In With Two Fingers,Doing other things
60154,Zooming In With Two Fingers,Zooming In With Full Hand
78082,Swiping Down,Rolling Hand Forward
37302,Swiping Down,No gesture
104083,Stop Sign,Pushing Hand Away
57805,Doing other things,Swiping Up
97894,Pulling Hand In,No gesture
79864,Stop Sign,Swiping Up
42806,Pulling Two Fingers In,Swiping Right
74469,Stop Sign,Swiping Down
88856,Sliding Two Fingers Right,Sliding Two Fingers Left
121434,Sliding Two Fingers Down,Shaking Hand
110356,Doing other things,Swiping Right
7930,Zooming Out With Full Hand,Doing other things
115802,Pulling Two Fingers In,Doing other things
11094,Doing other things,Thumb Down
31095,Pushing Hand Away,Stop Sign
40989,Zooming Out With Full Hand,Swiping Down
114401,Pulling Hand In,Doing other things
44607,Sliding Two Fingers Left,Swiping Right
110969,Zooming Out With Full Hand,Zooming In With Two Fingers
126889,Doing other things,Rolling Hand Forward
7144,Sliding Two Fingers Down,Doing other things
38117,Sliding Two Fingers Down,Swiping Up
107224,Rolling Hand Forward,Rolling Hand Backward
131882,Zooming In With Two Fingers,Zooming Out With Two Fingers
112675,Swiping Left,Sliding Two Fingers Left
118364,Swiping Right,Sliding Two Fingers Left
123484,Sliding Two Fingers Up,Swiping Down
104196,Swiping Left,No gesture
117323,Thumb Down,Swiping Down
13820,Pulling Two Fingers In,Pulling Hand In
128876,Sliding Two Fingers Right,Swiping Right
99208,Swiping Down,Drumming Fingers
7450,Rolling Hand Backward,Rolling Hand Forward
93990,Zooming In With Full Hand,Zooming Out With Full Hand
119502,No gesture,Zooming Out With Two Fingers
142421,Shaking Hand,Swiping Down
27865,Sliding Two Fingers Left,Zooming Out With Full Hand
133262,Swiping Right,Sliding Two Fingers Right
36156,Zooming In With Two Fingers,Doing other things
90661,Zooming In With Two Fingers,Doing other things
83328,Pulling Two Fingers In,Pulling Hand In
111382,Zooming Out With Two Fingers,Zooming In With Two Fingers
38641,Doing other things,No gesture
14054,Doing other things,Shaking Hand
116489,Doing other things,Rolling Hand Backward
9539,No gesture,Swiping Right
94367,Pushing Hand Away,Doing other things
138740,Zooming In With Full Hand,Pulling Two Fingers In
93134,Sliding Two Fingers Right,Doing other things
134232,Shaking Hand,Swiping Up
81339,Pushing Hand Away,Stop Sign
10186,Stop Sign,Shaking Hand
120963,Sliding Two Fingers Left,Sliding Two Fingers Right
29779,Sliding Two Fingers Right,No gesture
123389,Swiping Left,Rolling Hand Backward
107979,Turning Hand Counterclockwise,Turning Hand Clockwise
60451,Turning Hand Counterclockwise,Shaking Hand
43180,Zooming Out With Full Hand,Zooming In With Full Hand
141778,Stop Sign,Swiping Down
86489,Turning Hand Counterclockwise,Thumb Down
73359,Pushing Hand Away,Swiping Down
74058,Sliding Two Fingers Down,Sliding Two Fingers Up
132686,Sliding Two Fingers Right,Doing other things
76015,Doing other things,Swiping Up
82606,Sliding Two Fingers Right,Swiping Right
39020,Swiping Right,Doing other things
137787,No gesture,Doing other things
58129,Sliding Two Fingers Left,Sliding Two Fingers Right
48122,Swiping Right,Swiping Left
61132,Swiping Down,Drumming Fingers
58919,Sliding Two Fingers Down,Sliding Two Fingers Up
69363,Pushing Hand Away,Sliding Two Fingers Right
23725,Sliding Two Fingers Left,Sliding Two Fingers Right
57931,Sliding Two Fingers Up,Sliding Two Fingers Down
108644,Sliding Two Fingers Right,Sliding Two Fingers Left
83506,Zooming In With Two Fingers,Zooming Out With Two Fingers
21361,Shaking Hand,Turning Hand Counterclockwise
44697,Sliding Two Fingers Left,Doing other things
10263,Sliding Two Fingers Down,Pushing Two Fingers Away
145096,Shaking Hand,Sliding Two Fingers Down
117658,Sliding Two Fingers Up,Pushing Two Fingers Away
104517,Pulling Two Fingers In,Doing other things
78116,Doing other things,Rolling Hand Forward
42114,Sliding Two Fingers Right,No gesture
58951,Sliding Two Fingers Left,No gesture
49462,Pushing Hand Away,Stop Sign
80400,Rolling Hand Backward,Swiping Up
108340,Zooming In With Full Hand,Zooming Out With Full Hand
34329,Rolling Hand Backward,Rolling Hand Forward
46428,Doing other things,Zooming Out With Full Hand
23662,Thumb Up,Doing other things
145970,Zooming In With Full Hand,Shaking Hand
140312,Sliding Two Fingers Down,Drumming Fingers
54211,Stop Sign,Pushing Hand Away
69182,Turning Hand Clockwise,Turning Hand Counterclockwise
139507,Swiping Right,Swiping Left
40075,Zooming Out With Full Hand,Zooming Out With Two Fingers
37609,Zooming In With Full Hand,Zooming Out With Full Hand
5372,Swiping Up,Pulling Hand In
50112,Pushing Hand Away,Doing other things
122649,Swiping Right,Pulling Two Fingers In
117595,Pulling Hand In,Stop Sign
133642,Swiping Left,Sliding Two Fingers Left
142371,Sliding Two Fingers Up,Drumming Fingers
132839,Stop Sign,Pushing Hand Away
11099,Shaking Hand,Doing other things
99994,Doing other things,Pushing Hand Away
69966,Rolling Hand Forward,Rolling Hand Backward
29896,Drumming Fingers,Pulling Hand In
21335,Swiping Down,Sliding Two Fingers Down
48716,Pulling Hand In,Doing other things
132231,Doing other things,Swiping Up
141034,Swiping Down,Pushing Hand Away
83300,Zooming Out With Full Hand,Zooming Out With Two Fingers
58693,Sliding Two Fingers Right,Sliding Two Fingers Left
28813,Shaking Hand,Turning Hand Clockwise
137295,Swiping Left,Sliding Two Fingers Right
40985,Zooming Out With Two Fingers,Zooming In With Two Fingers
49683,Swiping Up,Pulling Hand In
111141,Swiping Down,Stop Sign
99126,Pulling Hand In,Turning Hand Counterclockwise
90705,Swiping Up,Pulling Hand In
98884,Drumming Fingers,Doing other things
105657,Zooming Out With Two Fingers,Zooming In With Two Fingers
35514,Zooming In With Two Fingers,Zooming Out With Two Fingers
127902,Swiping Down,Drumming Fingers
90094,Zooming Out With Two Fingers,Zooming In With Two Fingers
69421,Doing other things,Swiping Up
53821,Sliding Two Fingers Up,Sliding Two Fingers Down
134253,Swiping Down,Thumb Up
82268,Zooming In With Two Fingers,Zooming Out With Two Fingers
25781,Turning Hand Clockwise,Turning Hand Counterclockwise
131791,Sliding Two Fingers Down,Sliding Two Fingers Up
61352,Doing other things,Turning Hand Clockwise
28890,Rolling Hand Forward,Rolling Hand Backward
5289,Shaking Hand,Thumb Down
9145,Sliding Two Fingers Up,Pushing Two Fingers Away
80600,Sliding Two Fingers Left,Swiping Right
65111,Swiping Left,Shaking Hand
23958,Rolling Hand Forward,Swiping Down
90382,Swiping Down,Pulling Two Fingers In
103660,Swiping Left,Swiping Right
38557,Zooming In With Two Fingers,Zooming Out With Two Fingers
93287,Zooming Out With Full Hand,Zooming In With Full Hand
3132,Turning Hand Clockwise,Turning Hand Counterclockwise
75984,Zooming Out With Two Fingers,Zooming Out With Full Hand
140122,Sliding Two Fingers Down,Sliding Two Fingers Up
80795,Pulling Two Fingers In,Sliding Two Fingers Up
30461,Rolling Hand Forward,Swiping Left
129211,No gesture,Pulling Two Fingers In
24932,Zooming In With Two Fingers,Zooming Out With Two Fingers
69647,Sliding Two Fingers Down,No gesture
46460,Pulling Two Fingers In,Doing other things
135700,Sliding Two Fingers Up,Swiping Up
35144,Stop Sign,Pushing Hand Away
72337,Zooming In With Full Hand,Zooming In With Two Fingers
8881,Doing other things,Pushing Hand Away
31193,Drumming Fingers,Swiping Up
125416,Pushing Two Fingers Away,Pulling Hand In
39581,Zooming In With Full Hand,Zooming Out With Full Hand
59563,Zooming Out With Full Hand,Zooming In With Full Hand
72998,No gesture,Swiping Right
136931,Swiping Left,Swiping Right
69593,Pushing Two Fingers Away,Zooming Out With Two Fingers
97429,Zooming In With Full Hand,Drumming Fingers
73561,Rolling Hand Backward,Rolling Hand Forward
88982,Zooming In With Two Fingers,Zooming In With Full Hand
36349,Turning Hand Clockwise,Turning Hand Counterclockwise
124323,Shaking Hand,Swiping Left
70205,Swiping Down,No gesture
135529,Zooming In With Two Fingers,Zooming Out With Two Fingers
77430,Zooming Out With Two Fingers,Zooming In With Two Fingers
103741,Doing other things,Shaking Hand
138451,Thumb Up,Pulling Two Fingers In
137368,Swiping Down,Swiping Left
134301,Swiping Left,Doing other things
143492,Sliding Two Fingers Up,No gesture
19302,Sliding Two Fingers Left,Sliding Two Fingers Right
55345,Swiping Left,Sliding Two Fingers Right
82596,Swiping Up,No gesture
94802,Rolling Hand Forward,Doing other things
139414,No gesture,Pulling Two Fingers In
53445,Zooming Out With Two Fingers,Zooming In With Two Fingers
115322,Zooming In With Two Fingers,Zooming Out With Two Fingers
119325,Zooming Out With Two Fingers,Sliding Two Fingers Down
41507,Pulling Hand In,Swiping Up
45659,Turning Hand Clockwise,Turning Hand Counterclockwise
54602,Zooming Out With Two Fingers,Zooming In With Two Fingers
114238,Sliding Two Fingers Left,Shaking Hand
5021,Turning Hand Clockwise,Turning Hand Counterclockwise
18215,No gesture,Doing other things
9640,No gesture,Sliding Two Fingers Right
44350,Zooming In With Two Fingers,Zooming Out With Full Hand
35321,Rolling Hand Backward,Swiping Down
147598,Pushing Hand Away,Stop Sign
134707,Turning Hand Counterclockwise,Turning Hand Clockwise
58290,Sliding Two Fingers Up,Swiping Down
66611,Sliding Two Fingers Left,Doing other things
121436,Zooming Out With Two Fingers,Swiping Down
114764,Pushing Hand Away,Stop Sign
69583,Swiping Up,Swiping Left
55861,Pulling Hand In,Thumb Up
146999,No gesture,Swiping Down
63838,Drumming Fingers,Swiping Right
26423,Shaking Hand,No gesture
53991,Stop Sign,Pushing Hand Away
72428,Thumb Up,Doing other things
98716,Zooming Out With Two Fingers,Pushing Two Fingers Away
107514,Stop Sign,Pushing Hand Away
2722,Sliding Two Fingers Down,Sliding Two Fingers Up
114078,Sliding Two Fingers Right,No gesture
131349,Swiping Down,Thumb Down
115277,Zooming Out With Two Fingers,Zooming In With Two Fingers
135249,Swiping Right,Sliding Two Fingers Right
89785,Pushing Hand Away,Stop Sign
136525,Sliding Two Fingers Right,Doing other things
21338,Sliding Two Fingers Right,Swiping Up
1721,Sliding Two Fingers Right,Swiping Down
9018,Sliding Two Fingers Down,Drumming Fingers
92248,Sliding Two Fingers Right,Sliding Two Fingers Left
79445,Zooming Out With Full Hand,Zooming In With Full Hand
37801,Sliding Two Fingers Right,No gesture
101425,No gesture,Swiping Up
51137,Doing other things,No gesture
82458,Zooming In With Two Fingers,Zooming Out With Two Fingers
2486,Sliding Two Fingers Down,Zooming Out With Two Fingers
65848,Swiping Right,Pulling Hand In
71502,Shaking Hand,Turning Hand Counterclockwise
77100,Drumming Fingers,Swiping Down
138081,No gesture,Sliding Two Fingers Left
37602,Zooming Out With Full Hand,Zooming In With Full Hand
94314,Swiping Left,Swiping Right
38702,Doing other things,Thumb Down
7908,Swiping Left,Shaking Hand
20885,Swiping Right,Sliding Two Fingers Right
35469,Swiping Right,Swiping Left
123238,Zooming In With Full Hand,Zooming Out With Full Hand
83052,Doing other things,Zooming In With Full Hand
57390,No gesture,Swiping Up
5728,Pushing Two Fingers Away,Pulling Two Fingers In
83072,Pulling Hand In,Pushing Hand Away
38245,Zooming In With Full Hand,Pulling Two Fingers In
108114,Pulling Two Fingers In,No gesture
51276,Zooming In With Two Fingers,Zooming Out With Two Fingers
49244,Swiping Up,Swiping Left
100006,Swiping Down,Swiping Left
137618,Stop Sign,Pushing Hand Away
33358,Pushing Two Fingers Away,Doing other things
3037,Sliding Two Fingers Right,Turning Hand Clockwise
103490,Swiping Right,Doing other things
73132,No gesture,Doing other things
137041,Zooming Out With Full Hand,Pushing Two Fingers Away
113210,Rolling Hand Backward,Rolling Hand Forward
112206,Sliding Two Fingers Right,Swiping Down
4252,Turning Hand Counterclockwise,Pulling Hand In
134969,Zooming In With Full Hand,Zooming Out With Full Hand
107707,Sliding Two Fingers Right,Sliding Two Fingers Left
57652,Sliding Two Fingers Down,No gesture
22075,Sliding Two Fingers Down,Swiping Down
95303,Pushing Two Fingers Away,Pushing Hand Away
117432,Zooming Out With Two Fingers,Zooming In With Two Fingers
107374,Sliding Two Fingers Right,No gesture
44531,Rolling Hand Forward,Doing other things
139997,Pulling Hand In,Swiping Right
80455,Swiping Left,Swiping Right
135122,Rolling Hand Backward,Rolling Hand Forward
133259,Sliding Two Fingers Left,Swiping Left
132486,Zooming In With Full Hand,Doing other things
29596,Sliding Two Fingers Right,Rolling Hand Backward
80466,Turning Hand Clockwise,Pushing Hand Away
17799,Zooming In With Full Hand,Zooming Out With Full Hand
62294,Pulling Two Fingers In,Rolling Hand Backward
59335,Thumb Down,Sliding Two Fingers Right
27007,Swiping Up,No gesture
71900,Pushing Hand Away,Stop Sign
102243,Sliding Two Fingers Up,Sliding Two Fingers Down
100353,Zooming Out With Two Fingers,Doing other things
52883,Pushing Two Fingers Away,No gesture
19339,Sliding Two Fingers Up,Sliding Two Fingers Down
128231,Sliding Two Fingers Up,Sliding Two Fingers Down
91357,Swiping Up,Swiping Down
47339,Stop Sign,Pushing Hand Away
124601,Swiping Up,Turning Hand Counterclockwise
143213,Shaking Hand,Swiping Down
30018,No gesture,Doing other things
128443,Pushing Hand Away,Stop Sign
47505,Shaking Hand,Swiping Right
98110,Rolling Hand Forward,Rolling Hand Backward
116358,Rolling Hand Backward,No gesture
48981,Rolling Hand Backward,Rolling Hand Forward
133060,Rolling Hand Forward,Rolling Hand Backward
15250,Thumb Up,Sliding Two Fingers Left
147935,Pulling Hand In,Doing other things
11327,Sliding Two Fingers Right,Pushing Two Fingers Away
145881,Zooming In With Full Hand,Zooming Out With Full Hand
67003,Rolling Hand Backward,Rolling Hand Forward
50647,Sliding Two Fingers Left,Thumb Up
3561,Rolling Hand Forward,Rolling Hand Backward
46184,Sliding Two Fingers Left,Swiping Left
17734,Rolling Hand Forward,Doing other things
31182,Swiping Left,Doing other things
143080,Rolling Hand Backward,Doing other things
78520,Swiping Right,No gesture
55962,Sliding Two Fingers Left,Swiping Right
140978,No gesture,Doing other things
86156,Stop Sign,Shaking Hand
23808,Swiping Right,Doing other things
47749,Swiping Left,Swiping Up
78117,Sliding Two Fingers Down,Swiping Down
47472,Sliding Two Fingers Down,Swiping Down
130927,No gesture,Swiping Down
114624,Shaking Hand,Turning Hand Counterclockwise
17505,Thumb Up,Turning Hand Clockwise
132752,Swiping Right,Swiping Left
42849,Zooming Out With Full Hand,Shaking Hand
71836,Swiping Up,Turning Hand Counterclockwise
124553,Doing other things,No gesture
61307,Swiping Down,Doing other things
112304,Sliding Two Fingers Down,Sliding Two Fingers Up
60546,Zooming Out With Two Fingers,Doing other things
135407,Swiping Left,Thumb Up
72395,Thumb Up,Doing other things
58803,Pulling Hand In,Pulling Two Fingers In
73488,Rolling Hand Backward,Swiping Down
19123,Zooming Out With Full Hand,Zooming In With Full Hand
32392,Sliding Two Fingers Down,Swiping Down
78886,Drumming Fingers,Sliding Two Fingers Right
42771,Zooming Out With Full Hand,Pushing Hand Away
77810,Zooming In With Two Fingers,Zooming Out With Two Fingers
10048,Stop Sign,Swiping Down
191,Zooming Out With Full Hand,Zooming In With Full Hand
146650,Turning Hand Counterclockwise,Turning Hand Clockwise
25445,No gesture,Pulling Hand In
2462,Swiping Left,Sliding Two Fingers Right
130615,Pulling Hand In,Pushing Hand Away
135721,Pulling Hand In,Doing other things
47145,Turning Hand Counterclockwise,Drumming Fingers
142166,Swiping Down,Drumming Fingers
35230,Sliding Two Fingers Up,Zooming Out With Full Hand
116783,Doing other things,Swiping Right
144628,Pushing Hand Away,Doing other things
83539,Rolling Hand Forward,Rolling Hand Backward
51585,Pushing Two Fingers Away,Pulling Two Fingers In
129135,Stop Sign,Pushing Hand Away
95381,Stop Sign,Pushing Hand Away
87169,Sliding Two Fingers Up,Doing other things
128559,Swiping Down,Thumb Down
32354,Swiping Right,No gesture
97684,Turning Hand Clockwise,Zooming Out With Full Hand
115533,Sliding Two Fingers Right,Rolling Hand Backward
32821,Sliding Two Fingers Left,Swiping Right
99793,Pulling Hand In,Swiping Up
58223,Doing other things,Drumming Fingers
134954,Swiping Right,Swiping Left
67880,Rolling Hand Forward,Rolling Hand Backward
38534,Doing other things,Swiping Left
140060,Zooming In With Full Hand,Zooming Out With Full Hand
62195,Stop Sign,Swiping Down
56305,Zooming In With Full Hand,Shaking Hand
122832,Rolling Hand Forward,Rolling Hand Backward
450,Rolling Hand Forward,Rolling Hand Backward
127639,Zooming Out With Two Fingers,Doing other things
47027,Pulling Hand In,Turning Hand Counterclockwise
58229,Sliding Two Fingers Right,Sliding Two Fingers Left
46747,Swiping Left,Turning Hand Clockwise
145785,Sliding Two Fingers Down,Doing other things
146439,Zooming Out With Two Fingers,Zooming In With Two Fingers
127170,Rolling Hand Backward,Rolling Hand Forward
26162,Sliding Two Fingers Down,Swiping Down
87087,Doing other things,Zooming In With Full Hand
109623,Pulling Two Fingers In,Doing other things
25301,Zooming Out With Two Fingers,Swiping Right
98428,Drumming Fingers,Shaking Hand
40554,Zooming Out With Two Fingers,Sliding Two Fingers Right
90725,Zooming In With Two Fingers,Zooming In With Full Hand
124279,No gesture,Shaking Hand
97406,Doing other things,Rolling Hand Backward
43541,Swiping Right,Sliding Two Fingers Left
143189,Zooming Out With Full Hand,Zooming In With Full Hand
109249,No gesture,Swiping Down
38136,Pulling Hand In,Pulling Two Fingers In
103317,Sliding Two Fingers Left,Swiping Left
37850,Swiping Up,Swiping Down
76585,Shaking Hand,Zooming In With Full Hand
130187,Zooming Out With Full Hand,Zooming In With Full Hand
93145,Sliding Two Fingers Left,Swiping Left
94103,No gesture,Swiping Right
61260,Rolling Hand Backward,Zooming Out With Full Hand
120695,Pulling Two Fingers In,Doing other things
6171,Doing other things,Rolling Hand Forward
25607,Turning Hand Clockwise,Turning Hand Counterclockwise
110915,Swiping Down,No gesture
32777,Rolling Hand Backward,Rolling Hand Forward
23262,Sliding Two Fingers Up,Sliding Two Fingers Down
32305,Rolling Hand Backward,Rolling Hand Forward
125043,Sliding Two Fingers Right,Turning Hand Counterclockwise
50512,No gesture,Doing other things
138364,Sliding Two Fingers Up,Pushing Two Fingers Away
52298,Zooming In With Two Fingers,Doing other things
132035,Pulling Two Fingers In,Pulling Hand In
85390,Zooming Out With Two Fingers,Sliding Two Fingers Up
10575,Zooming Out With Full Hand,Swiping Down
121194,Turning Hand Clockwise,Turning Hand Counterclockwise
52108,Stop Sign,Pushing Hand Away
43905,Pulling Hand In,No gesture
40379,Zooming Out With Full Hand,Zooming In With Full Hand
62933,Pulling Hand In,Sliding Two Fingers Down
134757,Turning Hand Counterclockwise,Shaking Hand
53957,Sliding Two Fingers Right,Sliding Two Fingers Left
124333,Pulling Hand In,Pulling Two Fingers In
115435,Sliding Two Fingers Up,Thumb Down
112133,Sliding Two Fingers Left,Swiping Right
62376,Swiping Down,No gesture
101991,Rolling Hand Backward,Rolling Hand Forward
24227,Stop Sign,Pushing Hand Away
38359,Drumming Fingers,Rolling Hand Forward
67822,Sliding Two Fingers Down,Swiping Down
122586,Turning Hand Clockwise,Turning Hand Counterclockwise
101584,Sliding Two Fingers Left,Swiping Right
72537,Doing other things,No gesture
59987,Rolling Hand Backward,Rolling Hand Forward
106274,Zooming In With Two Fingers,Turning Hand Counterclockwise
141358,Stop Sign,Zooming Out With Full Hand
136829,Swiping Left,Zooming Out With Full Hand
66625,Shaking Hand,No gesture
19080,Pulling Hand In,Stop Sign
16539,Zooming In With Full Hand,Shaking Hand
78238,Swiping Right,No gesture
23305,Pushing Hand Away,Stop Sign
33594,Turning Hand Counterclockwise,Shaking Hand
90836,Pushing Two Fingers Away,Pushing Hand Away
125269,Sliding Two Fingers Left,Swiping Left
19019,Sliding Two Fingers Up,Zooming Out With Two Fingers
43602,Turning Hand Clockwise,Turning Hand Counterclockwise
67061,Sliding Two Fingers Left,Sliding Two Fingers Right
148033,Pulling Hand In,Pulling Two Fingers In
90825,Stop Sign,Pushing Hand Away
143910,Thumb Down,Doing other things
106940,Sliding Two Fingers Up,Sliding Two Fingers Down
6054,Rolling Hand Backward,Rolling Hand Forward
109415,Turning Hand Counterclockwise,Turning Hand Clockwise
35103,Rolling Hand Forward,Doing other things
114351,Rolling Hand Backward,No gesture
100021,Sliding Two Fingers Up,Sliding Two Fingers Down
15627,Doing other things,Zooming Out With Two Fingers
102731,Sliding Two Fingers Up,Drumming Fingers
114532,Pulling Two Fingers In,Thumb Up
85230,Swiping Right,Rolling Hand Backward
37363,Swiping Right,Doing other things
146667,Pulling Hand In,Thumb Up
72579,Pulling Two Fingers In,Thumb Up
146541,Zooming In With Full Hand,Turning Hand Clockwise
84755,Zooming Out With Two Fingers,Zooming In With Two Fingers
18209,Pulling Two Fingers In,Doing other things
17924,No gesture,Swiping Up
87963,Doing other things,Thumb Up
81931,No gesture,Sliding Two Fingers Right
120051,Sliding Two Fingers Up,Zooming Out With Two Fingers
53511,Pulling Two Fingers In,Pulling Hand In
138595,Pulling Hand In,Swiping Up
51923,Swiping Left,Doing other things
71280,Swiping Right,Shaking Hand
116374,Zooming In With Two Fingers,Zooming Out With Two Fingers
16142,Swiping Right,Swiping Left
31103,Rolling Hand Backward,Rolling Hand Forward
24094,Zooming Out With Full Hand,Doing other things
101313,Pulling Hand In,Drumming Fingers
38644,Swiping Left,Swiping Right
143842,Sliding Two Fingers Down,No gesture
147874,Sliding Two Fingers Down,Drumming Fingers
73095,Rolling Hand Forward,Rolling Hand Backward
10767,Doing other things,Pulling Two Fingers In
135885,Swiping Up,Turning Hand Counterclockwise
119479,Sliding Two Fingers Up,Pushing Two Fingers Away
125545,Shaking Hand,Turning Hand Counterclockwise
103279,Turning Hand Clockwise,Shaking Hand
116920,No gesture,Doing other things
56643,Sliding Two Fingers Right,Sliding Two Fingers Left
16742,Pushing Hand Away,Zooming In With Full Hand
1231,Swiping Right,Swiping Left
63369,Sliding Two Fingers Down,Drumming Fingers
116645,Turning Hand Clockwise,Shaking Hand
117181,Zooming In With Two Fingers,Zooming Out With Two Fingers
35559,No gesture,Doing other things
64139,Sliding Two Fingers Right,Swiping Left
61725,Rolling Hand Forward,Rolling Hand Backward
140727,Sliding Two Fingers Up,Swiping Down
103244,Turning Hand Clockwise,Sliding Two Fingers Right
83463,Rolling Hand Forward,No gesture
27964,Rolling Hand Forward,Swiping Down
5711,Zooming Out With Full Hand,Shaking Hand
8100,Pulling Hand In,No gesture
140185,Swiping Right,Rolling Hand Forward
60557,Swiping Up,Swiping Right
109559,Sliding Two Fingers Right,Rolling Hand Backward
68024,Swiping Right,No gesture
32317,Zooming Out With Two Fingers,Zooming Out With Full Hand
139177,Sliding Two Fingers Left,Sliding Two Fingers Right
119163,Swiping Left,No gesture
60918,Swiping Right,No gesture
70870,Turning Hand Clockwise,Turning Hand Counterclockwise
108881,Turning Hand Counterclockwise,Thumb Up
135589,Sliding Two Fingers Up,Sliding Two Fingers Down
147818,Turning Hand Counterclockwise,Turning Hand Clockwise
60476,Doing other things,Swiping Right
129787,Sliding Two Fingers Up,Swiping Down
100075,Swiping Right,No gesture
98320,Thumb Up,Doing other things
69977,Doing other things,Thumb Up
58613,Pulling Two Fingers In,Pushing Hand Away
63554,Swiping Up,No gesture
328,Zooming Out With Two Fingers,Doing other things
130304,Sliding Two Fingers Up,Pushing Two Fingers Away
125898,Pulling Hand In,No gesture
26637,Sliding Two Fingers Left,Sliding Two Fingers Right
42810,Pushing Hand Away,Stop Sign
53349,Rolling Hand Forward,Rolling Hand Backward
136207,Zooming Out With Full Hand,Pulling Hand In
94280,Rolling Hand Forward,No gesture
138289,Sliding Two Fingers Right,Rolling Hand Backward
118943,Zooming Out With Full Hand,Turning Hand Clockwise
105459,Doing other things,Pushing Two Fingers Away
52315,Pushing Two Fingers Away,Turning Hand Clockwise
53987,Swiping Down,Drumming Fingers
112931,Sliding Two Fingers Right,Swiping Left
90971,Sliding Two Fingers Up,Sliding Two Fingers Down
140993,Zooming Out With Two Fingers,Zooming In With Two Fingers
23617,Swiping Right,Sliding Two Fingers Right
127425,Zooming In With Full Hand,Zooming Out With Full Hand
104884,Zooming In With Two Fingers,Zooming Out With Two Fingers
101808,Pulling Hand In,No gesture
34265,Sliding Two Fingers Up,No gesture
88010,Swiping Down,Stop Sign
119835,Swiping Up,Swiping Down
70616,Sliding Two Fingers Down,Pulling Two Fingers In
117305,Zooming In With Two Fingers,Zooming Out With Two Fingers
43574,Thumb Down,Swiping Down
75396,Turning Hand Clockwise,Turning Hand Counterclockwise
109757,No gesture,Pulling Hand In
76074,Zooming Out With Two Fingers,Zooming In With Two Fingers
74455,Sliding Two Fingers Left,Swiping Right
32102,Zooming In With Two Fingers,Zooming Out With Two Fingers
17635,Sliding Two Fingers Down,Swiping Up
59784,Doing other things,Turning Hand Counterclockwise
20955,Zooming Out With Two Fingers,Doing other things
53186,Sliding Two Fingers Up,Drumming Fingers
82276,Turning Hand Counterclockwise,Pulling Hand In
54982,Zooming In With Full Hand,Zooming Out With Full Hand
57205,Swiping Left,Swiping Right
110036,Turning Hand Clockwise,Turning Hand Counterclockwise
115335,Pulling Two Fingers In,Pulling Hand In
85458,Zooming In With Full Hand,Swiping Down
104443,Zooming In With Two Fingers,Doing other things
56149,Rolling Hand Forward,Rolling Hand Backward
70493,Rolling Hand Forward,Rolling Hand Backward
70195,Thumb Up,Doing other things
5295,Zooming Out With Two Fingers,Sliding Two Fingers Left
91805,Swiping Down,No gesture
108659,Sliding Two Fingers Down,Sliding Two Fingers Up
21657,Pulling Two Fingers In,Thumb Up
8446,Zooming Out With Full Hand,Zooming In With Full Hand
132876,Sliding Two Fingers Up,Zooming In With Two Fingers
37019,Sliding Two Fingers Down,Pushing Two Fingers Away
42194,Doing other things,Thumb Down
55292,Pulling Two Fingers In,Zooming In With Two Fingers
78250,Pushing Hand Away,Shaking Hand
38572,Zooming In With Two Fingers,Zooming Out With Two Fingers
119753,Pushing Hand Away,Stop Sign
33346,No gesture,Thumb Down
3652,Rolling Hand Forward,Rolling Hand Backward
139821,Sliding Two Fingers Left,Sliding Two Fingers Right
139536,Swiping Down,Doing other things
40091,Swiping Down,Rolling Hand Forward
83799,Drumming Fingers,Thumb Up
81109,Swiping Up,Swiping Left
46736,Turning Hand Clockwise,No gesture
33315,Pushing Two Fingers Away,Sliding Two Fingers Down
5072,Pulling Two Fingers In,Doing other things
49074,Zooming In With Full Hand,Thumb Down
123412,Pulling Hand In,Pulling Two Fingers In
37148,Swiping Left,No gesture
19050,Zooming In With Two Fingers,Zooming Out With Two Fingers
114618,Swiping Down,Swiping Left
99489,Sliding Two Fingers Down,Pushing Two Fingers Away
41703,Shaking Hand,No gesture
47298,Zooming In With Two Fingers,Zooming Out With Full Hand
147217,Swiping Right,Swiping Left
86740,No gesture,Doing other things
39659,Pulling Hand In,Thumb Up
15675,Sliding Two Fingers Up,Pushing Two Fingers Away
144480,Rolling Hand Forward,Rolling Hand Backward
34403,Turning Hand Clockwise,Turning Hand Counterclockwise
13116,Zooming Out With Full Hand,Turning Hand Clockwise
141290,Sliding Two Fingers Left,No gesture
70775,Doing other things,No gesture
18405,Zooming Out With Two Fingers,Swiping Up
112758,Swiping Down,No gesture
120329,Zooming In With Full Hand,Turning Hand Counterclockwise
115238,Rolling Hand Backward,Swiping Down
148080,Doing other things,Rolling Hand Backward
85080,Sliding Two Fingers Left,Sliding Two Fingers Right
89837,Rolling Hand Forward,Rolling Hand Backward
53847,Shaking Hand,Zooming Out With Full Hand
77271,Shaking Hand,Pushing Hand Away
138928,Pushing Two Fingers Away,Sliding Two Fingers Down
64436,Swiping Up,Pulling Hand In
119937,Zooming Out With Full Hand,Shaking Hand
28588,Sliding Two Fingers Down,Swiping Down
75824,Sliding Two Fingers Down,Sliding Two Fingers Up
118084,Sliding Two Fingers Down,Pushing Two Fingers Away
92816,Swiping Left,No gesture
99035,No gesture,Doing other things
141727,Pushing Two Fingers Away,Thumb Up
70534,Sliding Two Fingers Down,No gesture
72100,Sliding Two Fingers Left,Turning Hand Clockwise
9035,Thumb Up,Swiping Left
24772,No gesture,Doing other things
126834,Pushing Hand Away,Sliding Two Fingers Up
13822,Pulling Hand In,Zooming Out With Two Fingers
971,Zooming In With Full Hand,Zooming Out With Two Fingers
46223,Sliding Two Fingers Down,Doing other things
8723,Doing other things,Swiping Down
122863,Swiping Right,Doing other things
139431,Stop Sign,Pushing Hand Away
27987,Doing other things,Thumb Up
44039,Zooming In With Full Hand,Turning Hand Counterclockwise
138160,Swiping Right,Pulling Two Fingers In
81924,Sliding Two Fingers Down,Doing other things
74978,Sliding Two Fingers Left,Sliding Two Fingers Right
58300,Sliding Two Fingers Left,Sliding Two Fingers Right
64749,Sliding Two Fingers Right,No gesture
146354,Pulling Hand In,Thumb Up
108012,Shaking Hand,Zooming In With Two Fingers
130622,Shaking Hand,Rolling Hand Backward
25497,Pushing Two Fingers Away,Zooming Out With Two Fingers
92252,Swiping Right,Sliding Two Fingers Right
11679,Swiping Right,No gesture
38622,Sliding Two Fingers Down,Doing other things
379,Rolling Hand Backward,Thumb Down
39888,Swiping Down,Sliding Two Fingers Down
14326,Turning Hand Clockwise,Swiping Right
121938,No gesture,Doing other things
97026,Pulling Hand In,Drumming Fingers
83913,Swiping Down,Turning Hand Clockwise
45320,Sliding Two Fingers Left,Sliding Two Fingers Right
74031,Rolling Hand Backward,Rolling Hand Forward
21989,Turning Hand Counterclockwise,Shaking Hand
111956,Sliding Two Fingers Right,Rolling Hand Forward
137505,Pushing Two Fingers Away,Doing other things
55802,Rolling Hand Forward,Rolling Hand Backward
96372,Swiping Right,Swiping Left
68497,Turning Hand Clockwise,Shaking Hand
28391,Stop Sign,Swiping Down
88286,Doing other things,Zooming Out With Two Fingers
2135,Swiping Left,Sliding Two Fingers Right
61770,Turning Hand Clockwise,Doing other things
31717,Sliding Two Fingers Left,No gesture
113031,Pushing Hand Away,Stop Sign
71071,Zooming In With Full Hand,Turning Hand Clockwise
11028,Sliding Two Fingers Left,Sliding Two Fingers Right
134850,Stop Sign,Pushing Hand Away
62506,Thumb Down,Rolling Hand Forward
88388,Sliding Two Fingers Left,Pulling Two Fingers In
82920,Drumming Fingers,Pulling Hand In
136423,Swiping Right,Zooming In With Full Hand
105234,Zooming Out With Full Hand,Zooming In With Full Hand
33655,Stop Sign,Swiping Down
61501,Swiping Up,Pushing Two Fingers Away
147321,Pushing Hand Away,Shaking Hand
124479,Swiping Down,Drumming Fingers
27816,Sliding Two Fingers Left,Sliding Two Fingers Right
102327,Zooming Out With Two Fingers,Zooming In With Two Fingers
69995,Rolling Hand Forward,Rolling Hand Backward
25290,Pulling Hand In,Turning Hand Clockwise
80909,Thumb Up,Swiping Left
134616,Sliding Two Fingers Down,No gesture
108756,Pulling Hand In,Swiping Up
57189,Doing other things,Pulling Two Fingers In
11616,Zooming In With Full Hand,Doing other things
117081,Swiping Down,Rolling Hand Backward
105354,Sliding Two Fingers Right,No gesture
34802,Pulling Hand In,Thumb Up
136265,Doing other things,Shaking Hand
84256,Pulling Two Fingers In,Pushing Hand Away
85354,Turning Hand Clockwise,Turning Hand Counterclockwise
28758,Turning Hand Clockwise,Turning Hand Counterclockwise
8506,Sliding Two Fingers Left,Thumb Up
5718,Rolling Hand Forward,Rolling Hand Backward
127939,Stop Sign,Pushing Hand Away
15801,Pulling Two Fingers In,Pulling Hand In
67020,Sliding Two Fingers Left,Sliding Two Fingers Right
107066,Rolling Hand Forward,Rolling Hand Backward
20194,Rolling Hand Forward,Rolling Hand Backward
101964,Zooming In With Two Fingers,Sliding Two Fingers Down
93655,Doing other things,No gesture
57139,Turning Hand Counterclockwise,Shaking Hand
68816,Sliding Two Fingers Right,Swiping Right
7804,Swiping Right,No gesture
57156,Pulling Two Fingers In,Shaking Hand
14405,Zooming In With Full Hand,Zooming Out With Full Hand
103185,Swiping Down,Thumb Up
16546,Sliding Two Fingers Up,Drumming Fingers
78861,Sliding Two Fingers Left,Sliding Two Fingers Right
39587,Zooming Out With Full Hand,Pulling Two Fingers In
30465,Swiping Down,No gesture
101047,Pulling Hand In,Swiping Right
116110,Zooming Out With Full Hand,Zooming In With Full Hand
132602,Pulling Two Fingers In,Doing other things
57354,Zooming In With Two Fingers,Zooming Out With Two Fingers
101346,Sliding Two Fingers Left,Sliding Two Fingers Right
129467,Turning Hand Clockwise,Doing other things
24120,Sliding Two Fingers Down,Pulling Two Fingers In
38138,Doing other things,No gesture
30870,Doing other things,Zooming In With Full Hand
31248,Rolling Hand Forward,Swiping Down
145343,Pushing Two Fingers Away,Pushing Hand Away
80049,Swiping Up,Pushing Two Fingers Away
132339,Sliding Two Fingers Left,Pulling Two Fingers In
137437,Sliding Two Fingers Right,Sliding Two Fingers Left
120674,Zooming In With Two Fingers,Zooming Out With Two Fingers
133291,Sliding Two Fingers Up,Pushing Two Fingers Away
72590,Zooming Out With Full Hand,Rolling Hand Forward
57618,Pulling Hand In,No gesture
62526,No gesture,Sliding Two Fingers Down
10664,Zooming In With Full Hand,Zooming Out With Full Hand
101827,Pushing Two Fingers Away,Doing other things
52029,Sliding Two Fingers Up,Sliding Two Fingers Down
41734,Pushing Hand Away,Zooming In With Two Fingers
62129,Swiping Right,Zooming In With Full Hand
41331,Pulling Two Fingers In,Swiping Down
134993,Doing other things,Turning Hand Clockwise
44178,Rolling Hand Backward,Rolling Hand Forward
23466,Pushing Two Fingers Away,Sliding Two Fingers Down
10490,Pulling Hand In,Swiping Up
80636,Swiping Down,No gesture
96954,Sliding Two Fingers Up,Sliding Two Fingers Down
44136,Swiping Up,Pulling Hand In
101142,Sliding Two Fingers Right,Swiping Down
136148,Swiping Right,Swiping Left
60179,Sliding Two Fingers Left,Sliding Two Fingers Right
134782,Swiping Up,Swiping Down
118233,No gesture,Rolling Hand Backward
93326,Zooming In With Full Hand,Zooming In With Two Fingers
100326,Rolling Hand Backward,Rolling Hand Forward
15276,Sliding Two Fingers Right,Swiping Right
77768,Rolling Hand Backward,Rolling Hand Forward
4713,Doing other things,Swiping Up
116822,Swiping Up,Pulling Hand In
60287,Swiping Right,Swiping Left
12842,Swiping Right,Sliding Two Fingers Down
40956,Pushing Hand Away,Stop Sign
81246,Zooming In With Full Hand,Zooming Out With Full Hand
47397,Pushing Two Fingers Away,Zooming In With Two Fingers
52385,Sliding Two Fingers Left,No gesture
48115,Rolling Hand Backward,Rolling Hand Forward
29285,Swiping Right,Pulling Two Fingers In
89799,Swiping Right,Doing other things
142042,Turning Hand Clockwise,Zooming In With Full Hand
126265,Sliding Two Fingers Left,Sliding Two Fingers Right
147073,Sliding Two Fingers Left,Swiping Left
135649,Pushing Hand Away,Zooming Out With Two Fingers
3402,Sliding Two Fingers Right,Thumb Up
34435,Stop Sign,Pushing Hand Away
23485,Swiping Left,No gesture
26924,Sliding Two Fingers Right,Sliding Two Fingers Left
44865,Sliding Two Fingers Right,Sliding Two Fingers Left
112139,Rolling Hand Forward,Rolling Hand Backward
73377,Sliding Two Fingers Left,Thumb Up
145957,Thumb Down,Doing other things
3379,Sliding Two Fingers Right,Sliding Two Fingers Left
80452,Turning Hand Counterclockwise,Turning Hand Clockwise
59662,Sliding Two Fingers Right,No gesture
63880,Sliding Two Fingers Up,Pulling Hand In
47763,Sliding Two Fingers Down,Swiping Right
24700,Rolling Hand Forward,Rolling Hand Backward
83834,Swiping Down,Pushing Hand Away
51006,Sliding Two Fingers Left,Sliding Two Fingers Right
74712,Rolling Hand Forward,Rolling Hand Backward
116882,Zooming Out With Full Hand,Sliding Two Fingers Up
46079,Sliding Two Fingers Left,Pushing Two Fingers Away
96094,Pushing Two Fingers Away,Sliding Two Fingers Down
87501,Thumb Down,Swiping Right
40418,Zooming Out With Full Hand,Zooming In With Full Hand
32700,Zooming In With Two Fingers,Zooming Out With Full Hand
34053,Sliding Two Fingers Down,Rolling Hand Backward
129785,Zooming Out With Full Hand,Zooming In With Full Hand
118930,Swiping Up,Swiping Down
15618,Sliding Two Fingers Right,Doing other things
80310,Swiping Down,Swiping Left
72503,Doing other things,Thumb Down
89726,No gesture,Doing other things
36746,Sliding Two Fingers Up,Doing other things
55064,Swiping Left,Sliding Two Fingers Left
43498,No gesture,Doing other things
3901,Rolling Hand Backward,Rolling Hand Forward
37665,Shaking Hand,Zooming Out With Two Fingers
19878,Sliding Two Fingers Left,Swiping Left
112370,No gesture,Swiping Down
122384,Swiping Left,Swiping Right
10796,Swiping Up,Sliding Two Fingers Down
129019,Sliding Two Fingers Left,Sliding Two Fingers Right
31874,Stop Sign,Pushing Hand Away
128625,Zooming In With Full Hand,Shaking Hand
53325,Pulling Hand In,Swiping Right
1027,Zooming Out With Full Hand,Doing other things
137475,Swiping Right,No gesture
97651,No gesture,Doing other things
139419,Swiping Up,Pushing Two Fingers Away
54689,Pulling Hand In,No gesture
90978,Zooming Out With Two Fingers,Doing other things
121037,Zooming In With Two Fingers,Zooming Out With Two Fingers
141422,Zooming Out With Two Fingers,Zooming In With Two Fingers
15986,Swiping Up,Swiping Down
16616,Sliding Two Fingers Left,Swiping Right
101382,Swiping Up,Sliding Two Fingers Left
141195,Pulling Two Fingers In,Doing other things
101803,Rolling Hand Forward,Rolling Hand Backward
10607,Drumming Fingers,Sliding Two Fingers Down
40538,Sliding Two Fingers Right,Swiping Left
18559,Zooming Out With Two Fingers,Doing other things
69881,Sliding Two Fingers Right,Sliding Two Fingers Left
69811,Rolling Hand Forward,Rolling Hand Backward
12956,Zooming Out With Two Fingers,Zooming Out With Full Hand
51311,Rolling Hand Backward,Thumb Up
3403,Swiping Left,Pushing Two Fingers Away
101404,Swiping Up,Doing other things
4402,Zooming Out With Full Hand,Zooming In With Full Hand
53461,Zooming Out With Full Hand,Zooming In With Full Hand
83825,Turning Hand Counterclockwise,Turning Hand Clockwise
24104,Thumb Up,No gesture
129756,Swiping Up,Doing other things
65749,Sliding Two Fingers Down,Swiping Down
95228,Swiping Right,Swiping Left
130845,Zooming Out With Full Hand,Zooming In With Full Hand
86959,No gesture,Sliding Two Fingers Down
95930,Doing other things,Swiping Down
45484,Pulling Two Fingers In,Pushing Two Fingers Away
30855,Sliding Two Fingers Down,Sliding Two Fingers Up
107649,Rolling Hand Forward,Rolling Hand Backward
112677,Zooming In With Two Fingers,Zooming Out With Two Fingers
19593,Drumming Fingers,Shaking Hand
129563,Sliding Two Fingers Down,Swiping Up
128206,Swiping Down,Swiping Right
79010,Sliding Two Fingers Left,No gesture
55412,Sliding Two Fingers Up,Drumming Fingers
113634,Sliding Two Fingers Left,No gesture
146399,Turning Hand Counterclockwise,Turning Hand Clockwise
10857,Swiping Left,Swiping Right
14392,Turning Hand Clockwise,Turning Hand Counterclockwise
146672,Swiping Right,Rolling Hand Forward
88116,Turning Hand Counterclockwise,Turning Hand Clockwise
37012,Rolling Hand Backward,Rolling Hand Forward
73300,Shaking Hand,Doing other things
16073,Pushing Two Fingers Away,Swiping Up
95101,Rolling Hand Forward,Rolling Hand Backward
13055,Shaking Hand,Swiping Right
29922,Sliding Two Fingers Right,Swiping Right
9156,Doing other things,Swiping Down
2846,Sliding Two Fingers Right,Rolling Hand Forward
94121,Sliding Two Fingers Down,Swiping Left
8664,Sliding Two Fingers Down,Swiping Right
27872,Turning Hand Counterclockwise,Turning Hand Clockwise
97029,Turning Hand Clockwise,Shaking Hand
5276,Zooming Out With Full Hand,Swiping Down
148032,Doing other things,Pulling Two Fingers In
81407,Zooming Out With Two Fingers,Zooming In With Two Fingers
120870,Rolling Hand Forward,Rolling Hand Backward
122375,Rolling Hand Backward,Rolling Hand Forward
112768,Sliding Two Fingers Up,Pushing Two Fingers Away
52882,Thumb Up,Doing other things
8169,Swiping Left,No gesture
111352,Doing other things,Pulling Two Fingers In
122752,Pulling Two Fingers In,Pulling Hand In
64538,Doing other things,Zooming Out With Full Hand
34413,Thumb Up,Sliding Two Fingers Right
81735,Pushing Hand Away,Stop Sign
147137,Swiping Down,Pulling Two Fingers In
69362,Zooming Out With Full Hand,Zooming In With Full Hand
47222,Swiping Down,No gesture
117939,Sliding Two Fingers Right,Swiping Right
7726,Zooming Out With Full Hand,Zooming Out With Two Fingers
72525,Pulling Hand In,Drumming Fingers
19086,Swiping Left,Swiping Right
68328,Stop Sign,Turning Hand Clockwise
80751,No gesture,Doing other things
32849,Swiping Left,Swiping Right
76703,Swiping Down,Doing other things
85588,Pulling Hand In,Swiping Left
92947,Sliding Two Fingers Right,No gesture
123929,Sliding Two Fingers Left,Sliding Two Fingers Right
53122,Zooming In With Full Hand,Drumming Fingers
122474,Zooming In With Two Fingers,Zooming Out With Two Fingers
40728,Pulling Hand In,Pulling Two Fingers In
15111,Pushing Two Fingers Away,Sliding Two Fingers Up
70551,Pushing Hand Away,Pushing Two Fingers Away
103303,Rolling Hand Forward,Rolling Hand Backward
39399,No gesture,Swiping Down
71672,Rolling Hand Forward,Swiping Down
120951,Pushing Hand Away,Stop Sign
145955,Swiping Down,Rolling Hand Backward
85116,Pulling Hand In,Pulling Two Fingers In
107172,Rolling Hand Forward,Rolling Hand Backward
130882,Shaking Hand,Zooming Out With Two Fingers
139425,No gesture,Pulling Two Fingers In
82758,Turning Hand Clockwise,Turning Hand Counterclockwise
24185,Rolling Hand Backward,Rolling Hand Forward
52208,Zooming Out With Full Hand,Zooming In With Full Hand
30763,Doing other things,Rolling Hand Backward
47878,Doing other things,Pulling Two Fingers In
89882,Pulling Hand In,Rolling Hand Backward
111975,Sliding Two Fingers Down,Sliding Two Fingers Up
88568,Zooming Out With Full Hand,Zooming In With Full Hand
25122,Zooming In With Full Hand,Zooming In With Two Fingers
23077,Zooming In With Full Hand,Drumming Fingers
137544,Shaking Hand,Stop Sign
87115,Stop Sign,Pushing Hand Away
23191,Zooming Out With Two Fingers,Zooming In With Two Fingers
35223,Swiping Left,Sliding Two Fingers Down
64704,Sliding Two Fingers Up,Pulling Two Fingers In
75605,Doing other things,Zooming In With Full Hand
132553,Swiping Down,Pulling Hand In
88248,Pulling Hand In,Shaking Hand
61335,Rolling Hand Backward,Pulling Hand In
65009,Pulling Hand In,Doing other things
117555,Sliding Two Fingers Right,No gesture
109861,Swiping Down,Stop Sign
131441,Shaking Hand,Pulling Hand In
144994,Sliding Two Fingers Right,Sliding Two Fingers Down
83344,Zooming In With Two Fingers,Zooming Out With Two Fingers
7253,Swiping Down,Sliding Two Fingers Up
16274,Zooming Out With Full Hand,Zooming In With Full Hand
14745,Rolling Hand Backward,Rolling Hand Forward
115714,Turning Hand Clockwise,Turning Hand Counterclockwise
77712,Sliding Two Fingers Right,Zooming Out With Two Fingers
21515,Thumb Up,Sliding Two Fingers Right
51207,Doing other things,Rolling Hand Backward
53637,Zooming In With Two Fingers,Zooming Out With Two Fingers
137975,Pulling Two Fingers In,Pushing Two Fingers Away
43841,Swiping Down,Stop Sign
36183,Sliding Two Fingers Right,No gesture
84424,Shaking Hand,Turning Hand Clockwise
91172,Sliding Two Fingers Left,Sliding Two Fingers Right
30866,Sliding Two Fingers Down,Sliding Two Fingers Up
84375,Pushing Two Fingers Away,No gesture
145213,Shaking Hand,Turning Hand Counterclockwise
1348,Rolling Hand Forward,Rolling Hand Backward
121931,Doing other things,Pulling Two Fingers In
50236,Zooming In With Full Hand,Turning Hand Clockwise
105845,No gesture,Sliding Two Fingers Left
23651,Zooming In With Two Fingers,Zooming In With Full Hand
25157,Swiping Left,No gesture
21600,Sliding Two Fingers Right,Doing other things
142220,Swiping Right,Sliding Two Fingers Right
1618,Pushing Hand Away,No gesture
103202,Turning Hand Counterclockwise,Stop Sign
57024,Pushing Hand Away,Stop Sign
14932,Shaking Hand,Pulling Hand In
82970,Doing other things,No gesture
101536,Swiping Right,Shaking Hand
63439,Sliding Two Fingers Down,No gesture
138913,Zooming In With Full Hand,Zooming Out With Full Hand
52992,Sliding Two Fingers Down,Thumb Down
67954,Swiping Down,Doing other things
144686,Doing other things,Swiping Up
26191,Sliding Two Fingers Right,Swiping Left
39805,Thumb Up,Zooming In With Two Fingers
95465,Doing other things,No gesture
20423,Zooming In With Full Hand,Zooming Out With Full Hand
89194,Sliding Two Fingers Up,Pushing Two Fingers Away
82252,Zooming In With Two Fingers,Swiping Up
98258,Zooming In With Full Hand,Shaking Hand
3856,Stop Sign,Pushing Hand Away
89550,Rolling Hand Backward,Rolling Hand Forward
64317,Sliding Two Fingers Up,Pushing Two Fingers Away
28074,No gesture,Doing other things
133312,Pushing Hand Away,Thumb Up
87583,Pulling Two Fingers In,Swiping Right
141813,Turning Hand Clockwise,Turning Hand Counterclockwise
92494,Sliding Two Fingers Left,Sliding Two Fingers Right
48504,Sliding Two Fingers Up,Thumb Down
31911,Doing other things,Rolling Hand Backward
52696,Rolling Hand Backward,Rolling Hand Forward
95745,Zooming Out With Full Hand,Doing other things
131151,Zooming Out With Full Hand,Zooming In With Full Hand
16355,Shaking Hand,Turning Hand Counterclockwise
52080,Rolling Hand Forward,Rolling Hand Backward
131907,No gesture,Zooming In With Two Fingers
260,Sliding Two Fingers Right,No gesture
2110,Zooming In With Two Fingers,Zooming Out With Two Fingers
110781,Sliding Two Fingers Down,Swiping Right
91171,Sliding Two Fingers Down,Sliding Two Fingers Up
132252,Pulling Two Fingers In,No gesture
60661,Sliding Two Fingers Up,Sliding Two Fingers Down
76235,Rolling Hand Forward,Rolling Hand Backward
28059,Sliding Two Fingers Down,Pushing Two Fingers Away
71977,Zooming Out With Two Fingers,Zooming In With Two Fingers
117016,Swiping Up,Swiping Down
99323,Rolling Hand Backward,Rolling Hand Forward
32306,Doing other things,Turning Hand Clockwise
82143,No gesture,Doing other things
119576,Swiping Right,Swiping Left
70640,Turning Hand Counterclockwise,Shaking Hand
83250,Doing other things,Drumming Fingers
80982,Swiping Down,Sliding Two Fingers Right
140199,Doing other things,No gesture
76633,Sliding Two Fingers Left,Sliding Two Fingers Right
145730,Zooming Out With Two Fingers,Doing other things
27951,Pushing Hand Away,Stop Sign
91583,No gesture,Pulling Two Fingers In
11372,Swiping Down,Doing other things
26815,Stop Sign,Pushing Hand Away
56640,Pulling Hand In,Doing other things
90536,Swiping Right,Swiping Left
22391,Pulling Two Fingers In,Pulling Hand In
103594,Pushing Two Fingers Away,Sliding Two Fingers Down
144747,Swiping Right,Pulling Two Fingers In
33097,Sliding Two Fingers Up,Sliding Two Fingers Down
7903,Zooming Out With Two Fingers,Zooming In With Two Fingers
45789,Swiping Right,Doing other things
86317,Pulling Hand In,Swiping Up
59362,Doing other things,Swiping Left
77388,Swiping Up,Shaking Hand
7817,Sliding Two Fingers Down,Sliding Two Fingers Up
104582,Turning Hand Clockwise,Turning Hand Counterclockwise
56241,Swiping Down,No gesture
23828,Zooming In With Two Fingers,Pushing Two Fingers Away
12399,Zooming Out With Full Hand,Zooming In With Full Hand
89947,Rolling Hand Forward,Rolling Hand Backward
141564,Swiping Right,No gesture
92079,Swiping Left,No gesture
11987,Swiping Right,Swiping Left
104907,Rolling Hand Backward,Rolling Hand Forward
60329,Turning Hand Clockwise,Turning Hand Counterclockwise
139565,Stop Sign,Pushing Hand Away
147381,Pulling Hand In,Turning Hand Clockwise
101532,Zooming Out With Two Fingers,Zooming In With Two Fingers
3000,Sliding Two Fingers Left,No gesture
21001,Sliding Two Fingers Up,Sliding Two Fingers Down
71689,Swiping Right,Pushing Two Fingers Away
40102,Shaking Hand,Swiping Left
75287,Rolling Hand Forward,Rolling Hand Backward
129904,Swiping Right,Sliding Two Fingers Right
99645,Pulling Two Fingers In,No gesture
25941,Pushing Hand Away,Stop Sign
26418,Sliding Two Fingers Up,Sliding Two Fingers Down
108454,Sliding Two Fingers Up,Doing other things
3883,Zooming Out With Two Fingers,Zooming In With Two Fingers
71040,Zooming Out With Full Hand,Zooming In With Full Hand
126679,No gesture,Thumb Up
126490,Doing other things,No gesture
72943,Zooming In With Full Hand,Zooming Out With Full Hand
115241,Sliding Two Fingers Up,Sliding Two Fingers Down
4744,Zooming In With Full Hand,Zooming Out With Full Hand
131954,Swiping Right,Sliding Two Fingers Right
106945,Pushing Hand Away,Shaking Hand
48080,Zooming In With Two Fingers,Drumming Fingers
78142,Rolling Hand Forward,Rolling Hand Backward
2411,Drumming Fingers,Swiping Down
57251,Stop Sign,Pushing Hand Away
105409,Swiping Up,Doing other things
97758,Swiping Up,Doing other things
48980,Zooming In With Two Fingers,Shaking Hand
10354,Pulling Hand In,Pulling Two Fingers In
27271,Swiping Left,Sliding Two Fingers Left
142122,Shaking Hand,Swiping Left
3616,Doing other things,No gesture
16279,Stop Sign,Zooming Out With Two Fingers
109307,No gesture,Sliding Two Fingers Right
134149,Sliding Two Fingers Right,No gesture
129610,Thumb Down,Zooming In With Full Hand
89258,Sliding Two Fingers Up,Swiping Down
62093,Rolling Hand Forward,Swiping Right
87977,Swiping Up,Swiping Down
108637,Turning Hand Clockwise,Shaking Hand
134109,Sliding Two Fingers Up,Sliding Two Fingers Down
79141,Stop Sign,Pushing Hand Away
47320,Rolling Hand Backward,Rolling Hand Forward
121635,Pulling Two Fingers In,Zooming In With Two Fingers
66218,Sliding Two Fingers Down,Pulling Two Fingers In
26635,Doing other things,Shaking Hand
23419,Zooming In With Two Fingers,Thumb Down
14975,Swiping Right,No gesture
118179,Pushing Two Fingers Away,Sliding Two Fingers Right
124756,Sliding Two Fingers Down,Doing other things
129678,Zooming Out With Full Hand,No gesture
126421,Turning Hand Counterclockwise,Doing other things
19793,Zooming Out With Full Hand,Stop Sign
8474,Turning Hand Counterclockwise,Shaking Hand
13827,Zooming In With Full Hand,Zooming Out With Full Hand
55925,Swiping Down,Zooming In With Full Hand
25780,Sliding Two Fingers Down,Sliding Two Fingers Up
114936,Pulling Hand In,Pulling Two Fingers In
131960,Zooming In With Two Fingers,Zooming Out With Two Fingers
67072,Shaking Hand,Doing other things
45576,Doing other things,Sliding Two Fingers Up
120710,No gesture,Swiping Right
11897,Sliding Two Fingers Down,Swiping Down
1462,Pushing Hand Away,Stop Sign
79167,Sliding Two Fingers Down,Sliding Two Fingers Up
130137,Sliding Two Fingers Down,Swiping Left
110532,Pulling Two Fingers In,Swiping Left
37239,Swiping Left,Swiping Right
88707,Swiping Right,No gesture
22557,Swiping Down,No gesture
135228,Sliding Two Fingers Left,Sliding Two Fingers Right
44822,Sliding Two Fingers Down,Doing other things
97284,Sliding Two Fingers Down,Swiping Down
54380,Zooming In With Full Hand,Zooming Out With Full Hand
145857,Rolling Hand Forward,Rolling Hand Backward
2412,Swiping Up,Pulling Hand In
67692,Swiping Up,Swiping Down
54823,Sliding Two Fingers Down,Sliding Two Fingers Up
51424,Sliding Two Fingers Left,Swiping Right
44574,No gesture,Zooming In With Full Hand
95937,Pulling Hand In,Swiping Up
96165,Zooming Out With Two Fingers,Pushing Two Fingers Away
115880,Swiping Down,Pulling Hand In
129627,Turning Hand Clockwise,Turning Hand Counterclockwise
100930,Sliding Two Fingers Left,Swiping Down
65888,Swiping Down,Doing other things
122309,Zooming Out With Full Hand,Pulling Hand In
26406,Pulling Hand In,Pulling Two Fingers In
79709,Swiping Left,Turning Hand Counterclockwise
81039,Sliding Two Fingers Up,Sliding Two Fingers Down
8383,Doing other things,Swiping Down
48807,Sliding Two Fingers Left,Doing other things
101037,Zooming In With Full Hand,Turning Hand Clockwise
20659,Swiping Up,Drumming Fingers
30021,Rolling Hand Backward,Rolling Hand Forward
40992,Shaking Hand,Swiping Down
129438,No gesture,Doing other things
13536,Zooming In With Two Fingers,Zooming Out With Two Fingers
95855,Rolling Hand Forward,Rolling Hand Backward
2580,Sliding Two Fingers Up,Sliding Two Fingers Down
117244,Pulling Hand In,Shaking Hand
59420,Sliding Two Fingers Right,Sliding Two Fingers Left
78870,Rolling Hand Forward,Thumb Up
109282,Swiping Down,No gesture
65679,Swiping Up,Pulling Hand In
73029,Sliding Two Fingers Right,Thumb Up
36394,Pulling Hand In,Swiping Up
20036,No gesture,Sliding Two Fingers Right
34531,Pulling Two Fingers In,Pushing Two Fingers Away
36596,Thumb Down,Drumming Fingers
66098,Swiping Left,Turning Hand Counterclockwise
48069,Doing other things,Thumb Down
68691,Sliding Two Fingers Up,Sliding Two Fingers Right
144016,Pulling Two Fingers In,No gesture
106620,Stop Sign,Pushing Hand Away
112401,Turning Hand Clockwise,Turning Hand Counterclockwise
140289,Swiping Down,Pulling Hand In
76374,Zooming In With Two Fingers,Drumming Fingers
59424,No gesture,Doing other things
54444,Sliding Two Fingers Up,Doing other things
143216,Rolling Hand Backward,Rolling Hand Forward
74925,Shaking Hand,Swiping Right
8711,Rolling Hand Forward,Rolling Hand Backward
122602,Swiping Up,Pulling Two Fingers In
20430,Pushing Two Fingers Away,Thumb Up
141907,Swiping Right,Doing other things
121903,Rolling Hand Backward,Rolling Hand Forward
42228,Zooming Out With Full Hand,Sliding Two Fingers Down
97973,Pulling Hand In,Sliding Two Fingers Right
96189,Sliding Two Fingers Down,No gesture
34208,Swiping Left,Swiping Down
122960,Sliding Two Fingers Up,Zooming In With Full Hand
116862,Swiping Down,Sliding Two Fingers Up
61197,Pulling Two Fingers In,Shaking Hand
62757,Pulling Hand In,Sliding Two Fingers Right
59059,Sliding Two Fingers Up,Sliding Two Fingers Down
25719,Sliding Two Fingers Up,Pushing Two Fingers Away
20086,No gesture,Doing other things
43,Stop Sign,Doing other things
3453,Zooming Out With Full Hand,Shaking Hand
134193,Rolling Hand Forward,Doing other things
32803,Swiping Right,Doing other things
113140,Thumb Down,Zooming Out With Two Fingers
85888,Swiping Left,Swiping Right
66368,Swiping Right,No gesture
100220,Thumb Up,Doing other things
145940,Stop Sign,Pushing Hand Away
132863,Swiping Right,Sliding Two Fingers Left
32117,Zooming In With Two Fingers,Zooming Out With Two Fingers
60301,Sliding Two Fingers Up,Sliding Two Fingers Down
91827,Sliding Two Fingers Down,Sliding Two Fingers Up
21036,Rolling Hand Backward,Swiping Down
73333,Sliding Two Fingers Down,No gesture
95052,Drumming Fingers,Swiping Down
16395,Rolling Hand Forward,Rolling Hand Backward
117296,Swiping Left,Swiping Right
110952,Drumming Fingers,Rolling Hand Backward
139743,No gesture,Sliding Two Fingers Right
126008,Zooming Out With Two Fingers,Zooming In With Two Fingers
131324,Sliding Two Fingers Down,Zooming Out With Two Fingers
85931,Swiping Left,Doing other things
65152,Pushing Hand Away,Pulling Hand In
120765,Pushing Two Fingers Away,Thumb Up
88096,Sliding Two Fingers Down,Swiping Right
131745,No gesture,Sliding Two Fingers Right
71225,Turning Hand Clockwise,Turning Hand Counterclockwise
49076,Zooming In With Two Fingers,Zooming Out With Two Fingers
54748,Sliding Two Fingers Right,Swiping Up
52940,Swiping Left,Pulling Hand In
27003,Pushing Two Fingers Away,No gesture
126665,Sliding Two Fingers Down,Swiping Down
118461,Zooming In With Full Hand,Zooming Out With Full Hand
140240,Sliding Two Fingers Up,Sliding Two Fingers Down
40723,Zooming Out With Two Fingers,Pushing Two Fingers Away
128120,Zooming In With Two Fingers,Rolling Hand Forward
45189,Zooming In With Two Fingers,Zooming Out With Two Fingers
139810,Turning Hand Clockwise,Turning Hand Counterclockwise
90321,Zooming In With Two Fingers,Zooming In With Full Hand
34826,Turning Hand Clockwise,Shaking Hand
39740,Sliding Two Fingers Up,Pulling Hand In
64126,Swiping Left,Sliding Two Fingers Right
37427,Swiping Right,No gesture
84738,Sliding Two Fingers Left,Swiping Left
126729,Swiping Up,Pulling Hand In
30827,Sliding Two Fingers Down,No gesture
59351,Sliding Two Fingers Up,Shaking Hand
7195,Turning Hand Clockwise,Turning Hand Counterclockwise
106670,Zooming In With Full Hand,Zooming Out With Full Hand
86818,Swiping Left,Doing other things
25024,Turning Hand Clockwise,Swiping Right
107837,Doing other things,Pushing Hand Away
72163,Rolling Hand Forward,Rolling Hand Backward
66777,Doing other things,Swiping Right
54229,Zooming Out With Full Hand,Shaking Hand
79772,Swiping Right,Sliding Two Fingers Right
117075,Swiping Right,Swiping Left
123424,Zooming Out With Full Hand,Zooming In With Full Hand
15599,Turning Hand Counterclockwise,Turning Hand Clockwise
62683,Pushing Two Fingers Away,Pulling Two Fingers In
145064,Swiping Right,No gesture
93874,Sliding Two Fingers Right,Sliding Two Fingers Left
11216,Zooming Out With Two Fingers,Drumming Fingers
125741,Swiping Up,Swiping Left
13948,Zooming Out With Full Hand,Doing other things
60502,Doing other things,Swiping Up
86480,Pushing Hand Away,Doing other things
106615,Swiping Right,Sliding Two Fingers Right
59318,Pulling Hand In,Pulling Two Fingers In
130663,Pulling Hand In,Pulling Two Fingers In
67467,Turning Hand Clockwise,Turning Hand Counterclockwise
53633,Sliding Two Fingers Right,No gesture
55095,Swiping Right,Sliding Two Fingers Up
87167,Rolling Hand Backward,Rolling Hand Forward
52549,No gesture,Doing other things
142578,Zooming Out With Full Hand,Shaking Hand
35520,Swiping Left,Shaking Hand
50251,Turning Hand Clockwise,Shaking Hand
137503,Doing other things,Shaking Hand
140206,Shaking Hand,Zooming Out With Full Hand
36446,Turning Hand Clockwise,Turning Hand Counterclockwise
42862,Rolling Hand Forward,No gesture
85678,Zooming Out With Two Fingers,Zooming In With Two Fingers
110905,Turning Hand Clockwise,Turning Hand Counterclockwise
32055,Thumb Down,Doing other things
75139,Turning Hand Counterclockwise,Doing other things
6637,Pushing Two Fingers Away,Doing other things
26566,No gesture,Doing other things
100214,Doing other things,Swiping Up
73112,Zooming Out With Full Hand,Zooming In With Full Hand
40540,Sliding Two Fingers Right,Zooming In With Full Hand
74838,Rolling Hand Forward,Rolling Hand Backward
41710,Zooming In With Two Fingers,Rolling Hand Backward
82567,Swiping Down,Swiping Left
57550,Stop Sign,Swiping Down
75594,Rolling Hand Forward,Doing other things
134781,Sliding Two Fingers Down,Doing other things
9089,Swiping Down,Rolling Hand Backward
113508,Pushing Two Fingers Away,Sliding Two Fingers Left
89808,Pulling Hand In,Swiping Up
121469,Turning Hand Clockwise,Turning Hand Counterclockwise
76518,Swiping Right,Zooming In With Full Hand
54455,Pulling Two Fingers In,No gesture
195,Zooming Out With Two Fingers,Zooming In With Two Fingers
4525,Drumming Fingers,Turning Hand Counterclockwise
44135,Pulling Hand In,No gesture
114950,Turning Hand Clockwise,Shaking Hand
44132,Rolling Hand Forward,Swiping Down
61031,Rolling Hand Forward,Doing other things
63097,Pulling Two Fingers In,Doing other things
59985,Sliding Two Fingers Left,Swiping Down
7721,Swiping Left,No gesture
5958,Zooming Out With Full Hand,Doing other things
68327,Swiping Down,No gesture
119866,Turning Hand Clockwise,Turning Hand Counterclockwise
5010,Rolling Hand Forward,Rolling Hand Backward
39904,Doing other things,Zooming In With Full Hand
85794,Zooming In With Two Fingers,Zooming Out With Two Fingers
128356,Swiping Down,Drumming Fingers
13331,Zooming In With Two Fingers,Zooming Out With Two Fingers
112299,Swiping Up,Swiping Down
143535,Swiping Left,Drumming Fingers
102354,Sliding Two Fingers Up,Swiping Down
112120,Zooming In With Full Hand,Zooming Out With Full Hand
61482,Zooming Out With Two Fingers,Zooming In With Two Fingers
38097,Sliding Two Fingers Left,No gesture
124799,Swiping Up,Pulling Hand In
69853,Thumb Up,Doing other things
80705,Sliding Two Fingers Down,No gesture
10060,Turning Hand Clockwise,Turning Hand Counterclockwise
121511,Pushing Two Fingers Away,No gesture
135240,Sliding Two Fingers Right,No gesture
91062,No gesture,Swiping Right
72433,Pulling Two Fingers In,Swiping Up
138968,Sliding Two Fingers Down,Doing other things
66423,Zooming Out With Two Fingers,Zooming In With Two Fingers
133128,Zooming Out With Full Hand,Zooming In With Full Hand
113463,Doing other things,Thumb Down
83138,Sliding Two Fingers Down,Doing other things
121385,Swiping Left,Sliding Two Fingers Down
49098,Swiping Right,No gesture
86086,Swiping Left,Sliding Two Fingers Right
32635,Pulling Two Fingers In,Pushing Two Fingers Away
97344,No gesture,Swiping Right
10952,Pushing Two Fingers Away,Doing other things
90827,Turning Hand Counterclockwise,Turning Hand Clockwise
136540,Swiping Right,Zooming In With Full Hand
41893,Swiping Down,Doing other things
115427,No gesture,Thumb Up
75352,Swiping Right,Swiping Left
22964,Pushing Two Fingers Away,Thumb Down
33640,Swiping Right,Swiping Left
5568,Swiping Up,Turning Hand Clockwise
124742,Rolling Hand Backward,Rolling Hand Forward
24320,Drumming Fingers,Pushing Two Fingers Away
52279,Doing other things,Zooming Out With Two Fingers
90900,Sliding Two Fingers Down,Pushing Two Fingers Away
141848,Swiping Right,Rolling Hand Backward
27809,Pulling Hand In,Pulling Two Fingers In
87155,Swiping Right,Pulling Two Fingers In
69816,Zooming In With Full Hand,Pushing Hand Away
88828,Swiping Left,Thumb Up
64894,Swiping Right,Sliding Two Fingers Right
81869,Swiping Left,Sliding Two Fingers Right
50083,No gesture,Pulling Two Fingers In
124519,Rolling Hand Forward,Pulling Two Fingers In
133433,Doing other things,Thumb Down
49940,Rolling Hand Forward,Rolling Hand Backward
111288,Shaking Hand,Pushing Hand Away
84239,Sliding Two Fingers Right,Swiping Left
20713,Swiping Down,Thumb Down
6561,Swiping Up,Sliding Two Fingers Left
83780,Pushing Two Fingers Away,Sliding Two Fingers Up
54532,Swiping Down,Rolling Hand Forward
100145,Turning Hand Clockwise,Zooming In With Full Hand
57539,Stop Sign,Pushing Hand Away
50576,Swiping Right,Pulling Two Fingers In
38817,Sliding Two Fingers Left,Sliding Two Fingers Right
69357,Zooming In With Two Fingers,Zooming Out With Two Fingers
57752,Zooming In With Full Hand,Zooming Out With Full Hand
118092,Pulling Two Fingers In,Doing other things
92841,Zooming In With Full Hand,Turning Hand Counterclockwise
121651,Zooming In With Two Fingers,Zooming Out With Two Fingers
80603,Swiping Left,Sliding Two Fingers Left
134936,Zooming Out With Full Hand,Zooming In With Full Hand
105000,Sliding Two Fingers Down,Pushing Two Fingers Away
60949,Sliding Two Fingers Down,Doing other things
65725,Doing other things,Drumming Fingers
68246,Doing other things,Pushing Hand Away
39746,Pushing Two Fingers Away,Pulling Hand In
46667,Shaking Hand,Drumming Fingers
136614,Drumming Fingers,Zooming Out With Two Fingers
119029,No gesture,Sliding Two Fingers Down
37479,Pulling Hand In,Swiping Right
46035,Shaking Hand,Swiping Right
2173,Swiping Up,Sliding Two Fingers Up
4672,Pulling Hand In,Swiping Up
18127,Rolling Hand Forward,Rolling Hand Backward
31976,Thumb Up,Doing other things
90317,Stop Sign,Pushing Hand Away
106567,Swiping Left,Swiping Right
74578,Pulling Two Fingers In,Pulling Hand In
125888,Zooming In With Two Fingers,Zooming Out With Two Fingers
144765,Turning Hand Counterclockwise,Shaking Hand
39612,Pushing Two Fingers Away,Sliding Two Fingers Up
54968,Rolling Hand Forward,Rolling Hand Backward
128511,Sliding Two Fingers Right,Turning Hand Counterclockwise
32040,Pulling Hand In,No gesture
108774,Zooming In With Two Fingers,Zooming Out With Full Hand
74201,Pushing Two Fingers Away,Sliding Two Fingers Down
100255,Pushing Two Fingers Away,Doing other things
56363,Thumb Up,Zooming Out With Two Fingers
98829,Turning Hand Clockwise,Shaking Hand
96475,Thumb Down,Swiping Left
87666,Rolling Hand Forward,Rolling Hand Backward
68746,No gesture,Doing other things
44422,Shaking Hand,Doing other things
103428,Zooming In With Full Hand,Swiping Down
85991,Doing other things,No gesture
128536,Pulling Two Fingers In,Doing other things
93048,Sliding Two Fingers Left,Sliding Two Fingers Right
47353,Sliding Two Fingers Left,Zooming In With Full Hand
70629,Sliding Two Fingers Right,No gesture
65098,Rolling Hand Backward,Rolling Hand Forward
96088,Sliding Two Fingers Down,Swiping Right
73743,No gesture,Rolling Hand Backward
140981,Thumb Down,Doing other things
25313,Doing other things,Sliding Two Fingers Right
18326,Swiping Down,No gesture
55550,Swiping Right,Swiping Left
14428,No gesture,Pulling Two Fingers In
108327,Swiping Up,Pulling Hand In
130129,Pulling Two Fingers In,Sliding Two Fingers Right
133901,Pushing Hand Away,Turning Hand Counterclockwise
106712,Sliding Two Fingers Left,No gesture
65495,Rolling Hand Backward,Rolling Hand Forward
70833,Swiping Down,No gesture
16144,Sliding Two Fingers Down,Sliding Two Fingers Up
22693,Sliding Two Fingers Left,Zooming Out With Two Fingers
138301,Drumming Fingers,Sliding Two Fingers Down
69154,Zooming Out With Two Fingers,Zooming In With Two Fingers
63767,Sliding Two Fingers Up,Swiping Right
67451,Swiping Right,Sliding Two Fingers Right
86665,Swiping Down,Doing other things
32690,Sliding Two Fingers Left,No gesture
33050,Swiping Up,Doing other things
25814,Sliding Two Fingers Down,Swiping Down
14969,Turning Hand Counterclockwise,Turning Hand Clockwise
46893,Zooming In With Two Fingers,Zooming Out With Two Fingers
96158,Swiping Left,Swiping Right
72811,Shaking Hand,Pushing Hand Away
9849,Sliding Two Fingers Down,Swiping Down
119935,Turning Hand Counterclockwise,Turning Hand Clockwise
37961,Zooming In With Two Fingers,Zooming Out With Two Fingers
64107,Swiping Up,Doing other things
22046,Shaking Hand,Turning Hand Clockwise
69303,Swiping Down,Drumming Fingers
37962,Turning Hand Clockwise,Doing other things
57381,Pushing Two Fingers Away,Swiping Up
78660,Turning Hand Clockwise,Doing other things
132560,Shaking Hand,Turning Hand Counterclockwise
18745,Doing other things,Turning Hand Clockwise
80038,Pulling Hand In,Sliding Two Fingers Down
116069,Sliding Two Fingers Right,Sliding Two Fingers Left
32628,Rolling Hand Forward,Thumb Down
22817,Doing other things,Rolling Hand Forward
68302,No gesture,Sliding Two Fingers Up
48786,No gesture,Swiping Left
59720,Zooming Out With Full Hand,Zooming In With Full Hand
26673,Rolling Hand Backward,Rolling Hand Forward
49936,Zooming Out With Full Hand,Doing other things
34049,Zooming Out With Full Hand,Doing other things
77313,Zooming In With Two Fingers,Zooming Out With Two Fingers
98176,Turning Hand Counterclockwise,Shaking Hand
107996,Stop Sign,Pushing Hand Away
103942,Sliding Two Fingers Up,Pulling Two Fingers In
34079,Rolling Hand Backward,Rolling Hand Forward
19201,Pulling Hand In,No gesture
67278,Swiping Left,Thumb Up
6194,Rolling Hand Forward,Swiping Down
102033,Turning Hand Counterclockwise,Shaking Hand
37623,No gesture,Swiping Right
22462,Doing other things,Zooming Out With Full Hand
40065,Stop Sign,Pushing Hand Away
74440,Sliding Two Fingers Right,Swiping Right
112549,Sliding Two Fingers Left,No gesture
29335,Swiping Down,Sliding Two Fingers Right
58694,Pushing Two Fingers Away,Swiping Down
39190,Swiping Right,Swiping Up
99436,Turning Hand Counterclockwise,Turning Hand Clockwise
105957,Pushing Hand Away,Sliding Two Fingers Left
102695,Zooming Out With Two Fingers,Zooming Out With Full Hand
99171,Swiping Down,Drumming Fingers
76763,Sliding Two Fingers Down,Pushing Two Fingers Away
63744,Swiping Left,Swiping Right
22377,Turning Hand Clockwise,Turning Hand Counterclockwise
28344,Zooming Out With Two Fingers,Sliding Two Fingers Up
13283,Turning Hand Clockwise,Turning Hand Counterclockwise
145211,Sliding Two Fingers Left,Thumb Up
62137,Pushing Two Fingers Away,Sliding Two Fingers Down
61559,Pulling Two Fingers In,Swiping Up
103044,Swiping Up,Doing other things
64087,Rolling Hand Backward,Rolling Hand Forward
117583,Pushing Two Fingers Away,Pushing Hand Away
66338,No gesture,Thumb Down
9232,Zooming Out With Full Hand,Pushing Hand Away
141765,Zooming In With Full Hand,Zooming Out With Full Hand
104539,Sliding Two Fingers Right,Sliding Two Fingers Left
74511,Zooming Out With Two Fingers,Doing other things
79931,Zooming In With Full Hand,Zooming In With Two Fingers
131025,Zooming Out With Two Fingers,Zooming Out With Full Hand
23170,Zooming Out With Two Fingers,Zooming In With Two Fingers
25390,Pushing Two Fingers Away,Pulling Two Fingers In
59506,Sliding Two Fingers Left,Rolling Hand Backward
43706,No gesture,Sliding Two Fingers Up
114365,Stop Sign,Pushing Hand Away
58688,Drumming Fingers,Zooming In With Two Fingers
9010,Doing other things,Swiping Left
107492,Sliding Two Fingers Left,Sliding Two Fingers Down
133419,Zooming In With Two Fingers,Zooming Out With Two Fingers
33582,No gesture,Doing other things
85074,Zooming In With Two Fingers,Sliding Two Fingers Right
123434,Rolling Hand Backward,Rolling Hand Forward
127226,Stop Sign,Pushing Hand Away
23981,Sliding Two Fingers Right,Sliding Two Fingers Left
2848,Turning Hand Counterclockwise,Pulling Hand In
52602,Sliding Two Fingers Right,Swiping Left
64044,Swiping Left,No gesture
73796,Rolling Hand Forward,Rolling Hand Backward
1077,Pulling Hand In,Pulling Two Fingers In
89119,Sliding Two Fingers Right,Sliding Two Fingers Left
115857,Sliding Two Fingers Up,Sliding Two Fingers Down
127416,Rolling Hand Forward,Rolling Hand Backward
34319,Rolling Hand Forward,Rolling Hand Backward
57641,Pulling Two Fingers In,Sliding Two Fingers Right
51444,Turning Hand Clockwise,Turning Hand Counterclockwise
123583,Thumb Down,Doing other things
144696,Swiping Left,No gesture
116846,Swiping Left,Shaking Hand
13161,Rolling Hand Forward,Swiping Down
31302,Swiping Up,Doing other things
91261,Shaking Hand,Drumming Fingers
6507,Sliding Two Fingers Down,Swiping Left
18586,Swiping Left,Shaking Hand
113548,Thumb Down,Doing other things
76190,Zooming Out With Two Fingers,Doing other things
84545,Sliding Two Fingers Down,Pushing Two Fingers Away
37669,Swiping Up,Swiping Down
42865,Turning Hand Clockwise,Turning Hand Counterclockwise
67731,Zooming Out With Full Hand,Doing other things
7882,Stop Sign,Swiping Down
93862,Pulling Two Fingers In,Thumb Up
32906,Pulling Two Fingers In,Thumb Down
106215,Rolling Hand Forward,Doing other things
127505,No gesture,Doing other things
17871,Swiping Left,Shaking Hand
55264,Zooming In With Full Hand,Drumming Fingers
25524,Sliding Two Fingers Up,Doing other things
134909,Rolling Hand Backward,Rolling Hand Forward
77085,Rolling Hand Backward,Swiping Down
75262,Stop Sign,Doing other things
106573,Sliding Two Fingers Up,Doing other things
32655,Sliding Two Fingers Down,Sliding Two Fingers Up
55604,Turning Hand Clockwise,Pushing Hand Away
24408,Zooming Out With Full Hand,Zooming In With Full Hand
74071,Zooming In With Two Fingers,Zooming Out With Two Fingers
55451,Sliding Two Fingers Up,Swiping Left
58448,Sliding Two Fingers Right,Doing other things
92917,Swiping Up,Doing other things
58436,Sliding Two Fingers Down,Sliding Two Fingers Up
116221,Pushing Two Fingers Away,Sliding Two Fingers Down
59166,Sliding Two Fingers Down,No gesture
93904,Pushing Hand Away,Stop Sign
136291,Sliding Two Fingers Right,Pushing Two Fingers Away
18759,Stop Sign,Turning Hand Clockwise
47649,Turning Hand Clockwise,Shaking Hand
80665,Swiping Down,No gesture
65844,Sliding Two Fingers Down,Sliding Two Fingers Up
68753,Pushing Two Fingers Away,Drumming Fingers
81319,Swiping Right,Swiping Left
122588,Sliding Two Fingers Down,Doing other things
109753,Zooming In With Full Hand,Stop Sign
86164,Rolling Hand Forward,Rolling Hand Backward
98933,Swiping Up,Sliding Two Fingers Up
25356,Rolling Hand Backward,Swiping Down
42011,Rolling Hand Backward,Swiping Down
22227,Doing other things,Swiping Down
38625,Zooming Out With Two Fingers,Zooming Out With Full Hand
76814,Thumb Up,Swiping Down
95367,Swiping Down,Sliding Two Fingers Down
67745,Sliding Two Fingers Down,Sliding Two Fingers Up
88422,Sliding Two Fingers Up,Pulling Hand In
79999,Pushing Two Fingers Away,No gesture
70687,Stop Sign,Zooming Out With Full Hand
98349,Sliding Two Fingers Left,Sliding Two Fingers Right
138230,Turning Hand Counterclockwise,Swiping Left
75921,Pulling Two Fingers In,Zooming Out With Full Hand
5019,Swiping Right,Shaking Hand
65965,Zooming Out With Two Fingers,Doing other things
13399,Swiping Left,No gesture
19819,Sliding Two Fingers Right,Pulling Two Fingers In
90263,Zooming Out With Full Hand,Doing other things
33701,Swiping Left,Doing other things
126567,Doing other things,Zooming In With Two Fingers
8498,Sliding Two Fingers Right,Doing other things
54934,Rolling Hand Forward,Rolling Hand Backward
131985,Pulling Two Fingers In,Sliding Two Fingers Right
98822,Swiping Right,Swiping Left
134158,Turning Hand Counterclockwise,Shaking Hand
48775,Swiping Left,Sliding Two Fingers Right
111434,Sliding Two Fingers Left,Swiping Left
78298,Sliding Two Fingers Down,Swiping Right
18057,Sliding Two Fingers Down,Doing other things
10908,Rolling Hand Backward,Rolling Hand Forward
148071,Swiping Left,Swiping Right
106001,Shaking Hand,Zooming In With Full Hand
106416,Swiping Right,Swiping Left
120721,Swiping Up,Pushing Two Fingers Away
10571,Sliding Two Fingers Down,Sliding Two Fingers Up
115679,Rolling Hand Backward,Rolling Hand Forward
51754,Sliding Two Fingers Left,Sliding Two Fingers Right
119728,Doing other things,Thumb Up
100640,Thumb Up,Sliding Two Fingers Left
113358,Swiping Left,Thumb Up
49390,Sliding Two Fingers Left,Doing other things
105330,Zooming In With Full Hand,Zooming Out With Full Hand
46520,Zooming Out With Full Hand,Zooming In With Full Hand
16852,Turning Hand Clockwise,Turning Hand Counterclockwise
23190,Zooming In With Two Fingers,Doing other things
58299,Swiping Up,No gesture
23330,Zooming Out With Full Hand,Sliding Two Fingers Right
140137,Zooming Out With Two Fingers,Zooming In With Two Fingers
59274,Zooming In With Two Fingers,Zooming Out With Two Fingers
74093,Sliding Two Fingers Left,Swiping Right
89132,Pulling Hand In,Doing other things
27163,Turning Hand Clockwise,Turning Hand Counterclockwise
144211,Pushing Hand Away,Zooming In With Full Hand
98995,Rolling Hand Backward,Rolling Hand Forward
39008,No gesture,Doing other things
41943,Thumb Down,Pulling Two Fingers In
59496,Rolling Hand Backward,Rolling Hand Forward
131602,Zooming Out With Two Fingers,Sliding Two Fingers Down
100482,Sliding Two Fingers Down,Pulling Two Fingers In
122935,Pushing Two Fingers Away,Pulling Two Fingers In
130955,No gesture,Doing other things
25983,Shaking Hand,Doing other things
112203,Pushing Hand Away,Zooming In With Full Hand
109849,Zooming Out With Two Fingers,Zooming In With Two Fingers
120492,Zooming In With Full Hand,Zooming Out With Full Hand
117734,Pushing Hand Away,Doing other things
36907,Zooming Out With Two Fingers,Zooming In With Two Fingers
22203,No gesture,Swiping Right
58312,Swiping Left,Sliding Two Fingers Left
121431,Sliding Two Fingers Down,Swiping Down
126840,Zooming In With Full Hand,Swiping Down
101862,Sliding Two Fingers Up,Pulling Two Fingers In
96230,Pulling Two Fingers In,Rolling Hand Backward
30700,Swiping Down,Doing other things
88861,Sliding Two Fingers Down,Swiping Down
6121,Stop Sign,Doing other things
88370,Zooming In With Two Fingers,Zooming Out With Two Fingers
90048,Turning Hand Clockwise,Turning Hand Counterclockwise
2756,Zooming Out With Full Hand,Zooming In With Full Hand
144061,Stop Sign,Pushing Hand Away
97976,Swiping Right,Doing other things
88969,Zooming In With Two Fingers,Zooming Out With Two Fingers
119681,Zooming In With Full Hand,Turning Hand Counterclockwise
143860,Zooming In With Two Fingers,Zooming Out With Two Fingers
14968,Turning Hand Clockwise,Turning Hand Counterclockwise
1690,Pulling Two Fingers In,Pulling Hand In
123320,Pushing Two Fingers Away,Sliding Two Fingers Down
24129,Turning Hand Clockwise,Shaking Hand
56932,Swiping Left,No gesture
143529,Sliding Two Fingers Left,Swiping Left
11027,Doing other things,Thumb Up
87388,Swiping Up,Swiping Left
82589,Swiping Left,No gesture
53443,Sliding Two Fingers Down,Pushing Two Fingers Away
147909,Pushing Two Fingers Away,Sliding Two Fingers Down
79132,Shaking Hand,Doing other things
96236,Sliding Two Fingers Up,Sliding Two Fingers Down
130940,Pulling Two Fingers In,No gesture
4098,Pulling Two Fingers In,Doing other things
94213,Thumb Down,Pushing Two Fingers Away
135052,Swiping Down,Rolling Hand Forward
128964,Pulling Two Fingers In,Doing other things
51734,Swiping Right,No gesture
91557,Turning Hand Clockwise,Turning Hand Counterclockwise
66051,Sliding Two Fingers Down,Pushing Two Fingers Away
119273,Stop Sign,Pushing Hand Away
125955,Pulling Two Fingers In,Pushing Two Fingers Away
34640,Swiping Up,No gesture
46360,Zooming Out With Full Hand,Zooming In With Full Hand
40471,Sliding Two Fingers Right,Swiping Right
74536,Shaking Hand,Rolling Hand Backward
116512,Sliding Two Fingers Down,Zooming Out With Two Fingers
68546,Swiping Up,No gesture
14271,Pushing Hand Away,Doing other things
47961,Swiping Down,Drumming Fingers
95919,Sliding Two Fingers Left,Swiping Left
100240,Turning Hand Clockwise,Turning Hand Counterclockwise
110717,Rolling Hand Forward,Rolling Hand Backward
142432,Pulling Two Fingers In,Zooming In With Full Hand
126732,No gesture,Doing other things
97281,Pulling Hand In,Pushing Hand Away
59358,Doing other things,Drumming Fingers
15493,Turning Hand Counterclockwise,Shaking Hand
100505,Pulling Two Fingers In,Pulling Hand In
76947,Swiping Up,Pulling Hand In
33330,Shaking Hand,Pushing Hand Away
63363,Pushing Hand Away,Thumb Up
18654,Sliding Two Fingers Left,Swiping Left
85722,Pulling Hand In,Swiping Up
19008,Turning Hand Clockwise,Shaking Hand
55367,Swiping Left,Doing other things
117434,Zooming In With Two Fingers,Zooming Out With Two Fingers
21573,Sliding Two Fingers Up,Pushing Two Fingers Away
34156,Rolling Hand Forward,Rolling Hand Backward
19718,Rolling Hand Backward,Rolling Hand Forward
71028,Zooming Out With Full Hand,Zooming In With Full Hand
42760,Shaking Hand,Zooming Out With Full Hand
145292,Swiping Down,No gesture
70211,Swiping Right,Sliding Two Fingers Right
81249,No gesture,Doing other things
88353,Rolling Hand Forward,No gesture
60831,Swiping Down,Rolling Hand Backward
80114,Rolling Hand Forward,Doing other things
60369,Turning Hand Clockwise,Turning Hand Counterclockwise
147727,Sliding Two Fingers Down,Sliding Two Fingers Up
110046,Stop Sign,Pushing Hand Away
15369,Sliding Two Fingers Left,Sliding Two Fingers Right
109740,Swiping Left,Turning Hand Counterclockwise
64832,Turning Hand Clockwise,Turning Hand Counterclockwise
132316,Turning Hand Counterclockwise,Turning Hand Clockwise
63064,Sliding Two Fingers Down,Swiping Up
111344,Swiping Down,No gesture
99971,Sliding Two Fingers Left,Sliding Two Fingers Right
66465,Sliding Two Fingers Left,Sliding Two Fingers Right
29964,Zooming In With Full Hand,Doing other things
74363,Rolling Hand Backward,Rolling Hand Forward
35500,Swiping Right,No gesture
145062,Stop Sign,Pushing Hand Away
127124,Zooming In With Full Hand,Shaking Hand
103383,Sliding Two Fingers Down,No gesture
120054,Stop Sign,Pushing Hand Away
72102,Sliding Two Fingers Up,Rolling Hand Forward
68477,Doing other things,Rolling Hand Backward
19771,Zooming Out With Full Hand,Shaking Hand
102902,Turning Hand Counterclockwise,Pulling Hand In
6311,Pulling Hand In,Pulling Two Fingers In
118786,Rolling Hand Backward,Sliding Two Fingers Left
44197,Sliding Two Fingers Right,Sliding Two Fingers Left
38224,Rolling Hand Backward,Doing other things
143824,Zooming Out With Two Fingers,Thumb Down
130841,Swiping Up,Pulling Hand In
56182,No gesture,Doing other things
74383,Sliding Two Fingers Left,Doing other things
60409,Zooming In With Full Hand,Turning Hand Clockwise
118606,Pushing Two Fingers Away,Pulling Two Fingers In
119219,Rolling Hand Forward,Rolling Hand Backward
133885,Swiping Right,Pulling Two Fingers In
53244,Turning Hand Clockwise,Shaking Hand
82740,Turning Hand Clockwise,Turning Hand Counterclockwise
45905,Pulling Two Fingers In,Doing other things
34323,Doing other things,Zooming Out With Full Hand
128029,Sliding Two Fingers Up,Pushing Two Fingers Away
69725,Pulling Hand In,Pulling Two Fingers In
88017,Swiping Right,Doing other things
143334,Zooming Out With Full Hand,Doing other things
79226,Shaking Hand,Doing other things
79532,Pulling Two Fingers In,Doing other things
15175,Swiping Up,Swiping Down
2817,Sliding Two Fingers Up,Sliding Two Fingers Down
26249,Swiping Down,Pushing Two Fingers Away
6528,Turning Hand Counterclockwise,Swiping Down
17092,Sliding Two Fingers Down,Sliding Two Fingers Up
142263,Swiping Down,Thumb Down
127135,Zooming In With Full Hand,Zooming Out With Two Fingers
132481,Zooming Out With Two Fingers,Sliding Two Fingers Right
3136,Doing other things,Thumb Down
88176,Sliding Two Fingers Right,Thumb Up
63734,Pulling Two Fingers In,Swiping Right
6734,Rolling Hand Backward,Doing other things
89976,Pulling Two Fingers In,Doing other things
124670,Pushing Hand Away,Stop Sign
8280,Shaking Hand,Turning Hand Counterclockwise
14982,Zooming In With Full Hand,Shaking Hand
8269,Zooming Out With Full Hand,Zooming In With Full Hand
57830,Sliding Two Fingers Left,Swiping Right
6146,Sliding Two Fingers Left,Swiping Left
12590,Rolling Hand Forward,Rolling Hand Backward
52440,Pushing Hand Away,Stop Sign
31708,Pushing Hand Away,No gesture
84158,Zooming In With Full Hand,Thumb Down
141839,Doing other things,Swiping Left
35813,Zooming Out With Full Hand,Zooming In With Two Fingers
93499,Swiping Left,Sliding Two Fingers Left
123216,Swiping Down,No gesture
109728,Sliding Two Fingers Up,Sliding Two Fingers Down
60488,Zooming In With Two Fingers,Doing other things
60423,Swiping Up,Sliding Two Fingers Down
125447,Sliding Two Fingers Right,Sliding Two Fingers Left
1757,Swiping Right,Swiping Up
20571,Pulling Hand In,Pulling Two Fingers In
137724,Sliding Two Fingers Right,Sliding Two Fingers Left
121333,Doing other things,Rolling Hand Forward
10199,Sliding Two Fingers Up,Pushing Two Fingers Away
86347,Thumb Down,Swiping Left
91811,Swiping Right,Swiping Down
94845,Zooming In With Full Hand,Zooming Out With Full Hand
30745,Drumming Fingers,Rolling Hand Backward
35774,Pulling Two Fingers In,Doing other things
16165,Shaking Hand,Swiping Up
28215,Rolling Hand Backward,Rolling Hand Forward
8746,Doing other things,Thumb Up
382,Turning Hand Clockwise,Doing other things
137649,Zooming Out With Full Hand,Turning Hand Counterclockwise
58201,Pulling Two Fingers In,Pulling Hand In
135435,Pushing Two Fingers Away,Swiping Up
55504,Swiping Down,No gesture
39167,Zooming In With Full Hand,Turning Hand Clockwise
134361,Swiping Right,No gesture
1331,Rolling Hand Forward,Rolling Hand Backward
8757,Rolling Hand Forward,Doing other things
139422,Zooming Out With Full Hand,Zooming In With Full Hand
10395,Sliding Two Fingers Up,Sliding Two Fingers Right
137111,Doing other things,Swiping Left
14769,Pushing Two Fingers Away,Sliding Two Fingers Right
100090,Doing other things,Swiping Right
144661,Rolling Hand Backward,Rolling Hand Forward
73204,Zooming In With Two Fingers,Zooming Out With Two Fingers
89714,Sliding Two Fingers Down,No gesture
782,No gesture,Pulling Two Fingers In
124949,Doing other things,Sliding Two Fingers Up
47546,Swiping Left,Swiping Right
116465,Pushing Two Fingers Away,Sliding Two Fingers Right
97711,Rolling Hand Backward,Thumb Down
25472,Sliding Two Fingers Left,Sliding Two Fingers Right
88551,No gesture,Doing other things
22291,Thumb Up,Sliding Two Fingers Left
59861,Rolling Hand Forward,Rolling Hand Backward
133619,Rolling Hand Forward,Rolling Hand Backward
14878,Swiping Right,Sliding Two Fingers Right
112694,Sliding Two Fingers Right,Swiping Right
79496,Sliding Two Fingers Up,Pushing Hand Away
83001,Swiping Left,Shaking Hand
2081,Sliding Two Fingers Up,Swiping Down
64503,Sliding Two Fingers Right,Zooming Out With Two Fingers
143486,Doing other things,Sliding Two Fingers Up
33997,Rolling Hand Forward,Swiping Left
6785,Rolling Hand Forward,Rolling Hand Backward
5437,Sliding Two Fingers Down,No gesture
95447,Zooming In With Full Hand,Zooming Out With Full Hand
144074,Pushing Hand Away,Doing other things
16683,Zooming Out With Full Hand,Zooming In With Full Hand
100420,Sliding Two Fingers Left,Sliding Two Fingers Right
133167,No gesture,Swiping Down
119841,Rolling Hand Backward,Rolling Hand Forward
59121,Zooming In With Full Hand,Shaking Hand
145455,Swiping Right,Shaking Hand
120839,Doing other things,Pulling Two Fingers In
14816,No gesture,Doing other things
48392,Rolling Hand Backward,Rolling Hand Forward
104765,No gesture,Swiping Right
120549,Thumb Down,Swiping Down
38122,No gesture,Swiping Left
119810,Turning Hand Counterclockwise,Turning Hand Clockwise
143613,Swiping Up,Swiping Down
125345,Swiping Up,No gesture
118537,Zooming Out With Full Hand,Zooming In With Full Hand
42493,Sliding Two Fingers Left,No gesture
72119,Swiping Right,Doing other things
48105,Turning Hand Clockwise,Turning Hand Counterclockwise
105379,Zooming Out With Two Fingers,Drumming Fingers
168,Drumming Fingers,Zooming In With Full Hand
96529,Sliding Two Fingers Up,Doing other things
25855,Zooming In With Two Fingers,Zooming Out With Two Fingers
57556,Sliding Two Fingers Up,Pushing Two Fingers Away
63305,Swiping Down,No gesture
12279,Swiping Left,Swiping Right
10254,Doing other things,Drumming Fingers
50855,Pushing Two Fingers Away,Swiping Left
112559,Sliding Two Fingers Up,Sliding Two Fingers Down
139172,Sliding Two Fingers Right,Doing other things
114485,Turning Hand Clockwise,Doing other things
96341,Pushing Two Fingers Away,Drumming Fingers
58852,Turning Hand Counterclockwise,Shaking Hand
38278,Sliding Two Fingers Left,Doing other things
121288,Pulling Hand In,Shaking Hand
141587,Rolling Hand Forward,Thumb Down
5565,Doing other things,Rolling Hand Forward
81127,Sliding Two Fingers Left,Sliding Two Fingers Right
83541,Sliding Two Fingers Up,Sliding Two Fingers Down
120144,Sliding Two Fingers Left,Pulling Two Fingers In
107634,Pushing Hand Away,Stop Sign
56559,Sliding Two Fingers Up,Doing other things
82443,Swiping Right,Zooming Out With Full Hand
5063,Doing other things,Zooming In With Full Hand
89935,Doing other things,Rolling Hand Forward
147845,Thumb Up,Swiping Down
130739,Sliding Two Fingers Right,Thumb Up
48995,Zooming Out With Two Fingers,Pushing Two Fingers Away
119437,Rolling Hand Forward,Rolling Hand Backward
120701,Swiping Down,No gesture
46456,Pushing Two Fingers Away,Thumb Up
80453,Swiping Right,Swiping Left
120077,Doing other things,Pushing Hand Away
38801,Swiping Left,Swiping Right
64438,Rolling Hand Backward,Zooming In With Full Hand
140482,Swiping Left,Swiping Right
127375,Rolling Hand Forward,Rolling Hand Backward
62007,No gesture,Swiping Down
22431,Zooming Out With Two Fingers,Zooming In With Two Fingers
86841,Rolling Hand Backward,Doing other things
8488,Zooming Out With Full Hand,Zooming In With Full Hand
77484,Pushing Hand Away,Doing other things
12808,Pulling Hand In,Rolling Hand Forward
140867,Pushing Hand Away,Stop Sign
38646,Rolling Hand Backward,Rolling Hand Forward
21804,Sliding Two Fingers Left,Sliding Two Fingers Right
98511,Drumming Fingers,Zooming In With Two Fingers
724,Stop Sign,Pushing Hand Away
136254,Zooming Out With Two Fingers,Doing other things
75091,Swiping Left,Zooming Out With Two Fingers
15569,Swiping Up,Doing other things
11531,Sliding Two Fingers Left,Thumb Up
18131,Turning Hand Counterclockwise,Turning Hand Clockwise
75371,Sliding Two Fingers Down,Pushing Two Fingers Away
571,Swiping Down,Drumming Fingers
143392,Zooming In With Two Fingers,Zooming Out With Two Fingers
103742,Zooming In With Two Fingers,Drumming Fingers
76544,Sliding Two Fingers Left,Sliding Two Fingers Right
11316,Sliding Two Fingers Right,Swiping Left
92867,Pulling Two Fingers In,Doing other things
52561,Sliding Two Fingers Down,No gesture
70009,Swiping Down,Rolling Hand Backward
2181,Zooming Out With Full Hand,Zooming In With Full Hand
7816,Turning Hand Counterclockwise,Rolling Hand Backward
103151,Sliding Two Fingers Down,No gesture
129029,No gesture,Sliding Two Fingers Up
20245,Pulling Two Fingers In,Doing other things
38321,Swiping Right,Thumb Down
61076,Pulling Two Fingers In,Pulling Hand In
17185,Zooming Out With Full Hand,Zooming In With Two Fingers
30346,Turning Hand Clockwise,Shaking Hand
128659,Swiping Down,No gesture
98741,Sliding Two Fingers Up,Sliding Two Fingers Down
119555,Swiping Up,Shaking Hand
142107,Swiping Up,Rolling Hand Forward
74037,Turning Hand Counterclockwise,Sliding Two Fingers Left
50453,Sliding Two Fingers Left,Sliding Two Fingers Right
106099,Stop Sign,Pushing Hand Away
48759,Swiping Right,No gesture
132993,Drumming Fingers,Rolling Hand Backward
65110,Swiping Down,Swiping Right
31661,Doing other things,Rolling Hand Backward
137837,Sliding Two Fingers Down,No gesture
137987,Doing other things,Rolling Hand Backward
133907,Stop Sign,Swiping Down
61464,Doing other things,Pulling Two Fingers In
100823,Pulling Hand In,Turning Hand Counterclockwise
138697,Pulling Hand In,Doing other things
76017,Swiping Up,Swiping Right
58309,Sliding Two Fingers Right,Doing other things
94904,Shaking Hand,Turning Hand Counterclockwise
143754,Doing other things,Turning Hand Clockwise
107402,Turning Hand Clockwise,Turning Hand Counterclockwise
12613,Swiping Up,Pulling Hand In
89781,Turning Hand Counterclockwise,Turning Hand Clockwise
34906,Swiping Down,No gesture
96545,Pulling Two Fingers In,Zooming Out With Two Fingers
40322,Turning Hand Clockwise,Zooming In With Full Hand
82677,Pulling Hand In,Swiping Up
140440,Sliding Two Fingers Left,Swiping Left
15301,Doing other things,Pulling Hand In
51134,Thumb Up,Pushing Two Fingers Away
136724,Swiping Up,Pulling Hand In
54487,Swiping Down,No gesture
81711,Swiping Up,Doing other things
136922,Rolling Hand Forward,Rolling Hand Backward
12941,Sliding Two Fingers Right,Zooming In With Two Fingers
47241,Sliding Two Fingers Left,Zooming In With Two Fingers
29437,Zooming In With Full Hand,Shaking Hand
94451,Pulling Two Fingers In,Rolling Hand Forward
20858,Swiping Right,Sliding Two Fingers Up
78055,Sliding Two Fingers Right,Thumb Up
5753,Rolling Hand Forward,Doing other things
95653,Swiping Right,Thumb Up
7061,Swiping Down,Swiping Right
81230,Doing other things,Sliding Two Fingers Down
69588,Thumb Down,Swiping Left
8051,Turning Hand Clockwise,Turning Hand Counterclockwise
113290,Zooming Out With Full Hand,Turning Hand Clockwise
135256,Zooming Out With Two Fingers,Zooming In With Two Fingers
105685,Swiping Up,Pulling Hand In
2258,Pulling Hand In,No gesture
143859,Shaking Hand,Sliding Two Fingers Left
110191,Rolling Hand Forward,Pulling Two Fingers In
121406,Shaking Hand,Swiping Up
35861,No gesture,Thumb Up
106459,Pulling Hand In,Thumb Up
114197,Sliding Two Fingers Left,Sliding Two Fingers Right
53234,Turning Hand Clockwise,Thumb Down
6376,Pulling Hand In,Pulling Two Fingers In
19155,Swiping Left,No gesture
69395,Turning Hand Clockwise,Shaking Hand
129594,Zooming Out With Two Fingers,Sliding Two Fingers Down
124921,Rolling Hand Forward,Rolling Hand Backward
21674,Swiping Left,Swiping Right
932,Sliding Two Fingers Right,Doing other things
52064,Rolling Hand Backward,Rolling Hand Forward
30208,Zooming Out With Full Hand,Swiping Down
110968,Doing other things,Drumming Fingers
19902,Swiping Right,No gesture
37275,Zooming In With Full Hand,Zooming Out With Two Fingers
17951,Sliding Two Fingers Down,No gesture
146015,Pulling Two Fingers In,Pulling Hand In
45721,Swiping Left,Sliding Two Fingers Left
85591,No gesture,Thumb Up
128576,Thumb Up,Sliding Two Fingers Right
100691,Sliding Two Fingers Down,Thumb Up
28643,Sliding Two Fingers Right,No gesture
63954,No gesture,Doing other things
78889,Rolling Hand Backward,Doing other things
60050,Zooming Out With Two Fingers,Zooming In With Two Fingers
81512,Doing other things,No gesture
140975,Doing other things,Rolling Hand Forward
121337,Swiping Up,Rolling Hand Forward
41170,Swiping Down,No gesture
146091,Swiping Right,Swiping Left
125636,Sliding Two Fingers Right,Swiping Right
43759,Turning Hand Counterclockwise,Shaking Hand
74587,Sliding Two Fingers Down,Swiping Left
119401,Pulling Hand In,Shaking Hand
80499,Zooming Out With Full Hand,Zooming In With Full Hand
146659,Pushing Hand Away,Stop Sign
20776,Zooming In With Full Hand,Turning Hand Counterclockwise
39173,Pulling Two Fingers In,Pulling Hand In
80183,Zooming Out With Two Fingers,Zooming Out With Full Hand
125443,Stop Sign,Pushing Hand Away
50926,Rolling Hand Backward,Rolling Hand Forward
43708,Zooming In With Full Hand,Swiping Up
83069,Turning Hand Counterclockwise,Sliding Two Fingers Right
42626,Shaking Hand,Thumb Down
15333,Thumb Up,Doing other things
11732,Turning Hand Counterclockwise,Doing other things
67160,Swiping Up,Swiping Left
122016,Swiping Left,Swiping Right
21711,Sliding Two Fingers Down,Doing other things
67408,Rolling Hand Forward,Rolling Hand Backward
56020,Rolling Hand Forward,Rolling Hand Backward
114497,Rolling Hand Backward,Swiping Down
49023,Zooming Out With Full Hand,Zooming In With Full Hand
143768,Sliding Two Fingers Down,Pushing Two Fingers Away
97773,Zooming In With Full Hand,Turning Hand Counterclockwise
104953,Pushing Two Fingers Away,Pulling Two Fingers In
4711,Zooming In With Two Fingers,Zooming Out With Two Fingers
45636,Sliding Two Fingers Right,Swiping Left
32159,Swiping Left,Thumb Up
49345,Turning Hand Clockwise,Doing other things
71848,Swiping Down,Doing other things
130067,Zooming In With Two Fingers,Zooming Out With Two Fingers
38216,Swiping Down,Rolling Hand Forward
143841,Pulling Hand In,No gesture
88575,Swiping Down,Pushing Hand Away
124358,Rolling Hand Forward,Rolling Hand Backward
20489,Sliding Two Fingers Right,Pushing Hand Away
111826,Zooming Out With Two Fingers,Pushing Hand Away
146874,Zooming In With Two Fingers,Zooming Out With Two Fingers
25190,Pushing Two Fingers Away,Sliding Two Fingers Down
46589,Zooming In With Two Fingers,Thumb Down
48134,Sliding Two Fingers Down,Swiping Left
136542,Doing other things,Swiping Left
141149,Sliding Two Fingers Right,Sliding Two Fingers Left
20983,Rolling Hand Backward,Rolling Hand Forward
86995,Swiping Right,Drumming Fingers
79571,Turning Hand Clockwise,Swiping Left
30660,Sliding Two Fingers Up,Pushing Two Fingers Away
70155,Zooming In With Full Hand,Rolling Hand Forward
48515,Turning Hand Counterclockwise,Turning Hand Clockwise
114723,Swiping Right,Sliding Two Fingers Right
57148,Thumb Down,Swiping Up
18242,Zooming In With Two Fingers,Thumb Up
131849,Swiping Right,Sliding Two Fingers Right
72076,Sliding Two Fingers Up,Pushing Two Fingers Away
50984,Sliding Two Fingers Down,Swiping Right
97921,Sliding Two Fingers Down,Swiping Left
62600,Rolling Hand Forward,Rolling Hand Backward
10937,Zooming Out With Two Fingers,Rolling Hand Forward
82710,Shaking Hand,Zooming In With Full Hand
4067,Swiping Left,Swiping Right
100789,Swiping Down,Doing other things
11384,Turning Hand Counterclockwise,Swiping Up
63667,No gesture,Swiping Left
4357,Swiping Left,Doing other things
101399,Sliding Two Fingers Right,Sliding Two Fingers Left
82805,Swiping Up,No gesture
31599,Swiping Right,No gesture
145294,Swiping Down,Doing other things
39370,Thumb Down,Drumming Fingers
100126,Swiping Left,Sliding Two Fingers Right
5794,Zooming Out With Two Fingers,Zooming In With Two Fingers
58624,Swiping Down,Swiping Left
6575,Swiping Right,No gesture
15971,Thumb Down,Zooming Out With Two Fingers
55407,Swiping Up,Shaking Hand
42747,Turning Hand Counterclockwise,Shaking Hand
35274,Sliding Two Fingers Up,Pushing Two Fingers Away
133292,Turning Hand Clockwise,Swiping Left
110703,Swiping Down,Drumming Fingers
56697,Shaking Hand,No gesture
39712,Sliding Two Fingers Left,Thumb Up
141157,Sliding Two Fingers Left,Sliding Two Fingers Right
34788,Pulling Two Fingers In,Swiping Right
33691,Swiping Right,Doing other things
20216,Pulling Hand In,Pulling Two Fingers In
64113,Rolling Hand Backward,Rolling Hand Forward
143608,Sliding Two Fingers Down,No gesture
75397,Sliding Two Fingers Down,Pushing Two Fingers Away
87256,Zooming In With Full Hand,Drumming Fingers
7069,Swiping Left,Swiping Up
62711,Turning Hand Clockwise,Turning Hand Counterclockwise
91332,Doing other things,No gesture
33140,No gesture,Sliding Two Fingers Left
138359,Zooming Out With Two Fingers,Sliding Two Fingers Left
3476,Swiping Up,Swiping Right
113718,Swiping Down,Pushing Hand Away
112800,Pushing Hand Away,Doing other things
129020,Swiping Right,Swiping Left
77278,Pulling Hand In,Doing other things
100445,Sliding Two Fingers Left,Sliding Two Fingers Right
118957,Sliding Two Fingers Left,Sliding Two Fingers Right
37868,Pushing Hand Away,Stop Sign
121695,Pushing Hand Away,Stop Sign
60197,Pushing Hand Away,Doing other things
67217,Zooming Out With Two Fingers,Pushing Two Fingers Away
66586,Turning Hand Clockwise,Swiping Up
61463,Sliding Two Fingers Right,Rolling Hand Backward
68360,Turning Hand Clockwise,Stop Sign
37788,Swiping Up,Rolling Hand Backward
139440,Swiping Down,Drumming Fingers
145718,Pulling Two Fingers In,No gesture
38661,Swiping Up,Turning Hand Counterclockwise
7787,Swiping Left,Pulling Hand In
115413,Turning Hand Clockwise,Zooming In With Full Hand
6355,Shaking Hand,Swiping Down
16369,Thumb Up,Pulling Two Fingers In
23029,Sliding Two Fingers Down,Swiping Down
18263,Swiping Up,Pulling Hand In
71282,Pulling Hand In,Pulling Two Fingers In
40805,Pulling Hand In,Doing other things
19678,Sliding Two Fingers Left,Swiping Left
29329,Swiping Up,Pulling Hand In
80958,Zooming Out With Two Fingers,Zooming In With Two Fingers
43799,Zooming Out With Full Hand,Turning Hand Clockwise
142359,Zooming Out With Full Hand,Shaking Hand
62595,Doing other things,Sliding Two Fingers Left
117675,Zooming Out With Full Hand,Turning Hand Clockwise
80673,Zooming Out With Two Fingers,Zooming In With Two Fingers
109610,Doing other things,Sliding Two Fingers Right
91157,Rolling Hand Forward,Rolling Hand Backward
5492,Doing other things,Swiping Left
9296,Pulling Two Fingers In,Pulling Hand In
41594,Pushing Two Fingers Away,Sliding Two Fingers Down
66226,Sliding Two Fingers Left,Sliding Two Fingers Right
100433,Pushing Hand Away,Stop Sign
85004,Swiping Right,Doing other things
67047,Swiping Down,Pulling Two Fingers In
84330,Zooming Out With Two Fingers,Zooming In With Two Fingers
103444,Sliding Two Fingers Right,Sliding Two Fingers Left
89205,Shaking Hand,Turning Hand Clockwise
130225,Turning Hand Counterclockwise,Doing other things
57909,Swiping Left,Swiping Down
85063,Swiping Right,No gesture
58186,Zooming Out With Two Fingers,Shaking Hand
106723,Swiping Right,Swiping Down
66815,Stop Sign,Pushing Hand Away
67890,Zooming Out With Full Hand,Thumb Down
80412,Shaking Hand,Doing other things
61758,Sliding Two Fingers Down,Pushing Two Fingers Away
16916,Zooming In With Two Fingers,Zooming Out With Two Fingers
71410,Drumming Fingers,Sliding Two Fingers Up
131094,Turning Hand Clockwise,Turning Hand Counterclockwise
3240,Pushing Two Fingers Away,Thumb Down
11304,Rolling Hand Forward,Rolling Hand Backward
53647,Sliding Two Fingers Left,Rolling Hand Backward
58666,Sliding Two Fingers Right,Doing other things
81628,Sliding Two Fingers Left,Swiping Left
21181,Zooming In With Full Hand,Zooming Out With Full Hand
134095,Swiping Up,Doing other things
39010,Pushing Two Fingers Away,Doing other things
80687,Rolling Hand Forward,Rolling Hand Backward
106107,Doing other things,Swiping Right
35529,No gesture,Swiping Up
144279,No gesture,Pulling Two Fingers In
27241,Turning Hand Clockwise,Turning Hand Counterclockwise
67173,Zooming Out With Full Hand,Zooming In With Full Hand
337,Zooming Out With Full Hand,Pushing Two Fingers Away
106145,Pushing Hand Away,Stop Sign
119233,Sliding Two Fingers Up,Sliding Two Fingers Down
124609,Sliding Two Fingers Down,Thumb Up
90076,Swiping Up,Sliding Two Fingers Down
78962,Pushing Hand Away,Sliding Two Fingers Up
115157,Zooming In With Two Fingers,Zooming Out With Two Fingers
69385,Pushing Two Fingers Away,No gesture
19990,Swiping Up,Pulling Hand In
1358,Pushing Two Fingers Away,Pulling Two Fingers In
136858,Pulling Two Fingers In,Swiping Left
137163,Turning Hand Clockwise,Turning Hand Counterclockwise
42611,Pushing Two Fingers Away,Swiping Right
137067,Turning Hand Clockwise,Turning Hand Counterclockwise
56406,Thumb Up,Swiping Left
46096,Sliding Two Fingers Left,Doing other things
118591,Turning Hand Clockwise,Turning Hand Counterclockwise
98255,Zooming In With Two Fingers,Zooming Out With Two Fingers
54015,Doing other things,Zooming In With Full Hand
83129,Swiping Right,Sliding Two Fingers Left
30402,Rolling Hand Backward,Pulling Two Fingers In
133781,Turning Hand Clockwise,Turning Hand Counterclockwise
136456,Sliding Two Fingers Down,Sliding Two Fingers Up
75863,No gesture,Doing other things
128830,No gesture,Doing other things
41337,Zooming In With Full Hand,Zooming Out With Full Hand
77652,Zooming In With Full Hand,Pulling Hand In
32329,Swiping Up,No gesture
139187,Swiping Left,Sliding Two Fingers Right
85145,Doing other things,Rolling Hand Backward
68641,Pushing Two Fingers Away,Swiping Up
139463,Pushing Two Fingers Away,Zooming In With Full Hand
102198,Swiping Down,Doing other things
9385,Sliding Two Fingers Up,Pushing Two Fingers Away
83890,Swiping Down,Rolling Hand Forward
39697,Sliding Two Fingers Right,Swiping Left
68244,Swiping Down,Doing other things
32552,Shaking Hand,Doing other things
135027,Rolling Hand Backward,Rolling Hand Forward
47301,Swiping Left,Swiping Right
125356,Turning Hand Clockwise,Turning Hand Counterclockwise
110655,Sliding Two Fingers Down,Swiping Down
69400,Rolling Hand Forward,Rolling Hand Backward
48815,Sliding Two Fingers Right,Rolling Hand Forward
64906,Pulling Hand In,Pulling Two Fingers In
115194,Zooming Out With Two Fingers,Zooming Out With Full Hand
56392,Turning Hand Clockwise,Turning Hand Counterclockwise
58205,Pulling Two Fingers In,Pulling Hand In
121266,Swiping Left,Sliding Two Fingers Left
93850,Swiping Right,Swiping Down
33994,Turning Hand Counterclockwise,Turning Hand Clockwise
125003,Sliding Two Fingers Up,Sliding Two Fingers Down
54061,Sliding Two Fingers Up,Thumb Up
107478,Sliding Two Fingers Up,Sliding Two Fingers Down
106306,Stop Sign,Pushing Hand Away
128179,Sliding Two Fingers Up,Pulling Hand In
16778,No gesture,Pulling Two Fingers In
106622,Sliding Two Fingers Right,No gesture
138569,Rolling Hand Forward,Rolling Hand Backward
65584,Zooming Out With Two Fingers,Pulling Two Fingers In
7474,Swiping Right,Swiping Left
88437,Shaking Hand,Turning Hand Clockwise
136547,Pulling Hand In,Swiping Up
63976,Zooming In With Full Hand,Zooming Out With Full Hand
38919,Doing other things,Zooming In With Two Fingers
109193,Pushing Two Fingers Away,Sliding Two Fingers Down
67693,Sliding Two Fingers Down,Sliding Two Fingers Up
96537,Swiping Down,Pulling Two Fingers In
100510,Sliding Two Fingers Left,Sliding Two Fingers Right
43370,Sliding Two Fingers Up,Sliding Two Fingers Down
64621,Swiping Right,Swiping Left
61131,Rolling Hand Forward,Rolling Hand Backward
40859,Zooming In With Full Hand,Zooming Out With Full Hand
101813,Swiping Left,No gesture
42412,Doing other things,No gesture
97188,Swiping Left,No gesture
143515,Swiping Right,No gesture
68503,Turning Hand Clockwise,Turning Hand Counterclockwise
2359,Sliding Two Fingers Right,Doing other things
40876,Zooming In With Full Hand,Zooming Out With Two Fingers
108862,Swiping Left,Rolling Hand Forward
31590,No gesture,Doing other things
112306,Sliding Two Fingers Left,Thumb Up
137776,Swiping Up,Sliding Two Fingers Up
6863,Pushing Two Fingers Away,Doing other things
119521,Swiping Down,Swiping Left
82738,Swiping Right,Swiping Left
59787,Swiping Down,No gesture
60354,Sliding Two Fingers Up,Doing other things
109911,Zooming Out With Two Fingers,Zooming Out With Full Hand
138453,Pulling Hand In,Swiping Left
8822,Swiping Right,Sliding Two Fingers Right
144616,Thumb Up,Sliding Two Fingers Down
76413,Thumb Down,Doing other things
101167,Swiping Left,No gesture
26995,Zooming In With Two Fingers,Zooming Out With Two Fingers
77773,Drumming Fingers,Zooming In With Two Fingers
138207,Sliding Two Fingers Left,Sliding Two Fingers Right
61099,Turning Hand Counterclockwise,Turning Hand Clockwise
15781,Swiping Up,Pulling Hand In
59735,Thumb Up,Swiping Left
122998,Pulling Hand In,Swiping Up
68539,Swiping Left,No gesture
28714,Shaking Hand,Swiping Right
44186,Swiping Up,Pulling Hand In
142415,Swiping Right,No gesture
54740,Swiping Down,Stop Sign
37899,Zooming In With Full Hand,Thumb Up
49143,Swiping Right,Thumb Up
101865,Zooming Out With Full Hand,Zooming In With Full Hand
24485,Sliding Two Fingers Up,Doing other things
68483,Sliding Two Fingers Right,Doing other things
11645,Zooming Out With Full Hand,Zooming In With Full Hand
59245,Swiping Right,No gesture
71084,Rolling Hand Forward,Rolling Hand Backward
71624,Sliding Two Fingers Right,Swiping Right
18196,Swiping Down,Doing other things
58343,Sliding Two Fingers Left,No gesture
103127,Drumming Fingers,Rolling Hand Forward
19950,Swiping Right,No gesture
28785,Sliding Two Fingers Right,No gesture
103875,Rolling Hand Backward,Rolling Hand Forward
125078,Drumming Fingers,Doing other things
41016,Stop Sign,Shaking Hand
101432,Zooming In With Full Hand,Pulling Hand In
111342,Sliding Two Fingers Up,Sliding Two Fingers Down
26781,Zooming Out With Full Hand,Zooming Out With Two Fingers
92921,Stop Sign,Pushing Hand Away
38649,Pushing Two Fingers Away,Sliding Two Fingers Up
21791,Swiping Left,Swiping Right
65142,Pushing Two Fingers Away,No gesture
51794,Sliding Two Fingers Left,Sliding Two Fingers Right
103885,Swiping Left,Swiping Right
45216,Swiping Down,No gesture
16796,Rolling Hand Backward,Rolling Hand Forward
20932,Swiping Left,No gesture
57212,Rolling Hand Backward,No gesture
8214,Zooming In With Full Hand,Swiping Right
75419,Sliding Two Fingers Right,No gesture
14273,Rolling Hand Forward,Rolling Hand Backward
77722,Sliding Two Fingers Left,Sliding Two Fingers Right
118716,Swiping Up,Pulling Hand In
107244,Thumb Down,Doing other things
52024,Zooming Out With Two Fingers,Pulling Two Fingers In
124727,Sliding Two Fingers Up,Doing other things
19279,Swiping Down,Sliding Two Fingers Down
53780,Swiping Up,Pulling Hand In
27377,Zooming In With Full Hand,Zooming In With Two Fingers
29942,Rolling Hand Forward,Rolling Hand Backward
48971,No gesture,Doing other things
43398,No gesture,Doing other things
41969,Pulling Two Fingers In,Pulling Hand In
36518,Sliding Two Fingers Left,Doing other things
91637,Drumming Fingers,Doing other things
88898,Zooming In With Two Fingers,Swiping Up
109882,Rolling Hand Backward,Rolling Hand Forward
28968,Swiping Left,Sliding Two Fingers Right
123679,Zooming In With Two Fingers,Zooming Out With Two Fingers
7275,Doing other things,Pulling Hand In
18871,Sliding Two Fingers Up,Sliding Two Fingers Down
10836,Drumming Fingers,Swiping Down
84351,Sliding Two Fingers Down,Sliding Two Fingers Up
128244,Shaking Hand,Zooming Out With Full Hand
9836,Swiping Down,No gesture
56586,Pushing Two Fingers Away,Doing other things
10054,Turning Hand Clockwise,Turning Hand Counterclockwise
121106,Swiping Right,Doing other things
144509,Sliding Two Fingers Left,Sliding Two Fingers Right
140584,Pulling Hand In,Doing other things
6377,Sliding Two Fingers Down,Pushing Two Fingers Away
136007,Pulling Two Fingers In,Pushing Hand Away
63270,Sliding Two Fingers Right,No gesture
90408,Swiping Left,Stop Sign
123970,Turning Hand Clockwise,Turning Hand Counterclockwise
99427,Swiping Right,Shaking Hand
33697,Sliding Two Fingers Left,No gesture
6806,Sliding Two Fingers Right,Sliding Two Fingers Left
93355,Sliding Two Fingers Left,No gesture
29120,Swiping Up,No gesture
60795,Sliding Two Fingers Up,Sliding Two Fingers Down
16801,Sliding Two Fingers Down,Swiping Up
65043,Pulling Hand In,Swiping Down
33368,Sliding Two Fingers Down,No gesture
106101,No gesture,Swiping Down
6181,Swiping Up,Rolling Hand Backward
2053,Pulling Hand In,Rolling Hand Backward
77034,Sliding Two Fingers Down,Sliding Two Fingers Up
35418,Zooming In With Two Fingers,Doing other things
58894,Thumb Down,Pushing Two Fingers Away
88602,Sliding Two Fingers Left,Rolling Hand Backward
83760,Rolling Hand Forward,Rolling Hand Backward
146506,Zooming Out With Two Fingers,Zooming In With Two Fingers
115775,Shaking Hand,Swiping Right
127673,Swiping Right,Pulling Hand In
35590,Zooming In With Two Fingers,Zooming Out With Two Fingers
71566,Turning Hand Counterclockwise,Swiping Up
117195,Sliding Two Fingers Left,No gesture
79104,Pushing Hand Away,Stop Sign
74524,Rolling Hand Backward,Doing other things
73970,Shaking Hand,Pushing Hand Away
128862,Pushing Two Fingers Away,Turning Hand Clockwise
49846,Zooming In With Full Hand,Zooming In With Two Fingers
6512,Sliding Two Fingers Up,Sliding Two Fingers Down
49878,No gesture,Swiping Left
19971,Swiping Up,Sliding Two Fingers Left
57396,Zooming In With Two Fingers,Zooming Out With Two Fingers
119398,Rolling Hand Forward,Rolling Hand Backward
82672,Turning Hand Clockwise,Pulling Hand In
16477,Zooming In With Full Hand,Zooming Out With Full Hand
7978,Swiping Right,Swiping Left
6651,Zooming In With Two Fingers,Zooming Out With Two Fingers
9492,Pushing Hand Away,Rolling Hand Backward
11993,Swiping Up,Pulling Hand In
128130,Sliding Two Fingers Left,Sliding Two Fingers Right
57505,Zooming Out With Full Hand,Zooming In With Full Hand
78103,Rolling Hand Backward,Rolling Hand Forward
73011,Swiping Left,Sliding Two Fingers Right
147649,Sliding Two Fingers Up,Sliding Two Fingers Down
88728,Sliding Two Fingers Right,Sliding Two Fingers Left
83010,Sliding Two Fingers Left,Sliding Two Fingers Right
108064,Swiping Up,Pulling Hand In
84970,Sliding Two Fingers Right,No gesture
81081,Turning Hand Counterclockwise,Shaking Hand
28114,Rolling Hand Forward,Rolling Hand Backward
130188,Zooming Out With Full Hand,Swiping Left
15475,Sliding Two Fingers Left,Swiping Left
59852,Sliding Two Fingers Down,Sliding Two Fingers Up
40808,Sliding Two Fingers Down,Zooming Out With Two Fingers
112616,Doing other things,Zooming Out With Two Fingers
1035,Zooming In With Two Fingers,Zooming Out With Two Fingers
28923,Zooming Out With Full Hand,Zooming In With Full Hand
49903,Turning Hand Clockwise,Turning Hand Counterclockwise
12337,Zooming Out With Full Hand,Sliding Two Fingers Down
116685,No gesture,Doing other things
55160,No gesture,Zooming Out With Full Hand
25603,Pulling Hand In,Doing other things
145624,Rolling Hand Forward,Thumb Up
140637,Sliding Two Fingers Left,Sliding Two Fingers Right
123123,Stop Sign,Pushing Hand Away
145721,Zooming In With Two Fingers,Zooming Out With Two Fingers
72139,Sliding Two Fingers Down,Pushing Two Fingers Away
136717,Sliding Two Fingers Left,No gesture
92233,Swiping Left,Doing other things
18874,Turning Hand Counterclockwise,Shaking Hand
16280,Swiping Left,Rolling Hand Backward
135887,Shaking Hand,Pushing Hand Away
107477,Stop Sign,Pulling Hand In
88553,Sliding Two Fingers Down,Pushing Two Fingers Away
20600,Swiping Right,No gesture
57601,Doing other things,No gesture
105275,Turning Hand Clockwise,Doing other things
19956,Sliding Two Fingers Up,Drumming Fingers
31871,Sliding Two Fingers Right,Sliding Two Fingers Left
27804,Zooming In With Two Fingers,Doing other things
31359,Pushing Hand Away,Pulling Two Fingers In
129230,Doing other things,Zooming In With Full Hand
91893,Zooming In With Two Fingers,Sliding Two Fingers Right
133258,Swiping Right,Shaking Hand
61339,Rolling Hand Forward,Doing other things
77622,Pushing Hand Away,Pulling Two Fingers In
32122,Zooming In With Two Fingers,Zooming Out With Two Fingers
82530,No gesture,Pulling Two Fingers In
56479,Zooming Out With Two Fingers,Zooming In With Two Fingers
109121,Sliding Two Fingers Right,Sliding Two Fingers Left
124431,Drumming Fingers,Turning Hand Clockwise
142061,Swiping Right,No gesture
51149,Sliding Two Fingers Down,Doing other things
136445,Swiping Right,Sliding Two Fingers Left
123816,Pushing Hand Away,Stop Sign
143381,Turning Hand Counterclockwise,Turning Hand Clockwise
63636,Pulling Two Fingers In,Doing other things
19596,Pulling Two Fingers In,Pulling Hand In
129064,Sliding Two Fingers Right,Pushing Two Fingers Away
9493,Pushing Hand Away,Swiping Up
69284,Pulling Hand In,Doing other things
95116,Sliding Two Fingers Up,Swiping Up
4762,Drumming Fingers,Swiping Down
13546,No gesture,Pulling Two Fingers In
115271,Swiping Up,Sliding Two Fingers Right
34514,Zooming Out With Two Fingers,Zooming Out With Full Hand
41431,Sliding Two Fingers Up,Sliding Two Fingers Down
103730,Swiping Left,Sliding Two Fingers Left
127031,Stop Sign,Pushing Hand Away
60839,Turning Hand Clockwise,Zooming In With Full Hand
6312,Swiping Left,Doing other things
109056,Doing other things,Pulling Two Fingers In
79143,Pulling Hand In,Swiping Up
54707,Pushing Two Fingers Away,Doing other things
93593,Sliding Two Fingers Left,Sliding Two Fingers Right
133439,Turning Hand Counterclockwise,Shaking Hand
8119,Sliding Two Fingers Down,No gesture
75337,No gesture,Swiping Left
129393,Swiping Down,Sliding Two Fingers Down
63617,Zooming In With Full Hand,Zooming Out With Full Hand
18800,Swiping Right,Doing other things
75249,Doing other things,Pushing Hand Away
3376,No gesture,Doing other things
38173,Pushing Two Fingers Away,Sliding Two Fingers Right
21255,Sliding Two Fingers Up,Pushing Two Fingers Away
26113,Turning Hand Clockwise,Zooming In With Full Hand
22599,Sliding Two Fingers Left,Swiping Left
101588,No gesture,Sliding Two Fingers Up
46351,Zooming Out With Full Hand,Zooming In With Full Hand
120506,Sliding Two Fingers Down,Sliding Two Fingers Up
40971,Doing other things,Pulling Two Fingers In
29643,Pulling Two Fingers In,Doing other things
87432,Doing other things,Pulling Two Fingers In
36947,Zooming Out With Full Hand,Zooming In With Full Hand
98501,Rolling Hand Forward,No gesture
107112,Swiping Right,Swiping Left
89764,Turning Hand Counterclockwise,Pushing Two Fingers Away
119709,Pulling Hand In,Thumb Down
124445,Sliding Two Fingers Down,Sliding Two Fingers Up
81753,Sliding Two Fingers Down,Swiping Left
83806,Swiping Down,No gesture
16884,Zooming Out With Full Hand,Zooming In With Full Hand
88047,Sliding Two Fingers Down,Drumming Fingers
57192,Rolling Hand Forward,Rolling Hand Backward
33482,Pushing Hand Away,Stop Sign
40378,Sliding Two Fingers Left,Sliding Two Fingers Down
101067,Swiping Left,Pulling Hand In
134368,Zooming In With Two Fingers,Zooming Out With Two Fingers
121975,Swiping Down,No gesture
43028,Pushing Hand Away,Rolling Hand Backward
114096,Turning Hand Counterclockwise,Turning Hand Clockwise
100580,Sliding Two Fingers Down,Pushing Two Fingers Away
63158,Rolling Hand Forward,Swiping Down
96152,Zooming Out With Full Hand,No gesture
131968,Swiping Down,Doing other things
63555,Thumb Up,Doing other things
146539,Pushing Two Fingers Away,No gesture
44902,Rolling Hand Forward,Doing other things
104183,Sliding Two Fingers Down,Swiping Left
102399,Zooming Out With Two Fingers,Zooming In With Two Fingers
38093,Swiping Left,Swiping Right
27685,Swiping Left,No gesture
102937,Sliding Two Fingers Right,Sliding Two Fingers Left
81504,Pulling Two Fingers In,Doing other things
84160,Pulling Hand In,Swiping Up
127339,Doing other things,Zooming Out With Two Fingers
107499,Sliding Two Fingers Right,Pulling Two Fingers In
37238,Shaking Hand,Turning Hand Counterclockwise
59910,Thumb Up,Swiping Right
111665,Sliding Two Fingers Left,Swiping Right
13149,Pushing Hand Away,Stop Sign
45773,Turning Hand Counterclockwise,Shaking Hand
16310,Sliding Two Fingers Down,Pushing Two Fingers Away
75138,Swiping Right,Doing other things
52043,Swiping Right,Sliding Two Fingers Right
98407,Swiping Right,Doing other things
139219,Sliding Two Fingers Right,No gesture
42217,Pushing Two Fingers Away,Thumb Up
261,Zooming Out With Full Hand,Zooming In With Full Hand
90442,Sliding Two Fingers Left,Doing other things
19969,Pulling Two Fingers In,Pulling Hand In
18807,Zooming Out With Two Fingers,Sliding Two Fingers Right
147022,Zooming Out With Two Fingers,Zooming In With Two Fingers
122693,Pushing Two Fingers Away,Sliding Two Fingers Down
128076,No gesture,Swiping Up
9360,Stop Sign,Pushing Hand Away
115683,Zooming Out With Full Hand,Zooming In With Full Hand
4924,Sliding Two Fingers Left,Doing other things
20041,Sliding Two Fingers Down,Pushing Two Fingers Away
4676,Sliding Two Fingers Down,No gesture
31901,Turning Hand Counterclockwise,Shaking Hand
95528,Turning Hand Clockwise,Swiping Right
145157,Rolling Hand Backward,Zooming In With Full Hand
118514,Zooming Out With Two Fingers,Zooming In With Two Fingers
70385,Sliding Two Fingers Down,No gesture
130744,Doing other things,Swiping Left
32568,Pulling Hand In,No gesture
13203,Doing other things,Sliding Two Fingers Down
23335,Sliding Two Fingers Right,No gesture
16246,Pulling Two Fingers In,Sliding Two Fingers Down
5596,Sliding Two Fingers Left,Drumming Fingers
128359,Thumb Down,Rolling Hand Forward
538,Rolling Hand Forward,Rolling Hand Backward
31425,Drumming Fingers,Sliding Two Fingers Up
74315,Zooming In With Two Fingers,Turning Hand Counterclockwise
46173,Drumming Fingers,Doing other things
101528,Sliding Two Fingers Down,Sliding Two Fingers Up
74650,Sliding Two Fingers Up,No gesture
7137,Sliding Two Fingers Down,Pulling Two Fingers In
143043,Sliding Two Fingers Up,Pushing Two Fingers Away
63969,Zooming In With Full Hand,Turning Hand Counterclockwise
51028,Swiping Up,Turning Hand Clockwise
111331,Sliding Two Fingers Left,Swiping Left
31985,Sliding Two Fingers Left,Sliding Two Fingers Right
95467,Swiping Down,Swiping Right
136632,Pulling Two Fingers In,No gesture
10334,Pulling Two Fingers In,Pushing Two Fingers Away
82885,Sliding Two Fingers Left,No gesture
116096,Swiping Left,Sliding Two Fingers Right
47818,Swiping Right,Rolling Hand Backward
19598,Sliding Two Fingers Down,Sliding Two Fingers Up
43053,Pulling Hand In,Shaking Hand
132842,Sliding Two Fingers Up,Pulling Two Fingers In
123812,Thumb Up,Sliding Two Fingers Left
91918,Zooming Out With Two Fingers,Zooming In With Two Fingers
111953,Swiping Down,Doing other things
15729,Turning Hand Clockwise,Zooming Out With Full Hand
123155,Sliding Two Fingers Right,Rolling Hand Forward
64833,Zooming In With Two Fingers,Zooming Out With Two Fingers
97635,Swiping Right,Swiping Left
88550,Swiping Down,No gesture
76993,Sliding Two Fingers Down,Zooming In With Two Fingers
98365,Pushing Two Fingers Away,Sliding Two Fingers Down
123274,Doing other things,Zooming Out With Two Fingers
117149,Doing other things,Drumming Fingers
10102,Pushing Hand Away,Pulling Hand In
126667,Pushing Hand Away,Stop Sign
17894,Sliding Two Fingers Up,Sliding Two Fingers Down
83172,Sliding Two Fingers Up,Sliding Two Fingers Down
94226,Pulling Two Fingers In,Pushing Hand Away
108780,Stop Sign,Swiping Down
69500,Rolling Hand Backward,Doing other things
22981,Zooming In With Full Hand,Zooming Out With Full Hand
34794,Pulling Hand In,Pulling Two Fingers In
66549,Swiping Up,Swiping Left
115527,Sliding Two Fingers Down,Swiping Left
80712,Pushing Two Fingers Away,Doing other things
14255,Swiping Down,Rolling Hand Backward
54086,Pulling Hand In,Doing other things
55774,Zooming In With Two Fingers,Zooming Out With Two Fingers
34708,Swiping Right,No gesture
96001,Zooming In With Two Fingers,Zooming In With Full Hand
24834,Turning Hand Clockwise,Turning Hand Counterclockwise
18368,Sliding Two Fingers Left,Sliding Two Fingers Right
42152,Sliding Two Fingers Left,Thumb Up
35470,Sliding Two Fingers Down,Swiping Left
20181,Thumb Up,Thumb Down
137052,Pulling Hand In,Pulling Two Fingers In
108831,No gesture,Swiping Up
26546,No gesture,Swiping Right
116450,Sliding Two Fingers Down,Doing other things
7862,Stop Sign,Pushing Hand Away
85934,Sliding Two Fingers Up,Sliding Two Fingers Down
50004,Pushing Two Fingers Away,Sliding Two Fingers Up
6938,No gesture,Sliding Two Fingers Down
131617,Sliding Two Fingers Up,Sliding Two Fingers Down
96149,Pushing Hand Away,No gesture
99926,Swiping Left,Pulling Two Fingers In
9376,Rolling Hand Backward,Rolling Hand Forward
130975,Rolling Hand Backward,Doing other things
67018,Turning Hand Counterclockwise,Zooming In With Full Hand
34610,Turning Hand Clockwise,Turning Hand Counterclockwise
49351,Pulling Hand In,Doing other things
145726,Swiping Right,Shaking Hand
74820,Sliding Two Fingers Left,Sliding Two Fingers Right
31072,Sliding Two Fingers Left,Sliding Two Fingers Right
56529,Pushing Hand Away,Stop Sign
107956,Rolling Hand Backward,Rolling Hand Forward
35464,Swiping Right,Sliding Two Fingers Right
102064,Zooming Out With Full Hand,Zooming In With Full Hand
82535,Swiping Up,Sliding Two Fingers Up
78570,Sliding Two Fingers Down,Pushing Two Fingers Away
27002,Swiping Left,Shaking Hand
33308,Pushing Hand Away,Stop Sign
72544,Doing other things,Swiping Left
122830,Pulling Hand In,Thumb Up
64990,Pulling Two Fingers In,No gesture
71739,No gesture,Swiping Down
24169,Rolling Hand Forward,Rolling Hand Backward
84684,Swiping Down,Sliding Two Fingers Right
22571,Swiping Right,Doing other things
122698,Swiping Right,No gesture
62719,Swiping Left,No gesture
9960,Swiping Right,Doing other things
37819,Shaking Hand,Swiping Up
88483,Pushing Two Fingers Away,Sliding Two Fingers Down
55431,Zooming Out With Two Fingers,Zooming In With Two Fingers
34393,Sliding Two Fingers Up,Sliding Two Fingers Down
97010,Swiping Up,Doing other things
54298,Swiping Left,No gesture
75145,Rolling Hand Forward,Rolling Hand Backward
139861,No gesture,Swiping Left
32204,Thumb Up,Pulling Two Fingers In
67724,Zooming In With Two Fingers,Pulling Two Fingers In
92026,Turning Hand Clockwise,Turning Hand Counterclockwise
91899,Sliding Two Fingers Up,Sliding Two Fingers Down
39579,Doing other things,Thumb Up
18315,Turning Hand Counterclockwise,Swiping Up
101042,Sliding Two Fingers Down,Sliding Two Fingers Up
91609,Swiping Left,No gesture
127806,Sliding Two Fingers Up,Zooming Out With Two Fingers
40398,Zooming Out With Two Fingers,Zooming In With Two Fingers
79502,Sliding Two Fingers Down,Swiping Down
95647,Pulling Two Fingers In,Swiping Right
77417,Swiping Left,Swiping Right
22946,Swiping Down,No gesture
32583,Zooming Out With Full Hand,Zooming In With Full Hand
146752,Pushing Two Fingers Away,Drumming Fingers
144797,Pulling Two Fingers In,Pulling Hand In
25921,Shaking Hand,No gesture
16273,Zooming In With Full Hand,Turning Hand Counterclockwise
71345,Swiping Up,Sliding Two Fingers Right
9390,Turning Hand Clockwise,Zooming In With Full Hand
87656,Swiping Left,Sliding Two Fingers Left
103193,Sliding Two Fingers Down,No gesture
946,Sliding Two Fingers Right,Doing other things
133527,Doing other things,Pulling Hand In
139069,Swiping Down,Sliding Two Fingers Down
82930,Zooming Out With Full Hand,Pushing Two Fingers Away
65341,Zooming Out With Full Hand,Pulling Two Fingers In
131987,Sliding Two Fingers Down,No gesture
24086,Turning Hand Clockwise,Shaking Hand
103890,Sliding Two Fingers Down,Sliding Two Fingers Up
77099,Rolling Hand Forward,No gesture
97250,Zooming Out With Two Fingers,Turning Hand Clockwise
19937,Sliding Two Fingers Left,Swiping Left
145070,Sliding Two Fingers Down,Pushing Hand Away
74844,Pulling Hand In,Turning Hand Clockwise
29254,Zooming Out With Full Hand,Pushing Hand Away
116800,No gesture,Rolling Hand Backward
61385,Zooming Out With Full Hand,Zooming In With Full Hand
124985,Zooming Out With Full Hand,Drumming Fingers
136564,Zooming In With Two Fingers,Doing other things
17503,Zooming In With Full Hand,Zooming Out With Full Hand
54990,Turning Hand Counterclockwise,Pulling Hand In
123721,Swiping Up,Sliding Two Fingers Up
39384,Swiping Down,No gesture
66370,Zooming In With Full Hand,Turning Hand Counterclockwise
11339,Doing other things,Sliding Two Fingers Up
110854,Swiping Down,Sliding Two Fingers Down
29477,Pulling Two Fingers In,Doing other things
101837,Doing other things,Rolling Hand Forward
115089,Sliding Two Fingers Up,Pushing Two Fingers Away
111516,Turning Hand Clockwise,Swiping Left
133029,Swiping Right,No gesture
2824,Zooming Out With Full Hand,Zooming In With Full Hand
9607,Zooming In With Full Hand,Zooming Out With Full Hand
144372,Thumb Down,Swiping Right
47775,Sliding Two Fingers Up,No gesture
108966,Zooming Out With Full Hand,Drumming Fingers
2552,Doing other things,Turning Hand Clockwise
115458,Swiping Down,Doing other things
12016,Stop Sign,Pushing Hand Away
89975,Swiping Up,Pulling Hand In
99099,Swiping Left,Doing other things
20166,Swiping Up,No gesture
141111,Zooming Out With Full Hand,Zooming In With Two Fingers
34311,Zooming Out With Full Hand,Zooming In With Full Hand
145517,Swiping Up,Sliding Two Fingers Right
143356,Sliding Two Fingers Up,Doing other things
997,Sliding Two Fingers Down,Sliding Two Fingers Up
90872,Sliding Two Fingers Up,Rolling Hand Backward
25486,Stop Sign,Pushing Hand Away
118888,Doing other things,Rolling Hand Backward
104518,Shaking Hand,Zooming Out With Full Hand
68141,Zooming In With Two Fingers,Zooming Out With Two Fingers
31175,Sliding Two Fingers Left,Sliding Two Fingers Right
56428,Swiping Up,Pulling Hand In
115731,Rolling Hand Forward,Thumb Down
60925,Sliding Two Fingers Down,No gesture
122554,Drumming Fingers,Swiping Right
64446,Swiping Down,No gesture
140946,Swiping Right,Sliding Two Fingers Right
25947,Zooming In With Two Fingers,Drumming Fingers
97801,No gesture,Swiping Down
69479,Thumb Up,Swiping Left
62106,Rolling Hand Backward,Rolling Hand Forward
144388,Sliding Two Fingers Right,Sliding Two Fingers Left
31873,Swiping Right,No gesture
33124,Swiping Right,Turning Hand Counterclockwise
61686,Swiping Right,Swiping Left
95442,Drumming Fingers,Shaking Hand
116769,Swiping Left,Swiping Right
49778,Zooming Out With Full Hand,Zooming In With Full Hand
32526,Pulling Hand In,Doing other things
101419,Sliding Two Fingers Down,Pulling Two Fingers In
11610,Rolling Hand Forward,Rolling Hand Backward
61160,Doing other things,Thumb Up
107847,Swiping Left,Swiping Up
117446,Pushing Two Fingers Away,Zooming Out With Two Fingers
83285,Rolling Hand Backward,Rolling Hand Forward
134366,Sliding Two Fingers Left,Sliding Two Fingers Right
143649,Zooming In With Full Hand,Rolling Hand Backward
19606,Swiping Up,Turning Hand Counterclockwise
102067,Turning Hand Clockwise,Turning Hand Counterclockwise
90580,Doing other things,Sliding Two Fingers Up
72624,Swiping Down,Drumming Fingers
106200,Thumb Down,Doing other things
148052,Sliding Two Fingers Right,No gesture
28701,Swiping Left,Sliding Two Fingers Left
62478,Sliding Two Fingers Left,Turning Hand Clockwise
68362,Pushing Two Fingers Away,Zooming Out With Full Hand
100438,Swiping Down,No gesture
85227,Rolling Hand Backward,Rolling Hand Forward
33012,Swiping Down,Rolling Hand Backward
3680,Pulling Hand In,Pulling Two Fingers In
125735,Drumming Fingers,No gesture
45987,Sliding Two Fingers Left,Swiping Left
5169,Sliding Two Fingers Right,Pushing Two Fingers Away
15681,Swiping Down,Pushing Two Fingers Away
103183,Thumb Down,Doing other things
19320,Rolling Hand Backward,Rolling Hand Forward
121886,Zooming In With Two Fingers,Zooming Out With Full Hand
123144,Turning Hand Clockwise,Turning Hand Counterclockwise
110354,Zooming Out With Full Hand,Zooming In With Full Hand
143373,Swiping Right,No gesture
24694,Turning Hand Counterclockwise,Shaking Hand
68299,Sliding Two Fingers Right,Sliding Two Fingers Left
147398,Rolling Hand Backward,Rolling Hand Forward
43579,Pulling Two Fingers In,Pushing Two Fingers Away
52142,Stop Sign,Pushing Hand Away
56134,Doing other things,Swiping Up
22404,Zooming Out With Full Hand,Zooming In With Full Hand
147325,Pulling Two Fingers In,Swiping Up
58399,Pushing Hand Away,Stop Sign
96171,Zooming Out With Full Hand,Zooming In With Full Hand
133370,Sliding Two Fingers Right,Rolling Hand Backward
24427,Pulling Hand In,Swiping Up
33778,Swiping Left,No gesture
133689,Pulling Hand In,Swiping Up
126027,Shaking Hand,Swiping Down
143358,Doing other things,Zooming In With Full Hand
115747,Swiping Up,No gesture
25534,Swiping Right,No gesture
32017,Sliding Two Fingers Left,No gesture
5506,Swiping Left,Swiping Right
95711,Rolling Hand Forward,Rolling Hand Backward
146458,Pushing Two Fingers Away,Pulling Two Fingers In
3667,Pushing Two Fingers Away,Sliding Two Fingers Up
44325,Sliding Two Fingers Left,Swiping Left
21961,Swiping Left,No gesture
63368,Rolling Hand Forward,Doing other things
14648,Turning Hand Counterclockwise,Pushing Hand Away
134892,Thumb Up,Sliding Two Fingers Left
102053,Swiping Right,Swiping Left
49511,Rolling Hand Forward,Swiping Right
132473,Zooming In With Full Hand,Doing other things
77262,Sliding Two Fingers Down,Pushing Two Fingers Away
82692,Swiping Up,Pulling Hand In
94477,Pulling Hand In,No gesture
116179,Doing other things,Turning Hand Clockwise
143281,Pulling Two Fingers In,Doing other things
109255,Rolling Hand Forward,Rolling Hand Backward
143917,Rolling Hand Forward,Doing other things
22175,Sliding Two Fingers Right,No gesture
1530,No gesture,Swiping Down
27779,Rolling Hand Forward,Swiping Up
94560,Doing other things,Turning Hand Counterclockwise
63890,Sliding Two Fingers Right,Thumb Up
113268,Turning Hand Clockwise,Pulling Hand In
96387,Swiping Down,Pulling Hand In
90132,Sliding Two Fingers Down,Sliding Two Fingers Up
47539,Sliding Two Fingers Up,Sliding Two Fingers Down
119435,Sliding Two Fingers Left,Sliding Two Fingers Right
63437,Turning Hand Clockwise,Shaking Hand
10174,Sliding Two Fingers Down,Doing other things
50818,Zooming In With Two Fingers,Sliding Two Fingers Up
31731,Pushing Two Fingers Away,Sliding Two Fingers Down
45761,Sliding Two Fingers Right,Swiping Right
112128,Zooming In With Two Fingers,Shaking Hand
78646,No gesture,Swiping Up
43000,Zooming Out With Full Hand,Zooming In With Full Hand
74464,Turning Hand Clockwise,Turning Hand Counterclockwise
13557,Rolling Hand Backward,Rolling Hand Forward
87324,Swiping Down,No gesture
99311,Sliding Two Fingers Up,No gesture
68343,Sliding Two Fingers Down,Pushing Two Fingers Away
110535,Doing other things,Turning Hand Clockwise
35299,Rolling Hand Backward,Doing other things
77415,Sliding Two Fingers Left,Swiping Right
141421,No gesture,Pulling Two Fingers In
138825,Sliding Two Fingers Down,No gesture
32841,Doing other things,No gesture
141474,Swiping Left,Swiping Right
51884,Zooming In With Full Hand,Zooming Out With Full Hand
2492,Zooming In With Two Fingers,Zooming Out With Two Fingers
90173,Sliding Two Fingers Down,Sliding Two Fingers Up
114932,Turning Hand Counterclockwise,Zooming Out With Full Hand
53681,Doing other things,Rolling Hand Forward
99554,Sliding Two Fingers Up,Pushing Two Fingers Away
63448,Zooming Out With Two Fingers,Zooming In With Two Fingers
11089,Sliding Two Fingers Right,Sliding Two Fingers Left
29856,Rolling Hand Backward,Shaking Hand
101743,Swiping Down,Sliding Two Fingers Down
63669,Doing other things,No gesture
25375,Zooming In With Two Fingers,Shaking Hand
119994,Drumming Fingers,Pushing Two Fingers Away
16651,Sliding Two Fingers Right,Doing other things
132182,Stop Sign,Pushing Hand Away
41952,Rolling Hand Forward,Rolling Hand Backward
69900,Swiping Right,Doing other things
61359,Zooming Out With Full Hand,Shaking Hand
107651,Swiping Left,Swiping Right
38618,Zooming Out With Two Fingers,Swiping Down
3109,Pulling Hand In,Pulling Two Fingers In
15377,Sliding Two Fingers Left,Swiping Left
23353,Pulling Two Fingers In,No gesture
46646,Shaking Hand,Pulling Two Fingers In
16163,Pushing Hand Away,Stop Sign
31322,Zooming Out With Full Hand,Sliding Two Fingers Left
59085,Shaking Hand,Turning Hand Clockwise
39804,Pushing Hand Away,Doing other things
25322,Sliding Two Fingers Down,No gesture
115923,Doing other things,Sliding Two Fingers Down
82711,Rolling Hand Backward,Rolling Hand Forward
147295,No gesture,Swiping Down
52957,Doing other things,Pulling Two Fingers In
88998,Doing other things,Pulling Two Fingers In
42023,Doing other things,Swiping Left
124329,Sliding Two Fingers Right,Drumming Fingers
14701,Swiping Left,Doing other things
13458,Sliding Two Fingers Right,No gesture
110084,Pushing Hand Away,Swiping Down
36477,Sliding Two Fingers Right,Swiping Left
142679,Sliding Two Fingers Down,Sliding Two Fingers Up
2069,Shaking Hand,Pulling Hand In
126253,Zooming Out With Full Hand,Doing other things
26174,Zooming In With Two Fingers,Zooming Out With Full Hand
65554,Pushing Hand Away,Stop Sign
37593,Zooming In With Two Fingers,Zooming Out With Two Fingers
53600,Sliding Two Fingers Left,Swiping Left
146981,Pushing Hand Away,Stop Sign
113088,Sliding Two Fingers Down,Sliding Two Fingers Right
87282,Swiping Up,Pulling Two Fingers In
106655,Sliding Two Fingers Left,Swiping Left
74027,Swiping Down,Pushing Hand Away
9466,Pulling Hand In,Swiping Up
97792,Sliding Two Fingers Down,Doing other things
122043,No gesture,Swiping Left
57440,Sliding Two Fingers Left,Swiping Left
56040,Thumb Up,Swiping Right
112084,Sliding Two Fingers Up,Swiping Down
88112,Turning Hand Clockwise,Turning Hand Counterclockwise
1912,Pulling Two Fingers In,Doing other things
20082,Swiping Right,Sliding Two Fingers Down
120403,Zooming Out With Two Fingers,Zooming In With Two Fingers
142162,Drumming Fingers,Zooming Out With Two Fingers
72748,Thumb Up,Doing other things
110862,Zooming Out With Two Fingers,Zooming In With Two Fingers
94427,Sliding Two Fingers Down,Sliding Two Fingers Up
18743,Thumb Up,Sliding Two Fingers Left
136591,Turning Hand Clockwise,Pushing Hand Away
146107,Thumb Up,No gesture
38985,Pushing Hand Away,Swiping Left
61406,Zooming In With Two Fingers,Rolling Hand Backward
14135,Doing other things,Pushing Two Fingers Away
133410,Sliding Two Fingers Up,Sliding Two Fingers Down
60833,Swiping Right,Swiping Left
109513,Turning Hand Counterclockwise,Zooming In With Full Hand
28393,Swiping Left,No gesture
14593,Drumming Fingers,Pushing Two Fingers Away
82890,Turning Hand Counterclockwise,Doing other things
54810,Pulling Two Fingers In,No gesture
137658,Swiping Right,Sliding Two Fingers Right
27913,Swiping Down,Doing other things
84257,Swiping Right,Swiping Left
126004,Zooming In With Two Fingers,Thumb Up
46139,Pushing Two Fingers Away,Sliding Two Fingers Left
105642,Thumb Down,Doing other things
145100,Sliding Two Fingers Down,Swiping Left
114525,Shaking Hand,Doing other things
97771,Turning Hand Clockwise,Turning Hand Counterclockwise
133141,Thumb Down,Rolling Hand Backward
138633,Swiping Left,Sliding Two Fingers Right
136282,Thumb Down,Doing other things
63884,Rolling Hand Backward,Drumming Fingers
90307,Sliding Two Fingers Up,Thumb Up
52107,Pulling Two Fingers In,Thumb Up
47442,Sliding Two Fingers Down,Sliding Two Fingers Up
68715,Zooming Out With Two Fingers,Zooming Out With Full Hand
12374,Stop Sign,Pushing Hand Away
8133,Stop Sign,Pushing Hand Away
36980,Stop Sign,Pushing Hand Away
108725,Zooming In With Two Fingers,Thumb Up
88078,Sliding Two Fingers Left,Doing other things
84173,Rolling Hand Backward,Rolling Hand Forward
138667,Sliding Two Fingers Down,No gesture
8238,Zooming Out With Full Hand,Zooming In With Full Hand
59607,Pushing Two Fingers Away,Pulling Two Fingers In
59116,Swiping Left,Thumb Up
48930,Rolling Hand Forward,Rolling Hand Backward
90578,Turning Hand Clockwise,Turning Hand Counterclockwise
91603,Zooming Out With Full Hand,Zooming In With Full Hand
135301,Rolling Hand Backward,Rolling Hand Forward
4710,Shaking Hand,Pulling Two Fingers In
71556,No gesture,Swiping Left
11943,Swiping Down,Shaking Hand
16013,No gesture,Doing other things
102235,Swiping Down,No gesture
86661,Pulling Hand In,Turning Hand Counterclockwise
32986,Pulling Two Fingers In,Pushing Hand Away
79427,Drumming Fingers,Sliding Two Fingers Left
55525,Sliding Two Fingers Down,Pushing Two Fingers Away
32129,Swiping Left,No gesture
100821,Zooming In With Full Hand,Turning Hand Counterclockwise
16712,Pushing Two Fingers Away,Sliding Two Fingers Up
117436,Pulling Hand In,Swiping Up
41038,Zooming Out With Two Fingers,Zooming Out With Full Hand
120521,Pushing Two Fingers Away,Sliding Two Fingers Up
43563,Swiping Right,Swiping Left
43232,Pulling Hand In,Pulling Two Fingers In
5795,Swiping Up,Swiping Down
128655,Doing other things,Sliding Two Fingers Right
14047,Swiping Down,Stop Sign
84533,Pushing Hand Away,Stop Sign
66866,Thumb Down,Doing other things
35872,Swiping Up,Pulling Hand In
58434,Sliding Two Fingers Left,Thumb Up
93969,Swiping Right,No gesture
107205,Pushing Two Fingers Away,Pulling Two Fingers In
39856,Swiping Right,Thumb Down
26399,Rolling Hand Forward,Rolling Hand Backward
61747,Swiping Left,Swiping Right
92205,Swiping Down,Doing other things
123087,Turning Hand Counterclockwise,Shaking Hand
52424,Sliding Two Fingers Up,Sliding Two Fingers Down
87426,Thumb Up,Pulling Two Fingers In
43383,Sliding Two Fingers Right,Swiping Up
22117,Sliding Two Fingers Up,Sliding Two Fingers Down
140653,Swiping Down,Sliding Two Fingers Left
47839,Pulling Hand In,Swiping Up
88384,Sliding Two Fingers Down,Swiping Right
63578,Pulling Two Fingers In,Pulling Hand In
62434,Swiping Right,Swiping Down
43392,Sliding Two Fingers Down,Sliding Two Fingers Up
144652,Zooming Out With Two Fingers,Zooming In With Two Fingers
72069,Swiping Down,Rolling Hand Backward
33558,No gesture,Rolling Hand Backward
86135,Stop Sign,Swiping Down
24855,Swiping Right,No gesture
96083,Swiping Right,Swiping Down
60968,Sliding Two Fingers Right,Doing other things
98267,Doing other things,Turning Hand Clockwise
106080,Turning Hand Clockwise,Turning Hand Counterclockwise
115661,Swiping Up,Swiping Down
107086,Zooming In With Two Fingers,No gesture
68888,Sliding Two Fingers Down,Swiping Down
104970,Sliding Two Fingers Down,Pushing Two Fingers Away
29918,Swiping Right,No gesture
34309,Sliding Two Fingers Right,Swiping Right
89314,Swiping Left,Sliding Two Fingers Right
80955,Rolling Hand Backward,Doing other things
65727,Zooming Out With Two Fingers,Sliding Two Fingers Right
48459,Stop Sign,Pushing Hand Away
121992,Sliding Two Fingers Left,Pushing Two Fingers Away
64965,Zooming Out With Full Hand,Turning Hand Clockwise
92007,Sliding Two Fingers Up,Swiping Down
137900,Rolling Hand Forward,Rolling Hand Backward
47470,Shaking Hand,Zooming In With Full Hand
94480,Zooming In With Two Fingers,Zooming Out With Two Fingers
57409,Zooming Out With Full Hand,Shaking Hand
64984,Pushing Hand Away,Stop Sign
68823,Rolling Hand Forward,Rolling Hand Backward
117306,Doing other things,Swiping Right
55584,Doing other things,Swiping Down
2443,Doing other things,Sliding Two Fingers Up
103960,Pulling Hand In,Pulling Two Fingers In
90050,Swiping Up,Swiping Left
41576,Sliding Two Fingers Right,Sliding Two Fingers Left
3351,Rolling Hand Backward,Rolling Hand Forward
109296,Pushing Two Fingers Away,Pushing Hand Away
134736,Swiping Down,Doing other things
6585,Zooming Out With Full Hand,Zooming In With Full Hand
116059,Turning Hand Clockwise,No gesture
41680,Sliding Two Fingers Down,Pushing Two Fingers Away
79943,Swiping Left,No gesture
95212,Pushing Two Fingers Away,Sliding Two Fingers Down
4912,Turning Hand Counterclockwise,Rolling Hand Backward
69545,Rolling Hand Forward,Rolling Hand Backward
122642,Doing other things,Turning Hand Counterclockwise
43760,Swiping Up,Sliding Two Fingers Up
55010,Doing other things,Zooming In With Full Hand
46615,Swiping Down,Rolling Hand Backward
1861,Swiping Up,Swiping Right
44092,Zooming Out With Full Hand,Zooming In With Full Hand
147048,Rolling Hand Forward,Rolling Hand Backward
58335,Sliding Two Fingers Left,Sliding Two Fingers Right
34089,Zooming In With Full Hand,Pushing Hand Away
123020,Pushing Hand Away,Doing other things
41616,No gesture,Doing other things
83133,Shaking Hand,Pulling Two Fingers In
127013,Pulling Hand In,Pulling Two Fingers In
77346,Swiping Up,Pulling Hand In
103900,Pulling Hand In,Doing other things
26320,Rolling Hand Forward,Doing other things
138852,Pulling Hand In,Sliding Two Fingers Right
23944,Swiping Right,Swiping Down
21311,Rolling Hand Forward,Rolling Hand Backward
74562,Doing other things,Shaking Hand
141762,Pushing Two Fingers Away,No gesture
109460,Sliding Two Fingers Down,Sliding Two Fingers Up
83722,Rolling Hand Backward,Rolling Hand Forward
114749,Swiping Right,Drumming Fingers
29823,No gesture,Swiping Down
46162,Stop Sign,Pushing Hand Away
67021,No gesture,Sliding Two Fingers Right
67595,Sliding Two Fingers Left,Sliding Two Fingers Right
63291,Pushing Two Fingers Away,Drumming Fingers
79782,Swiping Down,Pushing Hand Away
73557,Sliding Two Fingers Up,Sliding Two Fingers Down
98049,Zooming Out With Full Hand,Zooming In With Full Hand
84263,Turning Hand Counterclockwise,Turning Hand Clockwise
75065,Zooming Out With Two Fingers,Zooming In With Two Fingers
54417,Swiping Up,Sliding Two Fingers Right
133111,Doing other things,Sliding Two Fingers Up
43049,Doing other things,Rolling Hand Forward
44918,No gesture,Swiping Right
135273,Zooming In With Two Fingers,Drumming Fingers
132436,Zooming In With Two Fingers,Sliding Two Fingers Left
63732,Zooming Out With Full Hand,Zooming In With Full Hand
70978,Swiping Up,Zooming Out With Two Fingers
34903,Rolling Hand Forward,Swiping Up
103754,Stop Sign,Pushing Hand Away
47043,Swiping Right,Swiping Left
28390,Drumming Fingers,Swiping Down
99446,Sliding Two Fingers Left,No gesture
80781,Swiping Up,No gesture
2252,Sliding Two Fingers Down,Doing other things
2216,No gesture,Swiping Down
136038,Doing other things,Rolling Hand Backward
34705,Swiping Right,No gesture
16120,Zooming In With Full Hand,Turning Hand Counterclockwise
76736,Swiping Up,Pulling Hand In
98509,Sliding Two Fingers Down,Sliding Two Fingers Up
46816,Zooming In With Full Hand,Stop Sign
136824,Pushing Hand Away,Zooming In With Full Hand
64909,Pulling Hand In,Doing other things
77066,Swiping Down,Swiping Right
146189,Sliding Two Fingers Right,Thumb Up
222,Turning Hand Clockwise,Turning Hand Counterclockwise
35885,Zooming Out With Two Fingers,Zooming In With Two Fingers
1426,Doing other things,Pushing Two Fingers Away
116356,Turning Hand Clockwise,Turning Hand Counterclockwise
41441,Zooming In With Full Hand,Shaking Hand
42042,Sliding Two Fingers Left,Sliding Two Fingers Right
38687,Stop Sign,Pushing Hand Away
116502,Pushing Hand Away,Doing other things
6754,Swiping Left,Doing other things
35352,Rolling Hand Forward,Rolling Hand Backward
41801,Rolling Hand Forward,Rolling Hand Backward
78735,Zooming Out With Two Fingers,Zooming In With Two Fingers
47646,Turning Hand Clockwise,Turning Hand Counterclockwise
58189,Sliding Two Fingers Right,Doing other things
113286,Stop Sign,Pushing Hand Away
61704,Pushing Hand Away,Doing other things
20890,Turning Hand Clockwise,Shaking Hand
18772,Sliding Two Fingers Up,Sliding Two Fingers Down
91292,Zooming In With Two Fingers,Zooming Out With Two Fingers
134563,Doing other things,Sliding Two Fingers Right
50704,Sliding Two Fingers Down,Swiping Up
127165,Sliding Two Fingers Up,Sliding Two Fingers Down
135977,Rolling Hand Forward,Rolling Hand Backward
31826,Doing other things,Shaking Hand
36678,Sliding Two Fingers Right,No gesture
23932,Sliding Two Fingers Left,Sliding Two Fingers Right
92267,Sliding Two Fingers Left,Sliding Two Fingers Right
72460,Pushing Two Fingers Away,Shaking Hand
88538,Sliding Two Fingers Right,Doing other things
13333,Stop Sign,Pushing Hand Away
61994,Zooming In With Two Fingers,Zooming Out With Two Fingers
40011,Sliding Two Fingers Up,Pulling Two Fingers In
33313,Swiping Up,Pushing Two Fingers Away
73483,Turning Hand Counterclockwise,Turning Hand Clockwise
37009,Swiping Right,No gesture
80766,Turning Hand Counterclockwise,Shaking Hand
101498,Pulling Hand In,Shaking Hand
147485,Pushing Two Fingers Away,Rolling Hand Forward
11335,Doing other things,Pulling Two Fingers In
76143,Sliding Two Fingers Left,Sliding Two Fingers Right
38803,Turning Hand Clockwise,Turning Hand Counterclockwise
107500,Drumming Fingers,Doing other things
60253,Pulling Hand In,Swiping Up
94536,Sliding Two Fingers Left,Sliding Two Fingers Right
8554,Thumb Down,Doing other things
19291,Sliding Two Fingers Right,Swiping Left
14861,Drumming Fingers,Swiping Right
67285,Turning Hand Clockwise,Turning Hand Counterclockwise
78912,Stop Sign,Pushing Hand Away
131143,Rolling Hand Backward,Rolling Hand Forward
6721,Zooming Out With Full Hand,Doing other things
77743,Swiping Right,Swiping Left
98325,Sliding Two Fingers Left,Sliding Two Fingers Up
15883,Pushing Two Fingers Away,Pulling Two Fingers In
89969,Swiping Up,Swiping Left
132949,Pulling Hand In,Pulling Two Fingers In
48227,Zooming Out With Two Fingers,Doing other things
143637,Pulling Two Fingers In,Zooming In With Full Hand
3104,Swiping Right,Swiping Left
50131,Turning Hand Clockwise,Turning Hand Counterclockwise
40210,Swiping Up,Swiping Down
103513,Pulling Two Fingers In,Swiping Right
47892,Sliding Two Fingers Left,Sliding Two Fingers Right
130501,Sliding Two Fingers Left,Swiping Right
83042,Pushing Hand Away,Stop Sign
94420,Zooming Out With Two Fingers,Zooming In With Two Fingers
92796,Sliding Two Fingers Right,Swiping Left
51978,Swiping Right,Doing other things
127913,Pushing Two Fingers Away,Sliding Two Fingers Left
47758,Zooming Out With Two Fingers,Zooming In With Two Fingers
125690,Rolling Hand Backward,Rolling Hand Forward
103995,Zooming Out With Two Fingers,Doing other things
79862,Pulling Hand In,Pulling Two Fingers In
119719,Swiping Left,Swiping Right
146969,Sliding Two Fingers Left,Swiping Left
48812,Doing other things,Swiping Right
134788,No gesture,Doing other things
114482,Pulling Hand In,Sliding Two Fingers Down
64851,No gesture,Doing other things
144172,Doing other things,Pulling Two Fingers In
24393,Zooming In With Two Fingers,Zooming Out With Two Fingers
138372,Turning Hand Counterclockwise,No gesture
133484,Zooming In With Two Fingers,Pulling Two Fingers In
58573,Zooming In With Two Fingers,Doing other things
56385,Stop Sign,Pushing Hand Away
34176,Sliding Two Fingers Right,Doing other things
89272,Doing other things,Sliding Two Fingers Right
95542,Swiping Right,Doing other things
112643,Turning Hand Counterclockwise,Turning Hand Clockwise
118533,Pushing Hand Away,Pushing Two Fingers Away
117564,Swiping Left,Swiping Right
119097,Rolling Hand Backward,Rolling Hand Forward
74721,Zooming In With Two Fingers,Zooming Out With Two Fingers
140535,Sliding Two Fingers Right,Pulling Two Fingers In
113378,Sliding Two Fingers Left,Doing other things
50288,Swiping Up,Rolling Hand Forward
34938,Sliding Two Fingers Up,Sliding Two Fingers Down
17327,Sliding Two Fingers Left,Sliding Two Fingers Right
37448,Pushing Two Fingers Away,Thumb Up
14337,Sliding Two Fingers Right,Doing other things
40969,Zooming In With Two Fingers,Doing other things
87182,Sliding Two Fingers Down,Sliding Two Fingers Up
89834,Sliding Two Fingers Down,No gesture
57898,Sliding Two Fingers Down,Swiping Right
106017,Zooming In With Two Fingers,Zooming Out With Two Fingers
127708,Doing other things,Shaking Hand
136523,Turning Hand Counterclockwise,Turning Hand Clockwise
1360,Sliding Two Fingers Up,Pushing Two Fingers Away
101308,Swiping Right,Rolling Hand Backward
116765,Drumming Fingers,Zooming In With Two Fingers
66390,Zooming Out With Two Fingers,Shaking Hand
56140,Rolling Hand Forward,Sliding Two Fingers Right
145951,Sliding Two Fingers Up,Drumming Fingers
74076,Pushing Hand Away,Stop Sign
106247,Sliding Two Fingers Right,Sliding Two Fingers Left
90463,Swiping Left,Rolling Hand Backward
34983,Pulling Hand In,Shaking Hand
129179,Swiping Left,Doing other things
110596,Turning Hand Counterclockwise,Turning Hand Clockwise
11453,Shaking Hand,Zooming In With Full Hand
113754,Swiping Up,Pulling Hand In
22363,Sliding Two Fingers Right,Swiping Left
43581,Pushing Two Fingers Away,Sliding Two Fingers Up
53223,Sliding Two Fingers Down,Swiping Down
94239,Zooming Out With Two Fingers,Zooming In With Two Fingers
115873,Doing other things,Thumb Up
76833,Sliding Two Fingers Up,Sliding Two Fingers Left
11074,Stop Sign,Pushing Hand Away
81344,Zooming Out With Full Hand,Zooming In With Full Hand
56411,Sliding Two Fingers Down,Pushing Two Fingers Away
113582,Sliding Two Fingers Down,Sliding Two Fingers Up
2465,Doing other things,Swiping Left
27515,Turning Hand Counterclockwise,Turning Hand Clockwise
8042,Doing other things,Swiping Right
13394,Pushing Two Fingers Away,Doing other things
84219,Sliding Two Fingers Left,Sliding Two Fingers Right
110447,Doing other things,Swiping Down
65925,Stop Sign,Pushing Hand Away
97676,Zooming Out With Full Hand,Zooming In With Full Hand
33810,Rolling Hand Backward,Rolling Hand Forward
57368,Swiping Left,No gesture
108992,Sliding Two Fingers Left,Rolling Hand Backward
42634,No gesture,Sliding Two Fingers Right
101279,Sliding Two Fingers Left,Swiping Left
145398,Sliding Two Fingers Up,Sliding Two Fingers Down
34180,Zooming Out With Full Hand,Zooming In With Full Hand
68657,Pulling Two Fingers In,Pulling Hand In
83879,Turning Hand Clockwise,Swiping Down
116078,Zooming In With Full Hand,Zooming Out With Full Hand
80770,Zooming Out With Two Fingers,Doing other things
110012,Zooming In With Two Fingers,Zooming Out With Two Fingers
13292,Swiping Down,Rolling Hand Backward
127274,Swiping Down,Drumming Fingers
62911,Sliding Two Fingers Up,Pushing Two Fingers Away
30858,Pulling Hand In,Swiping Up
43379,Swiping Up,Doing other things
75325,Shaking Hand,Pushing Hand Away
88607,Pushing Two Fingers Away,Sliding Two Fingers Up
29406,Rolling Hand Backward,Rolling Hand Forward
142110,Rolling Hand Forward,No gesture
20634,Sliding Two Fingers Right,Swiping Left
80204,Rolling Hand Backward,Rolling Hand Forward
131385,Zooming Out With Full Hand,Zooming In With Full Hand
7842,Pulling Two Fingers In,Pushing Hand Away
31033,Rolling Hand Forward,No gesture
77951,Turning Hand Counterclockwise,Turning Hand Clockwise
103858,Drumming Fingers,Swiping Right
108227,Pulling Two Fingers In,Pushing Two Fingers Away
146267,Zooming Out With Two Fingers,Zooming In With Two Fingers
94037,Pushing Hand Away,Shaking Hand
78906,Doing other things,Sliding Two Fingers Right
121505,Zooming In With Full Hand,Turning Hand Clockwise
128060,Zooming In With Two Fingers,Pushing Two Fingers Away
16239,Sliding Two Fingers Right,Swiping Right
7120,Thumb Up,Doing other things
44921,Sliding Two Fingers Right,No gesture
95280,Sliding Two Fingers Down,Pushing Two Fingers Away
142710,Swiping Right,Doing other things
59831,Rolling Hand Forward,Rolling Hand Backward
94267,Sliding Two Fingers Up,Sliding Two Fingers Right
530,Swiping Left,No gesture
33680,Swiping Left,Doing other things
108882,Sliding Two Fingers Down,Zooming Out With Two Fingers
30354,Turning Hand Clockwise,Shaking Hand
43178,Pulling Two Fingers In,Pushing Two Fingers Away
35193,Zooming Out With Full Hand,Zooming In With Full Hand
145774,Sliding Two Fingers Left,No gesture
11998,Zooming In With Two Fingers,Zooming Out With Two Fingers
127706,Sliding Two Fingers Down,Sliding Two Fingers Up
49084,Shaking Hand,Turning Hand Clockwise
100003,Thumb Up,Sliding Two Fingers Down
144062,Sliding Two Fingers Up,Pushing Two Fingers Away
102717,Stop Sign,Pushing Hand Away
7129,Sliding Two Fingers Right,Swiping Left
8603,Swiping Right,Sliding Two Fingers Down
104869,Drumming Fingers,Pulling Two Fingers In
78475,Doing other things,Sliding Two Fingers Right
28807,Sliding Two Fingers Up,Sliding Two Fingers Down
98473,Zooming Out With Two Fingers,Zooming In With Two Fingers
29906,Rolling Hand Forward,Sliding Two Fingers Up
108303,Swiping Down,Doing other things
44686,Turning Hand Clockwise,Turning Hand Counterclockwise
102484,Pushing Hand Away,Stop Sign
111098,Thumb Down,No gesture
102470,Pushing Two Fingers Away,Thumb Up
48633,Sliding Two Fingers Left,Sliding Two Fingers Right
78065,Pushing Two Fingers Away,Thumb Up
23718,Turning Hand Clockwise,Turning Hand Counterclockwise
29078,Drumming Fingers,Thumb Down
115612,Doing other things,Zooming In With Full Hand
71062,Zooming Out With Full Hand,Zooming In With Full Hand
60907,Swiping Left,No gesture
31210,Swiping Up,Swiping Left
78162,Stop Sign,Swiping Left
41817,Thumb Up,Doing other things
55352,Sliding Two Fingers Down,No gesture
35899,Swiping Right,No gesture
118414,Sliding Two Fingers Left,Sliding Two Fingers Right
45172,Zooming Out With Full Hand,Zooming In With Full Hand
101101,Swiping Left,Swiping Right
68084,Sliding Two Fingers Right,Rolling Hand Backward
34729,Zooming In With Full Hand,Zooming Out With Full Hand
68411,Swiping Left,Pulling Hand In
13995,Swiping Up,Thumb Down
131613,Swiping Left,Doing other things
75285,Swiping Right,Rolling Hand Backward
81780,Zooming In With Two Fingers,Zooming Out With Two Fingers
148065,Drumming Fingers,Pushing Two Fingers Away
109995,Stop Sign,Pushing Hand Away
65153,Turning Hand Counterclockwise,Turning Hand Clockwise
132762,Sliding Two Fingers Up,Sliding Two Fingers Down
140497,Shaking Hand,Turning Hand Counterclockwise
103501,Rolling Hand Backward,Zooming Out With Full Hand
63800,Zooming In With Full Hand,Shaking Hand
123833,Sliding Two Fingers Left,Sliding Two Fingers Right
46165,No gesture,Sliding Two Fingers Right
91877,Sliding Two Fingers Down,Sliding Two Fingers Up
7659,Swiping Up,Swiping Down
123479,Turning Hand Clockwise,Shaking Hand
90947,Swiping Left,Doing other things
54841,Sliding Two Fingers Right,No gesture
37454,Rolling Hand Forward,Rolling Hand Backward
74167,Swiping Left,Swiping Right
141700,Sliding Two Fingers Up,Doing other things
43685,Zooming In With Two Fingers,Zooming Out With Two Fingers
65959,Sliding Two Fingers Left,Doing other things
87134,Swiping Down,Stop Sign
53652,Swiping Down,Stop Sign
116994,Doing other things,Rolling Hand Backward
56328,Zooming Out With Two Fingers,Zooming In With Two Fingers
1480,Zooming Out With Full Hand,Doing other things
17369,Stop Sign,Pushing Hand Away
49867,Zooming In With Two Fingers,Zooming Out With Two Fingers
26470,Sliding Two Fingers Down,Thumb Up
39331,Pushing Two Fingers Away,Pulling Two Fingers In
30721,Pulling Hand In,Pulling Two Fingers In
126344,Swiping Down,Doing other things
50327,Shaking Hand,Stop Sign
71819,Swiping Up,Stop Sign
138026,Zooming Out With Full Hand,Zooming In With Full Hand
60550,Zooming Out With Two Fingers,Zooming In With Two Fingers
67088,Stop Sign,Pushing Hand Away
19460,Rolling Hand Backward,Pulling Hand In
91324,Rolling Hand Backward,Rolling Hand Forward
10200,Pulling Hand In,Rolling Hand Backward
19252,Sliding Two Fingers Down,Pushing Two Fingers Away
98879,Doing other things,Thumb Up
73555,Swiping Down,No gesture
134151,No gesture,Doing other things
111212,Shaking Hand,Pushing Hand Away
135644,Sliding Two Fingers Right,Doing other things
62289,Pushing Hand Away,Swiping Down
108232,Pulling Two Fingers In,Doing other things
92043,Zooming Out With Two Fingers,No gesture
12423,Pushing Two Fingers Away,Pulling Hand In
129069,Pushing Hand Away,Pulling Two Fingers In
11392,Sliding Two Fingers Down,Sliding Two Fingers Up
41905,Swiping Left,Rolling Hand Forward
13350,No gesture,Swiping Right
3885,Rolling Hand Backward,Rolling Hand Forward
59155,Shaking Hand,Swiping Left
92139,Swiping Left,Swiping Right
33453,Doing other things,Thumb Down
81756,Sliding Two Fingers Right,Pushing Two Fingers Away
70253,Pushing Two Fingers Away,Doing other things
105847,Stop Sign,Pushing Hand Away
86133,Zooming In With Full Hand,Pulling Two Fingers In
19772,Zooming Out With Full Hand,Zooming In With Full Hand
13021,Sliding Two Fingers Down,Swiping Down
81852,Swiping Left,Swiping Right
92695,Zooming Out With Two Fingers,Zooming In With Full Hand
56887,Thumb Down,Doing other things
59068,Rolling Hand Backward,Rolling Hand Forward
111601,Zooming Out With Two Fingers,Drumming Fingers
24011,Sliding Two Fingers Up,Sliding Two Fingers Down
103789,Swiping Down,Sliding Two Fingers Down
90729,Swiping Right,No gesture
131227,Sliding Two Fingers Down,Swiping Down
95392,Zooming In With Full Hand,Doing other things
133225,Shaking Hand,Swiping Left
60260,Zooming Out With Full Hand,Zooming In With Full Hand
96524,Pushing Two Fingers Away,Sliding Two Fingers Down
81277,Swiping Right,Swiping Left
87120,Rolling Hand Forward,Rolling Hand Backward
8311,No gesture,Sliding Two Fingers Down
27041,Sliding Two Fingers Up,Sliding Two Fingers Down
127668,Sliding Two Fingers Down,Swiping Left
110563,Swiping Left,Sliding Two Fingers Left
104501,Stop Sign,No gesture
136112,Sliding Two Fingers Down,Sliding Two Fingers Up
98373,No gesture,Swiping Down
9700,Thumb Down,Rolling Hand Backward
44162,No gesture,Swiping Left
82617,Swiping Right,Swiping Left
90638,Shaking Hand,Swiping Up
130099,Turning Hand Counterclockwise,Sliding Two Fingers Left
145043,Rolling Hand Backward,Swiping Left
19267,Sliding Two Fingers Right,No gesture
135220,Shaking Hand,Doing other things
140222,Pushing Two Fingers Away,Swiping Up
53246,No gesture,Sliding Two Fingers Right
68613,Pulling Two Fingers In,Doing other things
117536,Thumb Up,No gesture
38605,Sliding Two Fingers Left,Doing other things
147012,Pushing Two Fingers Away,Swiping Right
324,Swiping Left,Doing other things
110127,Swiping Left,Sliding Two Fingers Left
10409,Turning Hand Clockwise,Shaking Hand
46788,Stop Sign,Zooming In With Full Hand
63053,Sliding Two Fingers Right,Pushing Two Fingers Away
119350,Swiping Up,Pulling Hand In
80367,Swiping Up,Swiping Down
79605,Pulling Hand In,Swiping Down
37337,Zooming In With Full Hand,Zooming In With Two Fingers
142882,Zooming In With Two Fingers,Drumming Fingers
89978,Swiping Down,Pushing Hand Away
72951,Rolling Hand Forward,Rolling Hand Backward
19493,Swiping Right,Swiping Left
132972,Zooming In With Full Hand,Turning Hand Clockwise
142579,Sliding Two Fingers Down,Pushing Two Fingers Away
101890,Pushing Two Fingers Away,Zooming Out With Two Fingers
22136,Swiping Up,Pulling Hand In
33681,Rolling Hand Backward,Doing other things
143243,Turning Hand Clockwise,Pulling Hand In
11104,Zooming Out With Full Hand,Drumming Fingers
124381,Pushing Two Fingers Away,Pushing Hand Away
40263,Pulling Hand In,Pushing Two Fingers Away
23069,Swiping Right,Doing other things
145161,Zooming In With Full Hand,Shaking Hand
14137,Rolling Hand Backward,No gesture
130915,Thumb Up,Swiping Left
128261,Rolling Hand Forward,Rolling Hand Backward
12421,Pulling Hand In,Swiping Left
117951,Turning Hand Clockwise,Sliding Two Fingers Left
121825,Zooming In With Two Fingers,Zooming Out With Two Fingers
70655,Doing other things,Thumb Down
136720,Rolling Hand Forward,Rolling Hand Backward
1550,Pushing Hand Away,Thumb Down
83610,Pulling Hand In,Shaking Hand
42148,Rolling Hand Backward,Doing other things
100594,Turning Hand Clockwise,Zooming In With Full Hand
111105,Swiping Down,Thumb Down
135795,Shaking Hand,Turning Hand Clockwise
16335,Swiping Left,Sliding Two Fingers Down
69041,Pulling Two Fingers In,No gesture
72961,Sliding Two Fingers Right,No gesture
147259,Sliding Two Fingers Left,Sliding Two Fingers Right
76423,Swiping Down,Thumb Up
47788,Sliding Two Fingers Down,Sliding Two Fingers Up
90844,Pulling Hand In,Swiping Up
40794,Zooming In With Full Hand,Zooming Out With Full Hand
145357,Pulling Hand In,Rolling Hand Backward
87178,Sliding Two Fingers Right,Sliding Two Fingers Left
128605,Pushing Two Fingers Away,Swiping Left
110492,Turning Hand Clockwise,Turning Hand Counterclockwise
21806,Doing other things,Shaking Hand
24947,Zooming Out With Full Hand,Turning Hand Counterclockwise
35132,Rolling Hand Forward,Rolling Hand Backward
89678,Sliding Two Fingers Up,Pushing Two Fingers Away
69383,Shaking Hand,Drumming Fingers
66623,Turning Hand Clockwise,Shaking Hand
95570,Sliding Two Fingers Left,Swiping Left
16491,Swiping Up,Doing other things
51929,No gesture,Swiping Left
36698,No gesture,Doing other things
83155,Pushing Two Fingers Away,Sliding Two Fingers Left
33902,Zooming In With Two Fingers,Zooming Out With Two Fingers
16765,Pushing Two Fingers Away,Sliding Two Fingers Down
93894,Sliding Two Fingers Down,Pulling Hand In
45811,Sliding Two Fingers Right,Swiping Left
89734,Sliding Two Fingers Left,Sliding Two Fingers Right
130806,Swiping Down,Swiping Up
128012,Sliding Two Fingers Left,Sliding Two Fingers Right
127526,Sliding Two Fingers Left,Sliding Two Fingers Right
69119,Zooming Out With Two Fingers,Zooming In With Two Fingers
41145,Zooming Out With Two Fingers,Pushing Two Fingers Away
6824,Zooming Out With Two Fingers,Zooming In With Two Fingers
125286,Swiping Left,Swiping Right
20271,Doing other things,Rolling Hand Backward
71894,Swiping Up,No gesture
110627,Thumb Down,Thumb Up
89464,Shaking Hand,Swiping Down
81601,Turning Hand Clockwise,Turning Hand Counterclockwise
95229,Sliding Two Fingers Up,Pushing Two Fingers Away
34923,Doing other things,Zooming Out With Full Hand
83473,Zooming In With Full Hand,Zooming In With Two Fingers
40590,Doing other things,Thumb Down
115406,Sliding Two Fingers Up,Sliding Two Fingers Down
52821,Swiping Down,No gesture
31952,Swiping Right,Swiping Left
6866,Zooming Out With Full Hand,Turning Hand Clockwise
139989,Sliding Two Fingers Right,Swiping Left
96862,Turning Hand Clockwise,Turning Hand Counterclockwise
53112,Shaking Hand,Doing other things
109120,Swiping Left,Thumb Up
96790,Swiping Down,Sliding Two Fingers Up
117148,Rolling Hand Backward,Rolling Hand Forward
44118,Drumming Fingers,Rolling Hand Backward
38747,Sliding Two Fingers Left,Doing other things
97435,Zooming In With Full Hand,Turning Hand Counterclockwise
34503,Rolling Hand Forward,Rolling Hand Backward
76762,Pushing Two Fingers Away,Zooming In With Two Fingers
43597,Zooming Out With Full Hand,Zooming In With Full Hand
102196,Turning Hand Clockwise,Shaking Hand
130351,Zooming Out With Full Hand,Zooming In With Full Hand
127934,Zooming In With Two Fingers,Zooming Out With Two Fingers
23404,Swiping Down,Stop Sign
72233,Swiping Right,Sliding Two Fingers Right
124486,Sliding Two Fingers Down,Sliding Two Fingers Up
35035,Sliding Two Fingers Up,Swiping Down
76158,Pulling Hand In,Turning Hand Clockwise
17345,Stop Sign,Pushing Hand Away
14706,Pushing Hand Away,Sliding Two Fingers Right
124862,Doing other things,Rolling Hand Backward
42386,Swiping Down,Rolling Hand Forward
9817,Doing other things,Pulling Hand In
49139,Turning Hand Clockwise,Turning Hand Counterclockwise
78037,Pushing Hand Away,Drumming Fingers
86540,Doing other things,Pulling Two Fingers In
10710,Pushing Two Fingers Away,Sliding Two Fingers Down
85833,Sliding Two Fingers Up,Sliding Two Fingers Down
14323,Turning Hand Clockwise,Shaking Hand
52656,Pushing Two Fingers Away,Pulling Two Fingers In
137502,Thumb Up,Doing other things
83641,Swiping Down,Sliding Two Fingers Down
23287,Swiping Right,Shaking Hand
121987,Swiping Left,Sliding Two Fingers Left
95724,Rolling Hand Forward,Rolling Hand Backward
91277,Turning Hand Counterclockwise,Turning Hand Clockwise
106776,Swiping Down,Stop Sign
102558,Swiping Right,No gesture
45592,Thumb Down,Doing other things
140755,Rolling Hand Backward,Doing other things
96962,Doing other things,Zooming In With Full Hand
96471,Zooming Out With Full Hand,Zooming In With Full Hand
121110,Pushing Hand Away,Stop Sign
145700,Sliding Two Fingers Down,Sliding Two Fingers Up
62973,Sliding Two Fingers Up,Pulling Two Fingers In
49784,Pulling Two Fingers In,Pulling Hand In
57985,Sliding Two Fingers Left,Doing other things
118088,Swiping Left,No gesture
116464,Rolling Hand Backward,Rolling Hand Forward
40216,Swiping Down,Doing other things
80656,No gesture,Pushing Hand Away
87348,Doing other things,Sliding Two Fingers Left
128870,Pulling Two Fingers In,Turning Hand Clockwise
128269,Zooming Out With Full Hand,Zooming In With Full Hand
86683,Zooming In With Full Hand,Zooming Out With Full Hand
60814,Sliding Two Fingers Up,Swiping Down
121743,Shaking Hand,Swiping Left
4444,Pulling Hand In,Pulling Two Fingers In
128064,Rolling Hand Forward,Rolling Hand Backward
89300,Sliding Two Fingers Left,Swiping Right
69527,Rolling Hand Backward,Rolling Hand Forward
125010,Pushing Two Fingers Away,Swiping Right
46596,Zooming Out With Full Hand,Shaking Hand
41176,Thumb Up,Swiping Down
90188,Turning Hand Counterclockwise,Zooming Out With Full Hand
98986,Turning Hand Counterclockwise,Rolling Hand Forward
84664,Shaking Hand,Turning Hand Counterclockwise
74530,Rolling Hand Forward,Rolling Hand Backward
834,Zooming In With Two Fingers,Sliding Two Fingers Up
21246,Turning Hand Counterclockwise,Turning Hand Clockwise
83953,Swiping Right,Swiping Left
111333,Doing other things,Thumb Up
107692,Swiping Down,Drumming Fingers
103859,No gesture,Swiping Left
102013,Zooming In With Two Fingers,Zooming Out With Full Hand
7249,Swiping Right,Sliding Two Fingers Down
9375,Pulling Two Fingers In,Sliding Two Fingers Down
98061,Swiping Left,Sliding Two Fingers Left
133915,Sliding Two Fingers Down,Swiping Down
126204,Sliding Two Fingers Right,Sliding Two Fingers Left
15921,Pushing Two Fingers Away,Sliding Two Fingers Right
87564,Turning Hand Counterclockwise,Turning Hand Clockwise
76442,Turning Hand Counterclockwise,Doing other things
142580,Pushing Hand Away,Sliding Two Fingers Up
14164,Sliding Two Fingers Up,Swiping Up
102978,Swiping Right,Sliding Two Fingers Right
29104,Rolling Hand Forward,Rolling Hand Backward
88559,Sliding Two Fingers Right,Swiping Left
12762,Rolling Hand Backward,Rolling Hand Forward
77424,Shaking Hand,Zooming In With Full Hand
70313,Rolling Hand Forward,Rolling Hand Backward
46116,Sliding Two Fingers Down,Sliding Two Fingers Up
46395,No gesture,Doing other things
55262,Sliding Two Fingers Left,Sliding Two Fingers Right
42901,Sliding Two Fingers Down,Sliding Two Fingers Up
11710,Pulling Hand In,Sliding Two Fingers Right
67379,Zooming In With Full Hand,Doing other things
6000,Pulling Hand In,Doing other things
111591,Zooming Out With Full Hand,Zooming In With Full Hand
71585,Zooming Out With Full Hand,Zooming Out With Two Fingers
147475,Rolling Hand Backward,Rolling Hand Forward
84656,No gesture,Sliding Two Fingers Left
758,Shaking Hand,Turning Hand Counterclockwise
27959,Doing other things,Turning Hand Clockwise
65372,Sliding Two Fingers Left,Sliding Two Fingers Right
94635,Rolling Hand Backward,Rolling Hand Forward
107187,Pulling Two Fingers In,Swiping Left
111767,Turning Hand Clockwise,Turning Hand Counterclockwise
114968,Zooming Out With Full Hand,Shaking Hand
60035,Sliding Two Fingers Up,Sliding Two Fingers Down
130579,Swiping Left,Swiping Up
2641,Shaking Hand,Doing other things
109580,Rolling Hand Forward,Rolling Hand Backward
55492,Zooming In With Two Fingers,Zooming Out With Two Fingers
94672,Doing other things,Rolling Hand Backward
42083,Zooming In With Two Fingers,Drumming Fingers
140498,Zooming In With Full Hand,Zooming Out With Full Hand
108210,Swiping Left,Doing other things
124961,Swiping Up,Pulling Hand In
50307,Sliding Two Fingers Up,Drumming Fingers
77730,Zooming Out With Full Hand,Shaking Hand
67274,Sliding Two Fingers Right,Thumb Up
77321,Rolling Hand Forward,Rolling Hand Backward
51455,Pulling Hand In,Sliding Two Fingers Down
77574,Zooming Out With Full Hand,Zooming In With Full Hand
118256,Swiping Up,Swiping Down
117799,Rolling Hand Forward,Rolling Hand Backward
522,Swiping Up,Doing other things
38762,Swiping Left,Swiping Right
16591,Swiping Right,Swiping Left
65143,Shaking Hand,Thumb Up
58349,Pulling Hand In,Thumb Up
88421,Swiping Down,Pushing Hand Away
70022,Swiping Right,No gesture
83997,Zooming Out With Full Hand,Zooming In With Full Hand
52442,Zooming In With Two Fingers,Zooming In With Full Hand
85497,No gesture,Sliding Two Fingers Right
57330,No gesture,Doing other things
118903,Pushing Two Fingers Away,Pulling Hand In
43484,Rolling Hand Backward,Rolling Hand Forward
8541,Sliding Two Fingers Left,Sliding Two Fingers Right
87992,Swiping Left,Swiping Right
135804,No gesture,Doing other things
78024,Zooming In With Full Hand,Drumming Fingers
116251,Sliding Two Fingers Up,Zooming In With Two Fingers
88700,Sliding Two Fingers Down,Pulling Hand In
52927,Sliding Two Fingers Left,Sliding Two Fingers Right
41399,Swiping Up,Thumb Up
71199,Zooming In With Two Fingers,Zooming Out With Two Fingers
72955,Swiping Right,No gesture
125359,Swiping Up,Swiping Down
133308,Zooming Out With Two Fingers,Zooming In With Two Fingers
120817,Sliding Two Fingers Left,Sliding Two Fingers Right
64655,Swiping Left,Rolling Hand Forward
80577,Pulling Hand In,Pulling Two Fingers In
19305,Doing other things,Shaking Hand
100982,Swiping Down,Shaking Hand
143673,Sliding Two Fingers Right,Swiping Up
132611,Sliding Two Fingers Up,Drumming Fingers
70241,Rolling Hand Backward,Rolling Hand Forward
47643,Sliding Two Fingers Right,Doing other things
119348,Swiping Left,Thumb Up
70977,Thumb Up,No gesture
24322,Swiping Right,Swiping Left
77039,Sliding Two Fingers Down,Sliding Two Fingers Up
71145,Doing other things,Rolling Hand Backward
77148,Swiping Up,Thumb Down
128310,Swiping Right,Doing other things
137527,Swiping Down,Stop Sign
79464,Turning Hand Clockwise,Thumb Up
107510,Rolling Hand Forward,Swiping Down
55845,Stop Sign,No gesture
98036,Rolling Hand Backward,Doing other things
121608,Drumming Fingers,Turning Hand Clockwise
80788,Doing other things,Rolling Hand Forward
134174,Pushing Two Fingers Away,Pushing Hand Away
127986,Rolling Hand Forward,Rolling Hand Backward
38444,Swiping Up,Swiping Down
92012,Zooming In With Two Fingers,Zooming Out With Two Fingers
7415,Pushing Two Fingers Away,Doing other things
102954,Swiping Left,Swiping Right
144970,Rolling Hand Forward,Rolling Hand Backward
30245,Swiping Left,Pulling Two Fingers In
6228,No gesture,Doing other things
66921,Swiping Left,Sliding Two Fingers Right
44416,Sliding Two Fingers Left,Sliding Two Fingers Right
109597,Swiping Up,Pulling Hand In
108993,No gesture,Doing other things
59189,Sliding Two Fingers Left,Sliding Two Fingers Right
29050,Zooming Out With Full Hand,Zooming In With Full Hand
33123,Swiping Left,Sliding Two Fingers Left
35904,Swiping Right,Sliding Two Fingers Right
19447,Doing other things,Shaking Hand
51297,Swiping Right,Sliding Two Fingers Left
112824,Pulling Hand In,Sliding Two Fingers Down
135923,Rolling Hand Backward,Sliding Two Fingers Down
59628,Sliding Two Fingers Left,Doing other things
116386,Zooming Out With Full Hand,Zooming In With Full Hand
85712,Turning Hand Counterclockwise,Turning Hand Clockwise
96146,Swiping Right,Sliding Two Fingers Left
113316,Sliding Two Fingers Right,Sliding Two Fingers Left
124403,Swiping Up,Drumming Fingers
71875,Swiping Up,Turning Hand Counterclockwise
124459,Shaking Hand,Swiping Right
119515,Zooming Out With Two Fingers,Zooming In With Two Fingers
143472,Swiping Right,No gesture
146493,Turning Hand Clockwise,Swiping Up
120401,Pushing Hand Away,Stop Sign
53802,Shaking Hand,Doing other things
143626,Zooming In With Full Hand,Drumming Fingers
32453,Pulling Hand In,Thumb Up
60952,Sliding Two Fingers Down,Sliding Two Fingers Up
117561,Sliding Two Fingers Down,Sliding Two Fingers Up
138875,Turning Hand Clockwise,Turning Hand Counterclockwise
2422,Pulling Hand In,Rolling Hand Backward
32722,Swiping Right,Doing other things
120512,Turning Hand Counterclockwise,Thumb Up
40410,Sliding Two Fingers Up,Swiping Down
66881,Swiping Right,Pulling Two Fingers In
70866,Sliding Two Fingers Down,Rolling Hand Backward
143572,Swiping Down,Doing other things
146998,Rolling Hand Forward,Rolling Hand Backward
114058,Rolling Hand Forward,Rolling Hand Backward
28831,Doing other things,Shaking Hand
71298,Pushing Two Fingers Away,Zooming Out With Full Hand
95287,Pushing Two Fingers Away,Swiping Right
137742,Zooming Out With Two Fingers,Drumming Fingers
2065,Sliding Two Fingers Down,Swiping Right
1100,Drumming Fingers,Sliding Two Fingers Right
128780,Zooming Out With Two Fingers,Zooming Out With Full Hand
3601,Rolling Hand Forward,No gesture
106289,Sliding Two Fingers Down,Doing other things
42294,Sliding Two Fingers Right,Swiping Right
125820,Shaking Hand,Sliding Two Fingers Right
70902,No gesture,Swiping Left
131238,Sliding Two Fingers Right,Swiping Right
120198,Swiping Right,Doing other things
19621,Swiping Left,Sliding Two Fingers Right
94165,Stop Sign,Swiping Up
104156,Swiping Down,No gesture
88331,Rolling Hand Forward,Rolling Hand Backward
112552,Rolling Hand Forward,Rolling Hand Backward
2750,Zooming Out With Full Hand,Thumb Down
147270,Thumb Down,Doing other things
125870,Swiping Down,No gesture
20924,Sliding Two Fingers Right,Swiping Right
63207,Sliding Two Fingers Up,Pushing Two Fingers Away
68183,Turning Hand Clockwise,Turning Hand Counterclockwise
31509,Zooming Out With Full Hand,Zooming In With Full Hand
63638,Zooming Out With Full Hand,Zooming In With Full Hand
4455,Rolling Hand Forward,Pulling Hand In
87733,No gesture,Swiping Down
14807,Stop Sign,Zooming Out With Full Hand
69323,Sliding Two Fingers Down,Sliding Two Fingers Up
96894,Rolling Hand Backward,Rolling Hand Forward
83727,Sliding Two Fingers Up,Pushing Two Fingers Away
90364,Swiping Left,Pulling Two Fingers In
136258,Sliding Two Fingers Down,No gesture
52547,Rolling Hand Backward,Rolling Hand Forward
104236,Shaking Hand,Swiping Down
78336,Sliding Two Fingers Right,Rolling Hand Forward
133576,Swiping Down,Stop Sign
9671,Rolling Hand Backward,Rolling Hand Forward
4746,Swiping Right,No gesture
81023,No gesture,Sliding Two Fingers Right
68850,Turning Hand Counterclockwise,Turning Hand Clockwise
106778,Sliding Two Fingers Left,Sliding Two Fingers Right
50409,Stop Sign,Pushing Hand Away
64368,Turning Hand Counterclockwise,Swiping Up
42542,Zooming Out With Two Fingers,Zooming In With Full Hand
111531,Zooming Out With Full Hand,Zooming In With Full Hand
64796,Shaking Hand,Stop Sign
60934,Turning Hand Counterclockwise,Turning Hand Clockwise
52282,Sliding Two Fingers Left,Sliding Two Fingers Right
58379,No gesture,Thumb Up
34810,Swiping Down,Pushing Hand Away
28560,Pulling Hand In,No gesture
82356,Sliding Two Fingers Left,Swiping Left
70449,Rolling Hand Forward,Rolling Hand Backward
135176,Sliding Two Fingers Right,Thumb Up
131789,Doing other things,Pushing Two Fingers Away
38461,Rolling Hand Forward,Rolling Hand Backward
76850,Swiping Down,Drumming Fingers
95023,Turning Hand Counterclockwise,Shaking Hand
53198,Swiping Down,Doing other things
122071,Turning Hand Clockwise,Swiping Right
15237,Thumb Down,Swiping Right
37075,Swiping Up,Pulling Hand In
112978,Stop Sign,Pushing Hand Away
12617,Pushing Two Fingers Away,Pushing Hand Away
31639,Zooming In With Two Fingers,Zooming Out With Full Hand
50415,Zooming Out With Full Hand,Zooming In With Full Hand
2495,Turning Hand Counterclockwise,Turning Hand Clockwise
143592,Pulling Hand In,Swiping Left
58847,Zooming In With Full Hand,Stop Sign
86071,Swiping Down,Sliding Two Fingers Left
86114,Doing other things,Swiping Up
101860,Zooming In With Two Fingers,Zooming Out With Full Hand
113374,Rolling Hand Forward,Zooming Out With Full Hand
73371,Swiping Down,Zooming Out With Full Hand
8649,Pushing Two Fingers Away,Sliding Two Fingers Up
19811,Zooming In With Two Fingers,Stop Sign
84277,Sliding Two Fingers Down,Turning Hand Counterclockwise
61727,Zooming In With Two Fingers,Zooming Out With Two Fingers
107583,Turning Hand Counterclockwise,Shaking Hand
147150,Pulling Hand In,Thumb Up
80563,Pushing Hand Away,Shaking Hand
93976,Rolling Hand Backward,Rolling Hand Forward
128236,Sliding Two Fingers Down,Sliding Two Fingers Up
27487,Pushing Hand Away,Stop Sign
25210,Rolling Hand Backward,Rolling Hand Forward
46574,Sliding Two Fingers Down,Swiping Down
124672,Turning Hand Clockwise,Swiping Up
98883,Zooming In With Full Hand,Turning Hand Clockwise
25866,Pulling Hand In,Swiping Up
33802,Shaking Hand,Turning Hand Clockwise
55844,No gesture,Doing other things
71394,Turning Hand Clockwise,Turning Hand Counterclockwise
3083,Turning Hand Clockwise,Turning Hand Counterclockwise
116004,Rolling Hand Backward,Rolling Hand Forward
106456,Doing other things,Zooming In With Full Hand
54539,Pushing Hand Away,Stop Sign
117990,Rolling Hand Backward,Rolling Hand Forward
69965,Zooming Out With Two Fingers,Zooming In With Two Fingers
1685,Zooming In With Full Hand,Zooming Out With Full Hand
39879,Turning Hand Clockwise,Pulling Hand In
49129,Sliding Two Fingers Up,Pushing Two Fingers Away
31167,Sliding Two Fingers Down,No gesture
70876,Zooming In With Full Hand,Doing other things
26093,Rolling Hand Forward,Rolling Hand Backward
39692,Sliding Two Fingers Up,Drumming Fingers
42968,Zooming In With Two Fingers,Zooming Out With Two Fingers
98058,Swiping Down,Stop Sign
140422,Doing other things,Pulling Two Fingers In
117497,Rolling Hand Backward,Rolling Hand Forward
68831,Doing other things,Thumb Down
144619,Sliding Two Fingers Right,Sliding Two Fingers Left
144936,Sliding Two Fingers Left,Doing other things
138539,Swiping Down,Stop Sign
138498,Sliding Two Fingers Right,No gesture
58230,Pushing Hand Away,Doing other things
20024,Zooming In With Two Fingers,Zooming Out With Two Fingers
3034,Zooming Out With Full Hand,Turning Hand Counterclockwise
101288,Swiping Right,Thumb Down
61366,Sliding Two Fingers Left,Sliding Two Fingers Right
133162,Zooming Out With Full Hand,Zooming In With Full Hand
139524,Sliding Two Fingers Right,Doing other things
84798,Swiping Down,Swiping Up
22253,Zooming In With Two Fingers,Zooming Out With Two Fingers
146044,Pushing Two Fingers Away,Sliding Two Fingers Down
18232,Doing other things,Thumb Up
51358,Thumb Up,Rolling Hand Forward
54633,Rolling Hand Forward,Rolling Hand Backward
5343,Zooming Out With Two Fingers,Zooming In With Two Fingers
110391,Swiping Right,Swiping Left
144301,Zooming Out With Two Fingers,Shaking Hand
59148,Pulling Hand In,Pulling Two Fingers In
91828,Swiping Left,Sliding Two Fingers Right
77687,Shaking Hand,No gesture
63831,Sliding Two Fingers Down,Swiping Down
6127,No gesture,Rolling Hand Backward
6120,Sliding Two Fingers Left,Sliding Two Fingers Right
15895,No gesture,Sliding Two Fingers Right
78111,Sliding Two Fingers Down,Drumming Fingers
136927,Zooming Out With Full Hand,Zooming In With Full Hand
68542,Doing other things,Rolling Hand Backward
84875,Sliding Two Fingers Down,Doing other things
86056,Sliding Two Fingers Down,Doing other things
54379,Sliding Two Fingers Down,Zooming Out With Two Fingers
73101,Drumming Fingers,Swiping Down
105424,Sliding Two Fingers Down,Doing other things
53641,Sliding Two Fingers Down,Swiping Down
60863,Thumb Up,Doing other things
57908,Thumb Down,Swiping Left
67611,Pulling Hand In,Pulling Two Fingers In
49101,Zooming Out With Full Hand,Zooming In With Full Hand
70031,Zooming Out With Two Fingers,Zooming In With Two Fingers
134077,Zooming Out With Two Fingers,Doing other things
70979,Sliding Two Fingers Left,Sliding Two Fingers Right
43469,Turning Hand Counterclockwise,Doing other things
144497,Zooming In With Full Hand,Zooming Out With Full Hand
119575,Sliding Two Fingers Up,Sliding Two Fingers Down
67574,Stop Sign,Pushing Hand Away
1755,Sliding Two Fingers Down,Zooming Out With Two Fingers
14994,Zooming In With Full Hand,Rolling Hand Forward
19159,Swiping Right,Doing other things
2984,Shaking Hand,Pushing Hand Away
102221,Sliding Two Fingers Up,Sliding Two Fingers Down
147058,Swiping Right,Sliding Two Fingers Left
108755,Rolling Hand Backward,Rolling Hand Forward
132652,Sliding Two Fingers Up,Pushing Two Fingers Away
122921,Turning Hand Counterclockwise,Shaking Hand
107104,Swiping Right,No gesture
124223,Sliding Two Fingers Right,No gesture
51316,Rolling Hand Backward,Rolling Hand Forward
1997,Sliding Two Fingers Right,Swiping Up
72413,Swiping Up,Sliding Two Fingers Left
69749,Turning Hand Clockwise,Swiping Right
133529,No gesture,Pulling Two Fingers In
64088,Sliding Two Fingers Left,Thumb Up
128787,Shaking Hand,Doing other things
80363,Swiping Right,Swiping Down
141537,Sliding Two Fingers Right,Sliding Two Fingers Left
48190,Rolling Hand Forward,Rolling Hand Backward
111209,Swiping Up,Thumb Up
126627,Swiping Right,Sliding Two Fingers Right
109336,Sliding Two Fingers Left,Sliding Two Fingers Right
33809,Rolling Hand Backward,Rolling Hand Forward
111121,Stop Sign,Swiping Down
87559,Turning Hand Clockwise,Swiping Left
59906,Rolling Hand Backward,Rolling Hand Forward
101298,No gesture,Thumb Up
65094,Swiping Left,Swiping Down
83658,Zooming Out With Full Hand,Shaking Hand
8419,Swiping Right,Shaking Hand
93171,Drumming Fingers,Rolling Hand Backward
33441,Pushing Hand Away,No gesture
38504,Rolling Hand Backward,Doing other things
103903,Swiping Left,Thumb Up
63957,Sliding Two Fingers Up,No gesture
45407,Rolling Hand Backward,Swiping Down
49253,Pulling Hand In,Swiping Up
120635,Turning Hand Clockwise,Thumb Down
56334,Sliding Two Fingers Left,Sliding Two Fingers Right
32538,Turning Hand Clockwise,Turning Hand Counterclockwise
65351,Zooming Out With Full Hand,Zooming In With Full Hand
53667,Sliding Two Fingers Down,Pushing Two Fingers Away
9164,Turning Hand Clockwise,Turning Hand Counterclockwise
120366,No gesture,Doing other things
62194,Sliding Two Fingers Left,Swiping Left
691,Swiping Up,Zooming Out With Two Fingers
4975,Pushing Hand Away,Stop Sign
98404,Swiping Up,Swiping Down
95007,Doing other things,Rolling Hand Forward
41291,Shaking Hand,Swiping Up
45513,Sliding Two Fingers Left,Sliding Two Fingers Right
29708,Sliding Two Fingers Up,Swiping Down
87763,Zooming Out With Two Fingers,Thumb Up
137110,Swiping Left,Pulling Hand In
7632,Swiping Right,Swiping Left
147239,Zooming In With Full Hand,Shaking Hand
92856,Rolling Hand Backward,Rolling Hand Forward
103002,Stop Sign,Pulling Two Fingers In
102432,Sliding Two Fingers Down,Pushing Two Fingers Away
142186,Shaking Hand,Turning Hand Counterclockwise
12243,Thumb Up,Sliding Two Fingers Left
42093,Doing other things,Rolling Hand Backward
102584,Zooming Out With Two Fingers,Shaking Hand
145622,No gesture,Swiping Up
136315,Stop Sign,Pushing Hand Away
54170,Turning Hand Counterclockwise,Turning Hand Clockwise
137899,Zooming In With Full Hand,Shaking Hand
81475,Turning Hand Clockwise,Zooming In With Full Hand
58537,Zooming In With Two Fingers,Zooming Out With Two Fingers
104231,Pulling Hand In,Swiping Up
58168,Doing other things,Zooming In With Full Hand
81641,Sliding Two Fingers Left,Swiping Right
77860,Swiping Right,Doing other things
72380,Sliding Two Fingers Down,Swiping Left
91189,Pushing Two Fingers Away,Doing other things
30387,Thumb Up,Swiping Down
38703,Zooming In With Two Fingers,Zooming In With Full Hand
85213,Swiping Left,Shaking Hand
25539,Pulling Two Fingers In,Doing other things
56691,Sliding Two Fingers Left,No gesture
95127,Zooming Out With Two Fingers,Zooming In With Two Fingers
15690,Turning Hand Counterclockwise,Rolling Hand Backward
107668,Sliding Two Fingers Down,Pushing Two Fingers Away
49083,Turning Hand Counterclockwise,Thumb Down
115456,Swiping Right,No gesture
30846,Sliding Two Fingers Down,Swiping Down
147161,Doing other things,Pushing Hand Away
67253,Pushing Two Fingers Away,Swiping Down
110465,Thumb Down,Turning Hand Clockwise
97022,No gesture,Swiping Left
36734,Doing other things,Pushing Two Fingers Away
142428,Zooming Out With Two Fingers,Zooming In With Two Fingers
4696,Pushing Two Fingers Away,Zooming Out With Two Fingers
38204,Sliding Two Fingers Left,Sliding Two Fingers Right
22509,Drumming Fingers,Sliding Two Fingers Down
143295,Zooming Out With Two Fingers,No gesture
59977,Doing other things,No gesture
55573,Sliding Two Fingers Down,Sliding Two Fingers Up
10033,Sliding Two Fingers Right,Thumb Up
68165,Turning Hand Counterclockwise,Shaking Hand
125565,Pulling Hand In,Shaking Hand
3584,Sliding Two Fingers Left,Sliding Two Fingers Right
39103,Swiping Down,Rolling Hand Backward
95475,Sliding Two Fingers Down,Sliding Two Fingers Left
106402,Drumming Fingers,Rolling Hand Backward
2405,Shaking Hand,Stop Sign
35871,Zooming Out With Two Fingers,Sliding Two Fingers Down
33633,Stop Sign,Shaking Hand
6671,Swiping Right,Swiping Down
72342,Pushing Hand Away,Doing other things
36946,Turning Hand Clockwise,Turning Hand Counterclockwise
17657,Zooming Out With Full Hand,Zooming In With Full Hand
134190,Zooming In With Two Fingers,Zooming Out With Two Fingers
136355,Turning Hand Clockwise,Turning Hand Counterclockwise
11225,Swiping Right,Pushing Two Fingers Away
18982,No gesture,Doing other things
117578,Sliding Two Fingers Left,Sliding Two Fingers Right
122318,Pushing Hand Away,No gesture
116823,Swiping Left,Thumb Down
54785,Rolling Hand Backward,Sliding Two Fingers Right
124474,Zooming Out With Full Hand,Zooming Out With Two Fingers
145902,Rolling Hand Forward,Doing other things
108228,Swiping Up,Sliding Two Fingers Right
115723,Sliding Two Fingers Down,No gesture
69532,Thumb Up,Sliding Two Fingers Down
72597,Swiping Left,Swiping Right
123233,Swiping Left,Sliding Two Fingers Left
20856,Swiping Left,Sliding Two Fingers Left
123460,Swiping Up,Pulling Hand In
140273,Sliding Two Fingers Up,Zooming Out With Two Fingers
133147,Zooming Out With Full Hand,Zooming In With Full Hand
88495,Rolling Hand Forward,Doing other things
66418,Zooming Out With Full Hand,Pulling Two Fingers In
31225,Sliding Two Fingers Right,Sliding Two Fingers Down
101765,Pushing Two Fingers Away,Pulling Two Fingers In
26463,Sliding Two Fingers Left,Thumb Up
59721,No gesture,Turning Hand Clockwise
130287,Swiping Left,No gesture
31529,Swiping Left,Swiping Up
130382,Zooming Out With Two Fingers,Doing other things
108139,Thumb Down,Drumming Fingers
41389,Zooming In With Full Hand,Pushing Hand Away
44328,Sliding Two Fingers Left,Sliding Two Fingers Right
51920,Pulling Hand In,Swiping Up
126709,Thumb Up,Pushing Two Fingers Away
112406,Sliding Two Fingers Up,No gesture
63603,Sliding Two Fingers Up,Swiping Down
20264,Swiping Up,Pulling Hand In
102040,Sliding Two Fingers Up,Pushing Two Fingers Away
137124,Sliding Two Fingers Left,Thumb Up
12781,Swiping Up,Swiping Down
51091,Swiping Left,Pushing Hand Away
80502,Swiping Up,No gesture
38957,Sliding Two Fingers Down,Pushing Two Fingers Away
11857,Sliding Two Fingers Down,Doing other things
139458,Zooming Out With Two Fingers,Zooming In With Two Fingers
78046,Rolling Hand Forward,Rolling Hand Backward
129374,Swiping Up,Swiping Left
41838,Turning Hand Clockwise,Shaking Hand
19422,Pushing Two Fingers Away,No gesture
85579,Sliding Two Fingers Up,Drumming Fingers
32775,Rolling Hand Backward,Thumb Down
108076,Shaking Hand,Zooming In With Full Hand
13003,Swiping Down,Swiping Up
136086,Sliding Two Fingers Left,Swiping Right
41800,Doing other things,Rolling Hand Backward
126612,Pulling Two Fingers In,Doing other things
52146,Zooming In With Two Fingers,Doing other things
85873,Sliding Two Fingers Right,No gesture
23939,Turning Hand Clockwise,Turning Hand Counterclockwise
21645,Sliding Two Fingers Right,Thumb Up
10108,Swiping Up,Swiping Down
5154,Rolling Hand Forward,Rolling Hand Backward
18857,Swiping Left,Sliding Two Fingers Left
84367,Sliding Two Fingers Left,Sliding Two Fingers Right
69517,Pushing Hand Away,Stop Sign
82917,Pushing Hand Away,Pushing Two Fingers Away
31517,Sliding Two Fingers Right,Sliding Two Fingers Left
64734,Pushing Hand Away,No gesture
115790,Sliding Two Fingers Left,Sliding Two Fingers Right
44571,Zooming Out With Full Hand,Drumming Fingers
4540,Sliding Two Fingers Up,Sliding Two Fingers Down
85152,Doing other things,Pulling Hand In
68227,Zooming In With Two Fingers,Zooming Out With Two Fingers
58988,Rolling Hand Backward,Rolling Hand Forward
43890,Stop Sign,Pushing Two Fingers Away
39844,Doing other things,No gesture
70490,Zooming Out With Full Hand,Stop Sign
107817,Stop Sign,Pushing Hand Away
82474,Turning Hand Counterclockwise,Turning Hand Clockwise
99776,Pushing Two Fingers Away,Pushing Hand Away
11793,No gesture,Zooming Out With Two Fingers
85638,Sliding Two Fingers Left,No gesture
91945,No gesture,Doing other things
127155,Rolling Hand Backward,Rolling Hand Forward
81660,Sliding Two Fingers Left,Pulling Two Fingers In
48817,Turning Hand Clockwise,Turning Hand Counterclockwise
81596,Zooming In With Full Hand,Zooming In With Two Fingers
51785,Swiping Up,Sliding Two Fingers Up
13002,Rolling Hand Forward,Rolling Hand Backward
41103,Zooming In With Full Hand,Zooming Out With Full Hand
40649,Sliding Two Fingers Right,No gesture
24606,Shaking Hand,Turning Hand Counterclockwise
112942,Rolling Hand Forward,Doing other things
89030,Drumming Fingers,Doing other things
59282,Zooming In With Two Fingers,Zooming Out With Two Fingers
117666,Sliding Two Fingers Down,Swiping Down
28472,Rolling Hand Backward,Rolling Hand Forward
99773,Shaking Hand,Doing other things
28942,Swiping Down,No gesture
112749,Sliding Two Fingers Up,Sliding Two Fingers Down
96636,Doing other things,Zooming In With Full Hand
52340,Turning Hand Counterclockwise,Turning Hand Clockwise
136593,Doing other things,Sliding Two Fingers Down
6088,Sliding Two Fingers Down,Swiping Down
71267,Zooming In With Two Fingers,Zooming Out With Two Fingers
8493,Zooming Out With Two Fingers,Doing other things
20729,Pulling Hand In,Pulling Two Fingers In
90519,Thumb Up,Rolling Hand Backward
100132,Doing other things,Pulling Two Fingers In
3981,Sliding Two Fingers Down,Thumb Up
111360,Sliding Two Fingers Right,Sliding Two Fingers Left
51571,Swiping Right,Doing other things
146365,Thumb Up,Pushing Two Fingers Away
59292,No gesture,Swiping Right
107914,Zooming Out With Full Hand,Zooming In With Full Hand
11004,Stop Sign,Swiping Up
131803,Pulling Two Fingers In,Thumb Up
64165,Doing other things,Pushing Hand Away
93395,Sliding Two Fingers Right,Sliding Two Fingers Left
45726,Sliding Two Fingers Right,No gesture
73878,Doing other things,No gesture
121732,Sliding Two Fingers Left,Sliding Two Fingers Right
126407,Pulling Hand In,Thumb Up
5361,Pulling Hand In,Pulling Two Fingers In
110424,Zooming In With Full Hand,Turning Hand Clockwise
53734,Shaking Hand,Swiping Up
103209,Zooming Out With Full Hand,Zooming In With Full Hand
118457,Swiping Left,Pulling Two Fingers In
86561,Swiping Left,Swiping Right
38000,Stop Sign,Swiping Down
34484,Pushing Two Fingers Away,Pushing Hand Away
32067,Swiping Up,Sliding Two Fingers Up
103704,Sliding Two Fingers Down,No gesture
90603,Sliding Two Fingers Up,Pushing Two Fingers Away
102693,Sliding Two Fingers Right,Swiping Right
99396,Pulling Hand In,Doing other things
136646,Rolling Hand Forward,Doing other things
135381,Sliding Two Fingers Up,Pushing Two Fingers Away
94047,Zooming Out With Full Hand,Doing other things
18284,Sliding Two Fingers Up,Sliding Two Fingers Down
100970,Rolling Hand Forward,Turning Hand Counterclockwise
147149,Doing other things,Turning Hand Clockwise
103179,Swiping Right,No gesture
147146,Swiping Right,No gesture
42031,Zooming In With Full Hand,Swiping Right
128390,Sliding Two Fingers Up,Sliding Two Fingers Down
15538,Sliding Two Fingers Right,Doing other things
485,Thumb Down,Doing other things
41687,Doing other things,Pulling Two Fingers In
110745,Sliding Two Fingers Left,Sliding Two Fingers Right
146665,Zooming In With Two Fingers,Zooming Out With Two Fingers
49951,Pulling Hand In,Pulling Two Fingers In
114911,Swiping Left,Swiping Right
37365,Turning Hand Clockwise,Doing other things
137751,Zooming Out With Full Hand,Zooming In With Two Fingers
50395,Shaking Hand,Swiping Right
296,Rolling Hand Forward,Doing other things
89315,Swiping Down,Stop Sign
77842,Swiping Down,Drumming Fingers
120974,Sliding Two Fingers Right,Sliding Two Fingers Left
118021,Swiping Down,No gesture
56203,Swiping Right,Sliding Two Fingers Right
39302,Swiping Left,Doing other things
80506,Sliding Two Fingers Up,Drumming Fingers
27206,Zooming Out With Full Hand,Swiping Down
115460,Swiping Right,No gesture
116588,Rolling Hand Backward,Rolling Hand Forward
19375,Turning Hand Clockwise,Pulling Hand In
80718,Swiping Up,Sliding Two Fingers Down
85209,Sliding Two Fingers Left,Sliding Two Fingers Right
5952,Zooming In With Full Hand,Shaking Hand
103168,Zooming In With Two Fingers,Zooming Out With Two Fingers
114978,Swiping Up,Pulling Hand In
53569,Sliding Two Fingers Up,Drumming Fingers
132606,Sliding Two Fingers Right,Swiping Right
71563,Swiping Left,No gesture
14754,Shaking Hand,Stop Sign
62150,Drumming Fingers,Pulling Two Fingers In
88614,Sliding Two Fingers Left,Sliding Two Fingers Right
101773,Swiping Up,Doing other things
34581,Swiping Up,Sliding Two Fingers Right
42714,Sliding Two Fingers Right,Swiping Left
86605,Swiping Down,No gesture
33770,Rolling Hand Forward,Rolling Hand Backward
77841,Turning Hand Clockwise,Turning Hand Counterclockwise
117648,Zooming Out With Two Fingers,Zooming In With Two Fingers
21314,Swiping Down,Swiping Left
24666,Zooming Out With Full Hand,Sliding Two Fingers Right
37986,Doing other things,Rolling Hand Backward
91941,Turning Hand Counterclockwise,Doing other things
50744,Pulling Two Fingers In,Pushing Hand Away
8718,Zooming In With Two Fingers,Doing other things
133494,Pulling Hand In,Turning Hand Counterclockwise
51829,Sliding Two Fingers Down,Drumming Fingers
63504,Stop Sign,Pushing Hand Away
112947,Swiping Right,Zooming In With Full Hand
110294,Rolling Hand Forward,Rolling Hand Backward
140908,Swiping Up,Doing other things
75256,Rolling Hand Forward,Turning Hand Counterclockwise
2387,Zooming In With Full Hand,Zooming Out With Full Hand
103762,Sliding Two Fingers Down,Swiping Right
1235,Pushing Two Fingers Away,Doing other things
2269,Zooming In With Two Fingers,Zooming Out With Two Fingers
39531,Rolling Hand Backward,Rolling Hand Forward
39324,Swiping Right,No gesture
57541,Pulling Two Fingers In,Doing other things
111808,Stop Sign,Zooming In With Full Hand
124260,No gesture,Doing other things
38279,Sliding Two Fingers Right,Doing other things
76331,Thumb Up,Swiping Left
130034,Swiping Left,No gesture
12879,Thumb Up,No gesture
99428,Swiping Up,Doing other things
103769,Swiping Right,No gesture
61465,Zooming Out With Full Hand,Zooming In With Full Hand
18705,Pushing Hand Away,Stop Sign
77598,Sliding Two Fingers Left,No gesture
51802,Sliding Two Fingers Up,Swiping Down
62367,Sliding Two Fingers Right,Swiping Down
120424,Zooming Out With Full Hand,Zooming In With Full Hand
10117,Doing other things,No gesture
63690,Zooming Out With Two Fingers,Zooming Out With Full Hand
107184,Rolling Hand Forward,Rolling Hand Backward
115091,Sliding Two Fingers Left,Shaking Hand
94116,Turning Hand Clockwise,Turning Hand Counterclockwise
92018,Swiping Right,No gesture
15855,Pulling Hand In,Zooming In With Full Hand
98211,Thumb Up,Pulling Hand In
146770,Sliding Two Fingers Left,No gesture
11287,Sliding Two Fingers Down,Swiping Down
100480,Zooming Out With Full Hand,Zooming In With Full Hand
57054,Swiping Right,Swiping Left
122919,Rolling Hand Backward,Doing other things
41925,Stop Sign,Pushing Hand Away
144496,Swiping Left,Doing other things
66133,Swiping Right,Sliding Two Fingers Left
79786,Pulling Hand In,Swiping Left
9846,Sliding Two Fingers Up,Doing other things
71809,Turning Hand Clockwise,Shaking Hand
76536,Swiping Up,Pulling Hand In
129062,Sliding Two Fingers Down,Sliding Two Fingers Up
56159,Thumb Up,Sliding Two Fingers Right
6656,Sliding Two Fingers Up,Sliding Two Fingers Down
56339,Swiping Left,Swiping Right
34162,Rolling Hand Forward,No gesture
15906,Pulling Hand In,Pushing Hand Away
110100,Rolling Hand Backward,Thumb Up
8743,Zooming Out With Full Hand,Sliding Two Fingers Up
51832,No gesture,Doing other things
34501,Swiping Left,Swiping Right
102614,Shaking Hand,Zooming In With Full Hand
115724,Zooming Out With Full Hand,No gesture
130569,Turning Hand Clockwise,Turning Hand Counterclockwise
120971,Zooming Out With Two Fingers,Zooming In With Two Fingers
64506,Turning Hand Clockwise,Pulling Hand In
144298,Pulling Hand In,Swiping Up
132604,Shaking Hand,Doing other things
105881,Turning Hand Counterclockwise,Turning Hand Clockwise
117838,Swiping Left,Swiping Right
19344,Turning Hand Clockwise,Swiping Right
118259,Zooming Out With Full Hand,Doing other things
8733,Rolling Hand Backward,Rolling Hand Forward
42721,No gesture,Swiping Left
19945,Rolling Hand Backward,Rolling Hand Forward
89968,Doing other things,Pulling Two Fingers In
25499,Zooming In With Two Fingers,Zooming Out With Two Fingers
60131,Sliding Two Fingers Up,Swiping Down
82801,Turning Hand Clockwise,Turning Hand Counterclockwise
3763,Sliding Two Fingers Down,Sliding Two Fingers Up
50289,Turning Hand Clockwise,Turning Hand Counterclockwise
89334,Zooming Out With Full Hand,Zooming In With Full Hand
84638,Swiping Right,Swiping Left
97492,Zooming In With Full Hand,Sliding Two Fingers Right
26153,Swiping Down,Sliding Two Fingers Down
107318,Swiping Down,Pushing Hand Away
62812,Drumming Fingers,Doing other things
88993,Swiping Up,No gesture
25110,Doing other things,Zooming In With Full Hand
124281,Sliding Two Fingers Down,Sliding Two Fingers Up
140376,Zooming Out With Full Hand,Zooming In With Full Hand
17803,Doing other things,Thumb Up
39154,Zooming In With Two Fingers,Zooming Out With Two Fingers
33270,Pulling Two Fingers In,Pushing Two Fingers Away
15159,Swiping Down,Swiping Up
79942,Shaking Hand,Pulling Two Fingers In
138311,Pulling Hand In,Turning Hand Counterclockwise
110807,Stop Sign,Pushing Hand Away
49168,Pulling Two Fingers In,Doing other things
65066,Rolling Hand Backward,Rolling Hand Forward
109333,Shaking Hand,Turning Hand Counterclockwise
66342,Swiping Up,Rolling Hand Forward
98180,Stop Sign,Pushing Hand Away
5724,Swiping Right,Swiping Left
108188,Shaking Hand,Zooming Out With Full Hand
50523,Pulling Two Fingers In,Sliding Two Fingers Down
97337,Rolling Hand Backward,Rolling Hand Forward
56082,Swiping Up,No gesture
141286,Swiping Down,Pushing Hand Away
86737,Swiping Left,No gesture
143682,Sliding Two Fingers Down,Swiping Left
3850,Swiping Right,Sliding Two Fingers Right
84868,Sliding Two Fingers Left,Sliding Two Fingers Right
20352,Rolling Hand Backward,Rolling Hand Forward
96504,Drumming Fingers,Rolling Hand Backward
37641,Swiping Down,Pulling Two Fingers In
54152,Zooming In With Full Hand,Zooming Out With Full Hand
55639,Pushing Two Fingers Away,Swiping Down
49771,Swiping Down,Doing other things
7319,No gesture,Doing other things
115697,Zooming In With Two Fingers,Sliding Two Fingers Up
58737,Zooming Out With Full Hand,Shaking Hand
83356,Swiping Down,Shaking Hand
8308,Rolling Hand Forward,Rolling Hand Backward
94687,Swiping Left,Swiping Right
98265,Sliding Two Fingers Right,No gesture
35473,Pushing Two Fingers Away,Swiping Up
6263,Zooming Out With Two Fingers,Zooming Out With Full Hand
94653,Sliding Two Fingers Left,Doing other things
137476,Sliding Two Fingers Up,Pushing Two Fingers Away
100579,Rolling Hand Backward,Rolling Hand Forward
92323,Sliding Two Fingers Left,Sliding Two Fingers Right
66202,Swiping Right,Swiping Left
28156,Swiping Left,Pulling Two Fingers In
27199,Pushing Hand Away,Swiping Down
99060,Zooming In With Two Fingers,Zooming In With Full Hand
69439,Sliding Two Fingers Down,Sliding Two Fingers Right
29545,Sliding Two Fingers Up,Stop Sign
47825,Rolling Hand Forward,Rolling Hand Backward
147378,Swiping Left,Rolling Hand Backward
40698,Pushing Two Fingers Away,Pushing Hand Away
98773,Zooming In With Full Hand,Pushing Hand Away
13817,Zooming In With Full Hand,Zooming Out With Full Hand
26034,Zooming In With Two Fingers,Zooming Out With Two Fingers
86180,Sliding Two Fingers Up,Thumb Up
41239,Shaking Hand,Drumming Fingers
40558,Rolling Hand Forward,Rolling Hand Backward
135871,Sliding Two Fingers Down,Swiping Left
64670,Zooming In With Full Hand,Shaking Hand
114855,Doing other things,Pushing Two Fingers Away
3494,No gesture,Doing other things
139256,Sliding Two Fingers Down,Swiping Up
1205,Swiping Down,Sliding Two Fingers Right
143644,Swiping Left,No gesture
71207,Thumb Down,Turning Hand Clockwise
98633,Sliding Two Fingers Down,Swiping Left
135074,Turning Hand Clockwise,Rolling Hand Backward
103699,Swiping Left,No gesture
106095,Swiping Down,Sliding Two Fingers Left
77301,Sliding Two Fingers Left,Sliding Two Fingers Right
144730,Turning Hand Clockwise,Shaking Hand
144120,Sliding Two Fingers Left,Sliding Two Fingers Right
71179,Swiping Down,Pushing Hand Away
112518,Rolling Hand Backward,Rolling Hand Forward
121316,Rolling Hand Forward,Turning Hand Clockwise
123822,Turning Hand Clockwise,Turning Hand Counterclockwise
45322,Turning Hand Counterclockwise,Shaking Hand
116509,Pulling Hand In,No gesture
96119,Zooming Out With Two Fingers,Zooming In With Two Fingers
89964,Swiping Up,Pulling Hand In
103757,Swiping Down,Drumming Fingers
46289,No gesture,Swiping Right
42722,Pushing Two Fingers Away,Pulling Two Fingers In
6372,Doing other things,Swiping Right
51862,Sliding Two Fingers Up,Pushing Two Fingers Away
30801,Turning Hand Clockwise,Turning Hand Counterclockwise
119426,Rolling Hand Forward,Rolling Hand Backward
89709,Rolling Hand Forward,Rolling Hand Backward
33886,Doing other things,Pushing Hand Away
85095,Sliding Two Fingers Right,Swiping Right
48929,Doing other things,Sliding Two Fingers Left
108029,Swiping Down,Swiping Right
96712,Zooming In With Two Fingers,Zooming Out With Two Fingers
115230,Drumming Fingers,Rolling Hand Backward
127810,Stop Sign,Pushing Hand Away
27480,Swiping Up,Sliding Two Fingers Up
61236,Zooming Out With Full Hand,Rolling Hand Backward
29455,Pushing Hand Away,Stop Sign
83655,Doing other things,Pulling Two Fingers In
37477,Sliding Two Fingers Up,Doing other things
32382,No gesture,Swiping Left
110889,Zooming In With Two Fingers,Zooming Out With Two Fingers
104002,Doing other things,Thumb Up
86618,Rolling Hand Forward,Rolling Hand Backward
123147,Sliding Two Fingers Up,Sliding Two Fingers Down
23836,Rolling Hand Forward,Swiping Left
116254,Stop Sign,Pushing Hand Away
36615,Swiping Right,Swiping Left
58010,Stop Sign,Swiping Down
74869,Zooming Out With Full Hand,Zooming In With Full Hand
142742,Sliding Two Fingers Down,Sliding Two Fingers Up
27892,No gesture,Swiping Up
87273,Doing other things,Turning Hand Clockwise
99410,Turning Hand Counterclockwise,Turning Hand Clockwise
92446,Sliding Two Fingers Left,Sliding Two Fingers Right
81393,Zooming Out With Full Hand,Zooming In With Full Hand
111504,Stop Sign,Doing other things
129169,Sliding Two Fingers Left,Sliding Two Fingers Right
92826,Sliding Two Fingers Left,Sliding Two Fingers Right
120060,Zooming Out With Full Hand,Zooming In With Full Hand
113305,Sliding Two Fingers Left,Sliding Two Fingers Right
60781,Sliding Two Fingers Left,Thumb Up
1983,Rolling Hand Backward,Rolling Hand Forward
13731,Turning Hand Clockwise,Turning Hand Counterclockwise
14633,Doing other things,Turning Hand Counterclockwise
30518,Swiping Down,No gesture
110318,Thumb Up,No gesture
40937,Sliding Two Fingers Right,Sliding Two Fingers Left
91596,Turning Hand Clockwise,Turning Hand Counterclockwise
39657,Zooming In With Two Fingers,Zooming Out With Two Fingers
47143,Sliding Two Fingers Down,Pushing Hand Away
30771,Drumming Fingers,Swiping Down
11973,Thumb Up,Turning Hand Counterclockwise
5623,Zooming Out With Full Hand,Doing other things
146055,Rolling Hand Forward,Rolling Hand Backward
119467,Swiping Down,Swiping Up
65425,Sliding Two Fingers Left,Pushing Hand Away
7374,Thumb Down,Doing other things
44360,Sliding Two Fingers Left,Swiping Right
93279,Doing other things,Zooming In With Full Hand
84419,Swiping Up,Swiping Down
122066,Sliding Two Fingers Up,Thumb Up
10061,Doing other things,Turning Hand Counterclockwise
38576,Stop Sign,Pushing Hand Away
90722,Swiping Down,No gesture
19439,Zooming In With Two Fingers,Doing other things
13103,Rolling Hand Backward,Swiping Down
24124,Turning Hand Clockwise,Shaking Hand
143467,Zooming In With Full Hand,Zooming Out With Full Hand
100444,Sliding Two Fingers Up,Pushing Two Fingers Away
94035,Stop Sign,Pushing Hand Away
37520,Turning Hand Clockwise,Pushing Two Fingers Away
124515,Turning Hand Counterclockwise,Swiping Up
108957,Rolling Hand Backward,Rolling Hand Forward
65192,Swiping Down,No gesture
22138,Turning Hand Clockwise,No gesture
70448,Swiping Right,Zooming Out With Two Fingers
119053,Sliding Two Fingers Left,Swiping Right
26917,Swiping Down,Sliding Two Fingers Up
89585,Stop Sign,Pushing Hand Away
98766,Swiping Up,Turning Hand Clockwise
109302,Swiping Down,Drumming Fingers
34799,Drumming Fingers,Zooming In With Full Hand
133459,Drumming Fingers,Sliding Two Fingers Right
28349,Swiping Right,Swiping Left
57809,Pushing Hand Away,Stop Sign
37900,Swiping Up,Swiping Right
117863,Sliding Two Fingers Left,Drumming Fingers
111170,No gesture,Doing other things
124371,Swiping Left,Thumb Up
132485,Stop Sign,Pushing Hand Away
37080,Sliding Two Fingers Left,No gesture
15613,Zooming Out With Full Hand,Zooming In With Full Hand
13959,Doing other things,Drumming Fingers
84697,Turning Hand Counterclockwise,Turning Hand Clockwise
131205,Zooming Out With Full Hand,Turning Hand Clockwise
49647,Sliding Two Fingers Up,No gesture
42120,Turning Hand Counterclockwise,Turning Hand Clockwise
39643,Zooming Out With Full Hand,Zooming In With Full Hand
97560,Swiping Left,Sliding Two Fingers Down
118654,Sliding Two Fingers Left,Swiping Left
18625,Sliding Two Fingers Right,Doing other things
12720,Zooming In With Full Hand,Shaking Hand
80089,Sliding Two Fingers Down,Swiping Down
57744,Pulling Hand In,Swiping Up
23968,Turning Hand Counterclockwise,Zooming In With Full Hand
65817,Turning Hand Clockwise,Turning Hand Counterclockwise
103039,Swiping Right,Zooming Out With Two Fingers
31377,Turning Hand Clockwise,Swiping Right
15634,Shaking Hand,Sliding Two Fingers Down
86396,Turning Hand Counterclockwise,Zooming Out With Full Hand
103004,Swiping Right,Pulling Hand In
106210,Turning Hand Counterclockwise,Turning Hand Clockwise
123906,Sliding Two Fingers Left,Swiping Right
45603,Sliding Two Fingers Right,Swiping Right
123740,Doing other things,Thumb Up
8364,Zooming In With Two Fingers,Swiping Down
136596,Sliding Two Fingers Left,Sliding Two Fingers Right
84741,Zooming In With Two Fingers,Zooming Out With Full Hand
23430,Swiping Right,Doing other things
72663,Rolling Hand Forward,Rolling Hand Backward
46082,Swiping Right,No gesture
66879,Zooming In With Two Fingers,Zooming Out With Two Fingers
73014,Swiping Down,No gesture
8666,Turning Hand Clockwise,Turning Hand Counterclockwise
34160,Rolling Hand Backward,Rolling Hand Forward
129799,Sliding Two Fingers Right,Thumb Up
136528,Sliding Two Fingers Up,Doing other things
44430,Drumming Fingers,Pushing Hand Away
144063,Doing other things,Pushing Hand Away
145231,Pushing Two Fingers Away,Pulling Two Fingers In
85556,Doing other things,Pulling Hand In
11827,Stop Sign,Pushing Hand Away
97060,Swiping Down,No gesture
30910,Turning Hand Counterclockwise,Shaking Hand
11348,Sliding Two Fingers Down,Pushing Two Fingers Away
144114,Doing other things,Swiping Up
39534,Doing other things,No gesture
53872,Thumb Up,No gesture
82874,Swiping Right,No gesture
6788,Swiping Right,Swiping Left
50538,Pulling Two Fingers In,Pulling Hand In
13253,Swiping Right,Sliding Two Fingers Left
79188,Turning Hand Counterclockwise,Shaking Hand
138562,Sliding Two Fingers Left,No gesture
24033,Stop Sign,Pushing Hand Away
140178,Thumb Up,Doing other things
40735,Swiping Right,Swiping Left
76383,Pulling Hand In,Swiping Up
107245,Swiping Right,Swiping Left
136589,Zooming In With Full Hand,Shaking Hand
52252,Rolling Hand Forward,Rolling Hand Backward
87456,Pushing Two Fingers Away,Doing other things
27745,Zooming Out With Full Hand,Zooming In With Full Hand
61514,Sliding Two Fingers Right,Sliding Two Fingers Left
9741,No gesture,Pushing Two Fingers Away
119159,Drumming Fingers,Rolling Hand Backward
39076,Shaking Hand,Pushing Two Fingers Away
55977,Sliding Two Fingers Left,Sliding Two Fingers Right
143998,Zooming Out With Full Hand,Zooming In With Full Hand
28600,Swiping Right,Doing other things
43967,Zooming Out With Full Hand,Zooming In With Full Hand
146134,No gesture,Pulling Two Fingers In
79181,Zooming Out With Full Hand,Zooming In With Full Hand
41317,Rolling Hand Backward,Rolling Hand Forward
140843,Sliding Two Fingers Down,Sliding Two Fingers Up
49969,Swiping Down,No gesture
115242,Doing other things,Pushing Two Fingers Away
108140,Swiping Up,No gesture
20861,Turning Hand Clockwise,Turning Hand Counterclockwise
38200,No gesture,Doing other things
19092,Zooming In With Two Fingers,Sliding Two Fingers Up
50700,Pushing Two Fingers Away,Pulling Hand In
47702,Doing other things,Pulling Two Fingers In
133304,Thumb Down,Sliding Two Fingers Down
82686,Rolling Hand Backward,Rolling Hand Forward
124465,Swiping Right,Zooming Out With Full Hand
56695,Swiping Right,No gesture
91737,Sliding Two Fingers Left,Sliding Two Fingers Right
119037,Pulling Hand In,Doing other things
101656,Turning Hand Clockwise,Turning Hand Counterclockwise
10669,Pulling Two Fingers In,Pushing Hand Away
18929,Swiping Right,No gesture
93259,Rolling Hand Forward,Thumb Up
7533,Doing other things,Pushing Two Fingers Away
68745,No gesture,Swiping Right
85757,Rolling Hand Backward,Rolling Hand Forward
36098,No gesture,Sliding Two Fingers Down
101289,Rolling Hand Forward,Rolling Hand Backward
56833,No gesture,Swiping Left
138243,Sliding Two Fingers Right,Swiping Left
78449,Swiping Down,Swiping Up
122914,Rolling Hand Backward,Rolling Hand Forward
122120,Pulling Two Fingers In,No gesture
80690,Zooming In With Full Hand,Rolling Hand Backward
80910,Zooming In With Two Fingers,Shaking Hand
13790,Swiping Down,Swiping Right
65950,Sliding Two Fingers Down,Thumb Down
73127,Turning Hand Counterclockwise,Shaking Hand
109187,Sliding Two Fingers Left,Sliding Two Fingers Right
124988,Swiping Down,Pulling Hand In
97619,Sliding Two Fingers Up,Doing other things
94406,Zooming In With Full Hand,Doing other things
28531,Turning Hand Clockwise,Turning Hand Counterclockwise
106814,Swiping Left,No gesture
13432,Swiping Left,Sliding Two Fingers Right
35213,No gesture,Swiping Right
137748,Swiping Left,Doing other things
10389,Swiping Right,Swiping Left
77899,Pulling Two Fingers In,Rolling Hand Backward
120707,Zooming Out With Two Fingers,Zooming In With Two Fingers
87537,Zooming In With Two Fingers,Zooming Out With Two Fingers
17167,Sliding Two Fingers Left,Swiping Left
131945,Zooming In With Full Hand,Shaking Hand
133830,Zooming Out With Two Fingers,Pushing Two Fingers Away
45768,Turning Hand Counterclockwise,Turning Hand Clockwise
134926,Swiping Right,Zooming Out With Two Fingers
107876,Sliding Two Fingers Down,Swiping Down
44558,Shaking Hand,Turning Hand Counterclockwise
137504,Swiping Right,Swiping Left
136959,Sliding Two Fingers Down,Doing other things
113439,Turning Hand Clockwise,Turning Hand Counterclockwise
34723,Sliding Two Fingers Down,Sliding Two Fingers Up
65901,Sliding Two Fingers Up,Sliding Two Fingers Down
22173,Pulling Two Fingers In,Pulling Hand In
139284,Pulling Hand In,Swiping Up
3329,Sliding Two Fingers Left,Sliding Two Fingers Right
114289,Swiping Left,Sliding Two Fingers Left
43542,Swiping Down,No gesture
39084,Zooming Out With Two Fingers,Zooming In With Two Fingers
12355,Swiping Down,No gesture
76710,Zooming In With Two Fingers,Zooming Out With Two Fingers
126582,Thumb Down,Pushing Hand Away
62060,Swiping Left,Swiping Right
56421,Sliding Two Fingers Left,Sliding Two Fingers Right
16753,Swiping Right,Doing other things
29324,Rolling Hand Forward,Rolling Hand Backward
72974,Sliding Two Fingers Left,Doing other things
30098,No gesture,Swiping Down
118971,No gesture,Swiping Down
40336,Sliding Two Fingers Up,Pushing Two Fingers Away
78221,No gesture,Rolling Hand Backward
107294,No gesture,Turning Hand Counterclockwise
41650,Swiping Down,Sliding Two Fingers Up
130907,Sliding Two Fingers Down,Pushing Two Fingers Away
51919,No gesture,Sliding Two Fingers Left
100800,No gesture,Pulling Two Fingers In
48170,Stop Sign,Pushing Hand Away
60997,Sliding Two Fingers Up,Swiping Down
123478,Swiping Right,Doing other things
3706,Zooming In With Two Fingers,Zooming Out With Two Fingers
31906,Doing other things,No gesture
32505,Zooming In With Two Fingers,Zooming Out With Two Fingers
62057,Sliding Two Fingers Down,No gesture
14825,Swiping Down,Sliding Two Fingers Up
68199,Sliding Two Fingers Left,Doing other things
62336,Pulling Two Fingers In,Doing other things
7933,Rolling Hand Backward,Rolling Hand Forward
43537,Zooming Out With Two Fingers,Zooming In With Two Fingers
98270,Turning Hand Clockwise,Turning Hand Counterclockwise
48928,Thumb Down,Swiping Down
61720,Stop Sign,Swiping Down
29389,Sliding Two Fingers Up,Swiping Up
47403,Zooming In With Two Fingers,Doing other things
58215,Pulling Two Fingers In,Doing other things
9576,Sliding Two Fingers Left,Swiping Left
4457,Stop Sign,Pushing Hand Away
112172,No gesture,Doing other things
54631,Zooming In With Two Fingers,Zooming In With Full Hand
69598,Zooming Out With Two Fingers,Doing other things
114185,Swiping Left,Sliding Two Fingers Up
121638,Zooming Out With Full Hand,Doing other things
9448,Rolling Hand Backward,Pulling Hand In
127462,Swiping Right,Sliding Two Fingers Right
46426,Pulling Hand In,Swiping Up
99108,Sliding Two Fingers Down,Thumb Up
52652,Turning Hand Clockwise,Turning Hand Counterclockwise
63371,Zooming In With Full Hand,Swiping Down
63073,Sliding Two Fingers Left,Swiping Left
34689,Stop Sign,No gesture
105179,Zooming In With Two Fingers,Zooming Out With Two Fingers
18191,Sliding Two Fingers Down,Swiping Down
121410,Swiping Left,Swiping Right
67180,Zooming Out With Full Hand,Zooming In With Two Fingers
85875,Swiping Up,Shaking Hand
102176,Pushing Hand Away,Stop Sign
27491,Zooming Out With Full Hand,Swiping Left
52949,Sliding Two Fingers Up,Pulling Two Fingers In
115447,Pulling Hand In,Swiping Left
79767,Rolling Hand Forward,Doing other things
53312,Drumming Fingers,Zooming In With Full Hand
56757,Pulling Hand In,Pulling Two Fingers In
10661,Pulling Hand In,Doing other things
129900,Turning Hand Clockwise,Shaking Hand
88460,Pulling Hand In,Shaking Hand
138434,Turning Hand Counterclockwise,Shaking Hand
121002,Stop Sign,Swiping Up
108026,Rolling Hand Forward,Thumb Up
135522,Zooming In With Two Fingers,Zooming Out With Two Fingers
132334,Pulling Hand In,Swiping Up
90941,Drumming Fingers,Doing other things
140425,Pulling Two Fingers In,Zooming Out With Full Hand
137183,Zooming In With Full Hand,Zooming Out With Full Hand
131792,Zooming Out With Two Fingers,Zooming In With Two Fingers
59534,Swiping Left,Swiping Right
34684,Zooming Out With Full Hand,Zooming In With Full Hand
68475,Swiping Up,Pulling Hand In
134395,Stop Sign,Pushing Hand Away
100589,Rolling Hand Forward,Rolling Hand Backward
98447,Zooming Out With Full Hand,Zooming In With Full Hand
22588,Sliding Two Fingers Right,No gesture
74124,Pulling Hand In,Pulling Two Fingers In
86949,Rolling Hand Forward,Rolling Hand Backward
77325,Zooming Out With Full Hand,Zooming Out With Two Fingers
98085,Pushing Two Fingers Away,Pulling Two Fingers In
21605,Sliding Two Fingers Right,Swiping Left
59581,Sliding Two Fingers Down,Pushing Two Fingers Away
1706,Pushing Two Fingers Away,Thumb Down
132571,Swiping Left,Swiping Right
99312,Pushing Two Fingers Away,Doing other things
121201,Zooming In With Full Hand,Turning Hand Counterclockwise
133299,Zooming In With Two Fingers,Zooming Out With Two Fingers
81773,Doing other things,Swiping Down
147748,Pulling Two Fingers In,Pulling Hand In
84008,Zooming Out With Two Fingers,Zooming In With Two Fingers
82648,Pulling Hand In,Doing other things
22041,Doing other things,Zooming In With Full Hand
32964,Sliding Two Fingers Down,Swiping Down
123606,Swiping Right,Pulling Two Fingers In
94874,Swiping Up,Swiping Left
26084,Zooming Out With Two Fingers,Zooming In With Two Fingers
72892,Zooming In With Full Hand,Shaking Hand
143873,Doing other things,Swiping Right
54101,Sliding Two Fingers Left,Turning Hand Clockwise
72608,Swiping Right,Rolling Hand Forward
85199,Zooming Out With Full Hand,Doing other things
14286,Sliding Two Fingers Right,No gesture
83689,Turning Hand Counterclockwise,Turning Hand Clockwise
27372,Zooming Out With Full Hand,Shaking Hand
63226,Doing other things,Swiping Down
66969,Turning Hand Counterclockwise,Turning Hand Clockwise
137297,Swiping Left,No gesture
40690,Stop Sign,Pushing Hand Away
122365,Pulling Hand In,Rolling Hand Backward
34220,Swiping Down,Sliding Two Fingers Down
114752,Zooming In With Two Fingers,Zooming Out With Two Fingers
43226,Zooming In With Full Hand,Zooming Out With Full Hand
93496,Stop Sign,Pushing Hand Away
3499,Pulling Two Fingers In,Pulling Hand In
34590,Rolling Hand Forward,Rolling Hand Backward
4194,Pulling Two Fingers In,Pulling Hand In
18002,Swiping Left,Sliding Two Fingers Left
113821,Swiping Up,Swiping Down
145242,Sliding Two Fingers Down,Thumb Up
3688,Pulling Two Fingers In,Pulling Hand In
147960,Sliding Two Fingers Left,Swiping Right
118048,Swiping Up,Pulling Hand In
3220,Zooming Out With Full Hand,Zooming In With Full Hand
147793,Thumb Down,Turning Hand Counterclockwise
87831,Swiping Down,Rolling Hand Backward
77822,Swiping Down,Doing other things
118011,No gesture,Swiping Left
86859,Pushing Two Fingers Away,Pushing Hand Away
72386,Zooming Out With Two Fingers,Zooming In With Two Fingers
14374,Turning Hand Clockwise,Turning Hand Counterclockwise
133002,Sliding Two Fingers Left,Doing other things
107259,Zooming Out With Full Hand,Zooming In With Full Hand
32077,Rolling Hand Forward,Rolling Hand Backward
102169,Zooming In With Two Fingers,Zooming Out With Two Fingers
128892,Pushing Two Fingers Away,Sliding Two Fingers Up
121923,Doing other things,Swiping Right
54830,No gesture,Swiping Down
103273,Sliding Two Fingers Down,Drumming Fingers
66168,Shaking Hand,Swiping Up
124183,Sliding Two Fingers Right,Doing other things
51052,Swiping Up,Sliding Two Fingers Right
16124,Turning Hand Counterclockwise,Pushing Hand Away
122057,Sliding Two Fingers Down,Sliding Two Fingers Up
134502,No gesture,Swiping Left
142523,Zooming In With Full Hand,Zooming Out With Full Hand
1851,No gesture,Zooming Out With Two Fingers
15101,Sliding Two Fingers Down,Pushing Two Fingers Away
22565,Swiping Right,No gesture
14599,Sliding Two Fingers Up,Pushing Two Fingers Away
83596,Turning Hand Clockwise,Turning Hand Counterclockwise
105342,Turning Hand Counterclockwise,Shaking Hand
147213,Zooming Out With Two Fingers,Zooming In With Two Fingers
115887,Swiping Left,Thumb Up
33061,Sliding Two Fingers Down,Pushing Two Fingers Away
12748,Shaking Hand,Pushing Hand Away
120042,Zooming Out With Two Fingers,Zooming In With Two Fingers
35555,Swiping Up,Doing other things
131775,Swiping Right,No gesture
99627,Thumb Down,Pulling Hand In
63703,Zooming In With Full Hand,Zooming Out With Full Hand
128785,Rolling Hand Backward,Rolling Hand Forward
1310,Swiping Down,Sliding Two Fingers Down
60143,Drumming Fingers,Zooming In With Full Hand
102317,Rolling Hand Forward,Rolling Hand Backward
57394,Zooming Out With Full Hand,Doing other things
108963,Sliding Two Fingers Right,Swiping Right
64521,Stop Sign,Pushing Hand Away
26047,Rolling Hand Backward,Doing other things
102557,Zooming In With Full Hand,Swiping Left
41074,Rolling Hand Forward,Rolling Hand Backward
135429,Sliding Two Fingers Up,Pushing Two Fingers Away
137855,Zooming Out With Two Fingers,Swiping Right
48006,Shaking Hand,Turning Hand Clockwise
10782,Swiping Left,Sliding Two Fingers Up
32958,Turning Hand Counterclockwise,Turning Hand Clockwise
134008,Doing other things,Swiping Left
77272,Shaking Hand,Pushing Hand Away
138159,Zooming Out With Full Hand,Zooming In With Full Hand
31680,No gesture,Doing other things
70486,Swiping Right,Swiping Left
113478,Zooming Out With Full Hand,Shaking Hand
46293,Zooming In With Two Fingers,Zooming In With Full Hand
90652,Pulling Hand In,Turning Hand Clockwise
7458,Pulling Hand In,Swiping Up
32442,Zooming Out With Two Fingers,Zooming Out With Full Hand
60397,Turning Hand Counterclockwise,Shaking Hand
103455,Drumming Fingers,Doing other things
94437,Sliding Two Fingers Down,No gesture
33083,Sliding Two Fingers Left,Sliding Two Fingers Right
68706,Pulling Two Fingers In,Pulling Hand In
104189,Stop Sign,Pushing Hand Away
36248,Turning Hand Counterclockwise,Pulling Hand In
45791,Swiping Down,Stop Sign
23156,Zooming In With Full Hand,Zooming In With Two Fingers
86728,Zooming Out With Full Hand,Zooming In With Full Hand
8935,Pushing Hand Away,Sliding Two Fingers Down
83055,No gesture,Sliding Two Fingers Right
78267,Sliding Two Fingers Up,Shaking Hand
102891,Shaking Hand,Swiping Down
17845,Doing other things,Thumb Down
82604,Swiping Down,Doing other things
90168,Swiping Up,Drumming Fingers
47979,Zooming Out With Full Hand,Zooming In With Full Hand
36912,Shaking Hand,Zooming Out With Full Hand
36614,Turning Hand Counterclockwise,Shaking Hand
69967,Zooming Out With Two Fingers,Zooming In With Two Fingers
13019,Sliding Two Fingers Left,Swiping Left
127765,Stop Sign,Pushing Hand Away
36145,Rolling Hand Forward,Rolling Hand Backward
143439,Sliding Two Fingers Right,Sliding Two Fingers Left
73694,No gesture,Swiping Right
96062,Swiping Down,No gesture
101368,Pulling Hand In,Swiping Up
94569,Sliding Two Fingers Up,Sliding Two Fingers Down
25386,Sliding Two Fingers Right,Sliding Two Fingers Down
9309,Rolling Hand Backward,Swiping Right
113984,Sliding Two Fingers Right,Sliding Two Fingers Left
5671,Zooming Out With Full Hand,Zooming In With Full Hand
129497,Doing other things,Swiping Down
97105,Sliding Two Fingers Down,Doing other things
82451,Doing other things,Thumb Down
108190,Sliding Two Fingers Down,Sliding Two Fingers Up
61499,Doing other things,Turning Hand Clockwise
72080,Thumb Down,Doing other things
15208,Pulling Hand In,Pulling Two Fingers In
99100,Swiping Up,Sliding Two Fingers Down
78518,Sliding Two Fingers Down,Sliding Two Fingers Up
59986,Swiping Down,Drumming Fingers
59186,Shaking Hand,Pushing Hand Away
22496,Turning Hand Counterclockwise,Shaking Hand
74970,Zooming In With Two Fingers,Zooming Out With Two Fingers
2997,Swiping Left,No gesture
37299,Pushing Hand Away,Zooming Out With Full Hand
92434,Swiping Up,Pulling Two Fingers In
5127,Zooming In With Full Hand,Turning Hand Counterclockwise
46159,Pulling Two Fingers In,Swiping Right
92554,Pulling Two Fingers In,Pulling Hand In
105927,Swiping Down,Pushing Hand Away
27584,No gesture,Doing other things
95182,Sliding Two Fingers Right,Swiping Down
121122,Zooming In With Two Fingers,Zooming Out With Two Fingers
126101,Zooming Out With Two Fingers,Zooming In With Two Fingers
114006,Sliding Two Fingers Right,Swiping Right
12793,Shaking Hand,Zooming Out With Two Fingers
47819,Doing other things,Sliding Two Fingers Right
15069,Swiping Left,No gesture
41197,Sliding Two Fingers Up,Sliding Two Fingers Left
127629,Turning Hand Counterclockwise,Turning Hand Clockwise
112218,Pulling Two Fingers In,No gesture
128452,Zooming In With Two Fingers,Zooming Out With Two Fingers
107656,Swiping Up,Pulling Hand In
113862,Rolling Hand Backward,Rolling Hand Forward
26135,Rolling Hand Forward,Rolling Hand Backward
97211,Rolling Hand Backward,Thumb Down
16830,Swiping Right,No gesture
139044,Shaking Hand,Pulling Two Fingers In
6697,Sliding Two Fingers Right,Thumb Down
97058,Turning Hand Counterclockwise,Turning Hand Clockwise
106450,Thumb Down,Swiping Down
4620,Pulling Two Fingers In,Pulling Hand In
111758,Sliding Two Fingers Left,Sliding Two Fingers Right
2324,Doing other things,Swiping Right
7378,Doing other things,Drumming Fingers
65722,Sliding Two Fingers Left,No gesture
125266,Drumming Fingers,Pushing Two Fingers Away
69536,Zooming In With Two Fingers,Zooming Out With Two Fingers
96715,Zooming Out With Two Fingers,Doing other things
38380,Pulling Two Fingers In,Pushing Two Fingers Away
66617,Pulling Hand In,Pulling Two Fingers In
19210,Shaking Hand,Turning Hand Counterclockwise
52845,Zooming In With Full Hand,Shaking Hand
25364,Swiping Down,Sliding Two Fingers Up
28123,Pulling Hand In,Pulling Two Fingers In
142349,Doing other things,Pushing Two Fingers Away
115471,Zooming Out With Two Fingers,Doing other things
98573,Sliding Two Fingers Right,No gesture
28716,Pushing Two Fingers Away,Zooming Out With Full Hand
101951,Swiping Up,Doing other things
78319,Sliding Two Fingers Down,Swiping Up
93228,Zooming Out With Full Hand,Zooming In With Full Hand
83057,Pulling Hand In,Doing other things
97326,Sliding Two Fingers Left,Swiping Up
29774,No gesture,Swiping Right
73021,Rolling Hand Forward,Doing other things
63556,Pushing Two Fingers Away,Thumb Up
115954,Pulling Two Fingers In,No gesture
102440,Sliding Two Fingers Up,Swiping Down
98460,Sliding Two Fingers Left,Sliding Two Fingers Right
19746,Rolling Hand Backward,Swiping Right
85381,Pulling Hand In,No gesture
111636,No gesture,Doing other things
51135,Sliding Two Fingers Up,Swiping Down
64284,Doing other things,Zooming Out With Full Hand
37978,Zooming Out With Full Hand,Zooming In With Full Hand
132467,Doing other things,Sliding Two Fingers Up
14396,Swiping Right,Sliding Two Fingers Down
56303,Sliding Two Fingers Left,Doing other things
91836,Sliding Two Fingers Right,Doing other things
108616,Zooming Out With Two Fingers,Zooming Out With Full Hand
29524,Doing other things,Zooming In With Full Hand
69883,Zooming Out With Full Hand,Zooming In With Full Hand
94147,Shaking Hand,Zooming Out With Full Hand
36288,Zooming Out With Two Fingers,Zooming In With Two Fingers
84091,Pushing Two Fingers Away,Sliding Two Fingers Right
120520,Pulling Hand In,Sliding Two Fingers Right
33143,Stop Sign,Pushing Two Fingers Away
84183,Swiping Right,Turning Hand Clockwise
85975,Rolling Hand Forward,Doing other things
100550,Zooming In With Full Hand,Zooming Out With Full Hand
88072,Swiping Right,Shaking Hand
96252,Swiping Up,Turning Hand Counterclockwise
143781,Sliding Two Fingers Left,Thumb Up
113062,Sliding Two Fingers Down,No gesture
23090,Sliding Two Fingers Right,No gesture
119218,Swiping Left,No gesture
41586,Zooming In With Two Fingers,Zooming Out With Two Fingers
11012,Rolling Hand Backward,Rolling Hand Forward
16759,Sliding Two Fingers Left,Swiping Left
24240,Sliding Two Fingers Left,Swiping Left
128473,Turning Hand Clockwise,Turning Hand Counterclockwise
44984,Swiping Up,Turning Hand Counterclockwise
20284,Turning Hand Clockwise,Shaking Hand
106715,Rolling Hand Forward,Rolling Hand Backward
55266,Pulling Hand In,No gesture
121607,Pushing Two Fingers Away,Sliding Two Fingers Up
86675,Drumming Fingers,Shaking Hand
25131,Zooming In With Full Hand,Turning Hand Clockwise
62360,Pulling Hand In,Swiping Up
117453,Rolling Hand Backward,Doing other things
136220,Turning Hand Clockwise,Turning Hand Counterclockwise
130894,Turning Hand Clockwise,Turning Hand Counterclockwise
72288,Zooming In With Full Hand,Turning Hand Counterclockwise
87326,Sliding Two Fingers Down,Pushing Two Fingers Away
103801,Zooming Out With Two Fingers,Doing other things
106297,Swiping Left,No gesture
110777,Pulling Hand In,Sliding Two Fingers Up
49732,Zooming In With Two Fingers,Zooming Out With Two Fingers
26638,Pushing Hand Away,Sliding Two Fingers Up
87063,Shaking Hand,Turning Hand Counterclockwise
134059,Zooming Out With Full Hand,Zooming In With Full Hand
163,Zooming Out With Full Hand,Drumming Fingers
9938,Zooming Out With Two Fingers,No gesture
128807,Sliding Two Fingers Right,Swiping Left
92728,Sliding Two Fingers Up,Sliding Two Fingers Down
68010,No gesture,Swiping Right
85701,Zooming In With Full Hand,Shaking Hand
72019,Swiping Up,Swiping Down
92902,Rolling Hand Backward,Rolling Hand Forward
135693,Turning Hand Clockwise,Shaking Hand
7966,Rolling Hand Forward,No gesture
144785,Sliding Two Fingers Up,Pushing Two Fingers Away
53289,Pushing Two Fingers Away,Drumming Fingers
55348,Sliding Two Fingers Left,Swiping Left
106794,Sliding Two Fingers Left,Swiping Left
120274,Zooming Out With Full Hand,Rolling Hand Forward
102797,Zooming Out With Full Hand,Zooming In With Full Hand
105499,Swiping Right,Doing other things
117219,Swiping Right,No gesture
53770,Turning Hand Counterclockwise,Turning Hand Clockwise
104894,Swiping Left,Swiping Right
60459,Swiping Right,Doing other things
119528,Drumming Fingers,Swiping Left
36998,Swiping Down,Swiping Left
27308,Stop Sign,Pushing Hand Away
135378,Rolling Hand Backward,Zooming Out With Two Fingers
57077,Turning Hand Counterclockwise,Shaking Hand
45308,Pushing Two Fingers Away,No gesture
22524,Rolling Hand Backward,No gesture
104357,Zooming In With Two Fingers,Zooming Out With Two Fingers
80306,Sliding Two Fingers Down,Pulling Two Fingers In
88643,Pushing Hand Away,Zooming Out With Two Fingers
127146,Sliding Two Fingers Down,Doing other things
81367,Swiping Down,Pushing Hand Away
107069,Swiping Up,Pulling Hand In
50003,Sliding Two Fingers Down,Swiping Left
24112,Swiping Left,Sliding Two Fingers Right
87823,Drumming Fingers,Doing other things
126295,Zooming Out With Two Fingers,Rolling Hand Backward
105130,Swiping Left,Sliding Two Fingers Left
128428,Zooming In With Full Hand,Doing other things
114445,Rolling Hand Backward,Rolling Hand Forward
96256,Stop Sign,Sliding Two Fingers Up
20333,Swiping Right,Pulling Two Fingers In
44813,Zooming Out With Two Fingers,Zooming In With Two Fingers
135575,Sliding Two Fingers Right,Sliding Two Fingers Left
10537,Zooming In With Two Fingers,Zooming Out With Two Fingers
129670,Doing other things,Turning Hand Clockwise
125075,Thumb Up,Swiping Left
1950,Zooming Out With Two Fingers,Zooming In With Full Hand
77425,Rolling Hand Backward,Rolling Hand Forward
42987,Zooming Out With Full Hand,No gesture
113632,Zooming Out With Two Fingers,Zooming In With Two Fingers
1853,Swiping Right,Doing other things
26460,Zooming Out With Two Fingers,Zooming In With Two Fingers
97173,Zooming Out With Two Fingers,Doing other things
112114,Turning Hand Clockwise,Turning Hand Counterclockwise
19648,Turning Hand Counterclockwise,Turning Hand Clockwise
14724,Turning Hand Clockwise,Shaking Hand
102189,Rolling Hand Forward,Rolling Hand Backward
56591,Zooming Out With Full Hand,Zooming In With Full Hand
52152,Turning Hand Counterclockwise,Shaking Hand
77729,Turning Hand Counterclockwise,Zooming In With Two Fingers
113888,Swiping Down,Thumb Up
16843,Doing other things,Swiping Down
95989,Rolling Hand Forward,Rolling Hand Backward
69679,Sliding Two Fingers Right,Sliding Two Fingers Left
66257,Zooming Out With Two Fingers,Zooming In With Two Fingers
51414,Sliding Two Fingers Right,No gesture
118377,Zooming Out With Two Fingers,Zooming In With Two Fingers
139305,Turning Hand Clockwise,Turning Hand Counterclockwise
34027,Zooming In With Full Hand,Doing other things
12958,Rolling Hand Forward,Rolling Hand Backward
116964,Sliding Two Fingers Down,No gesture
34182,Shaking Hand,Swiping Left
126910,Pushing Hand Away,Stop Sign
136268,Pulling Hand In,Swiping Up
42180,Pulling Two Fingers In,Pulling Hand In
54337,Pulling Two Fingers In,Rolling Hand Backward
15821,Sliding Two Fingers Right,Sliding Two Fingers Left
106194,Zooming Out With Full Hand,Zooming In With Full Hand
137759,Doing other things,Swiping Up
51057,Swiping Up,Swiping Left
43068,No gesture,Doing other things
23766,Sliding Two Fingers Down,Doing other things
131239,Doing other things,Shaking Hand
77963,Doing other things,Pulling Two Fingers In
14799,Zooming In With Two Fingers,Zooming Out With Two Fingers
141246,Swiping Down,Swiping Left
135770,Zooming In With Two Fingers,Zooming Out With Two Fingers
15504,Rolling Hand Forward,Rolling Hand Backward
125802,Sliding Two Fingers Right,Pushing Two Fingers Away
103186,Sliding Two Fingers Up,Pushing Two Fingers Away
78838,Sliding Two Fingers Down,No gesture
130970,Turning Hand Counterclockwise,Turning Hand Clockwise
34193,Doing other things,No gesture
144357,Swiping Down,No gesture
3368,Stop Sign,Pushing Hand Away
47607,Sliding Two Fingers Right,No gesture
80932,Pulling Hand In,Pulling Two Fingers In
142190,Sliding Two Fingers Right,Sliding Two Fingers Left
36053,Pulling Two Fingers In,Pulling Hand In
90880,Swiping Left,Sliding Two Fingers Right
103841,Turning Hand Clockwise,Swiping Up
148051,Sliding Two Fingers Up,Sliding Two Fingers Down
134045,Turning Hand Clockwise,Zooming In With Full Hand
59797,Zooming Out With Two Fingers,Zooming In With Two Fingers
131575,Stop Sign,Pushing Hand Away
5057,Shaking Hand,Thumb Up
126794,Turning Hand Clockwise,Doing other things
35835,Sliding Two Fingers Up,Sliding Two Fingers Down
14953,Shaking Hand,Swiping Down
110405,Swiping Up,Pulling Hand In
30023,Pushing Two Fingers Away,Zooming Out With Two Fingers
133586,Swiping Left,Shaking Hand
50977,Sliding Two Fingers Up,Swiping Down
101242,Rolling Hand Backward,Rolling Hand Forward
55370,Zooming Out With Full Hand,Zooming In With Full Hand
87916,Rolling Hand Backward,Rolling Hand Forward
20438,Sliding Two Fingers Left,Swiping Right
91226,Rolling Hand Backward,Rolling Hand Forward
99577,Swiping Up,Doing other things
79810,Pushing Two Fingers Away,Swiping Down
65690,Shaking Hand,Pushing Hand Away
20483,Pushing Hand Away,Shaking Hand
129167,Swiping Left,Pulling Two Fingers In
70998,Thumb Up,Sliding Two Fingers Right
68251,Zooming In With Full Hand,Zooming Out With Two Fingers
119162,Rolling Hand Backward,Rolling Hand Forward
42963,Pushing Hand Away,Doing other things
36334,Turning Hand Clockwise,Shaking Hand
31199,Sliding Two Fingers Up,Sliding Two Fingers Down
140256,Sliding Two Fingers Down,Doing other things
50605,Zooming Out With Full Hand,Zooming In With Full Hand
93564,Pushing Hand Away,Stop Sign
59279,Pulling Two Fingers In,Pulling Hand In
112862,Swiping Down,Sliding Two Fingers Up
8331,Doing other things,Swiping Up
84422,Rolling Hand Forward,Doing other things
134573,Swiping Right,No gesture
112080,Swiping Right,Thumb Up
37227,Sliding Two Fingers Left,Sliding Two Fingers Right
1473,No gesture,Swiping Down
53803,Doing other things,Pulling Two Fingers In
138373,Rolling Hand Forward,Doing other things
86715,Pulling Two Fingers In,Doing other things
82446,Swiping Up,Turning Hand Counterclockwise
86408,Swiping Down,Sliding Two Fingers Right
61073,Zooming In With Full Hand,Pulling Two Fingers In
74876,Zooming In With Full Hand,Zooming Out With Full Hand
54390,Zooming Out With Full Hand,Swiping Down
99898,Swiping Down,Sliding Two Fingers Down
135421,Doing other things,Rolling Hand Backward
25653,Turning Hand Clockwise,No gesture
56604,Swiping Down,Doing other things
24223,Turning Hand Counterclockwise,Pulling Hand In
37543,Sliding Two Fingers Down,Pushing Two Fingers Away
75502,Pushing Two Fingers Away,Sliding Two Fingers Right
125568,Pulling Hand In,Pushing Two Fingers Away
105207,Pushing Two Fingers Away,Sliding Two Fingers Up
53509,Sliding Two Fingers Up,Pulling Two Fingers In
36582,Zooming Out With Full Hand,Shaking Hand
8921,Swiping Down,Doing other things
52004,Rolling Hand Forward,Rolling Hand Backward
103256,Sliding Two Fingers Left,Swiping Right
43085,Sliding Two Fingers Left,Swiping Left
18905,Rolling Hand Forward,Rolling Hand Backward
87573,Sliding Two Fingers Down,Swiping Down
53074,Zooming Out With Full Hand,Turning Hand Clockwise
97111,Rolling Hand Forward,Rolling Hand Backward
120599,Zooming Out With Full Hand,Zooming Out With Two Fingers
17221,Zooming Out With Full Hand,Doing other things
50095,Shaking Hand,Thumb Down
31288,Zooming In With Full Hand,Zooming In With Two Fingers
62254,Rolling Hand Forward,Rolling Hand Backward
133823,Pulling Hand In,No gesture
27282,Shaking Hand,Doing other things
92016,Rolling Hand Backward,Rolling Hand Forward
69817,Rolling Hand Forward,Rolling Hand Backward
145713,Sliding Two Fingers Down,Swiping Right
33454,Rolling Hand Forward,Rolling Hand Backward
136087,Thumb Down,Doing other things
106819,Zooming In With Two Fingers,Zooming Out With Two Fingers
57797,Pulling Hand In,Doing other things
98067,Zooming In With Two Fingers,Doing other things
87105,Shaking Hand,Turning Hand Counterclockwise
125479,Drumming Fingers,Doing other things
144539,Sliding Two Fingers Right,No gesture
131464,Doing other things,Thumb Down
67742,Doing other things,Rolling Hand Backward
99624,Zooming In With Two Fingers,Zooming Out With Two Fingers
97864,Doing other things,Zooming Out With Full Hand
86178,Swiping Down,Drumming Fingers
65026,Sliding Two Fingers Up,Sliding Two Fingers Down
14854,Sliding Two Fingers Down,Sliding Two Fingers Up
113033,Pulling Hand In,Thumb Down
54996,Zooming Out With Full Hand,Zooming In With Full Hand
8019,Sliding Two Fingers Left,Sliding Two Fingers Right
29203,Turning Hand Clockwise,Drumming Fingers
24747,Zooming In With Full Hand,Shaking Hand
85138,Pushing Hand Away,Pulling Hand In
80327,Swiping Right,Sliding Two Fingers Right
1089,Swiping Right,Doing other things
134116,Zooming In With Full Hand,Doing other things
48749,Turning Hand Counterclockwise,Swiping Up
4704,Drumming Fingers,Shaking Hand
76714,Swiping Left,Pulling Hand In
98631,Turning Hand Counterclockwise,Turning Hand Clockwise
146082,Sliding Two Fingers Down,Sliding Two Fingers Up
48942,Sliding Two Fingers Left,Doing other things
128017,Rolling Hand Forward,Sliding Two Fingers Right
21871,Sliding Two Fingers Up,Pushing Two Fingers Away
8043,Thumb Up,Rolling Hand Backward
111406,Swiping Left,Shaking Hand
116055,Sliding Two Fingers Up,Swiping Left
285,Doing other things,Pulling Two Fingers In
58888,Zooming Out With Two Fingers,Zooming Out With Full Hand
7400,Zooming Out With Full Hand,Doing other things
77173,Turning Hand Counterclockwise,Swiping Up
31926,Shaking Hand,Doing other things
95587,Swiping Down,Drumming Fingers
28286,Sliding Two Fingers Left,Sliding Two Fingers Right
137858,Rolling Hand Forward,Rolling Hand Backward
146577,Zooming Out With Two Fingers,Swiping Right
112468,Doing other things,Sliding Two Fingers Left
104184,Pulling Hand In,Pulling Two Fingers In
34324,Rolling Hand Backward,Rolling Hand Forward
117996,Turning Hand Clockwise,Doing other things
11940,Swiping Left,Pulling Two Fingers In
143605,Swiping Up,Rolling Hand Forward
47085,Turning Hand Clockwise,Shaking Hand
39195,Doing other things,Zooming In With Full Hand
91539,Pushing Hand Away,Zooming Out With Full Hand
116418,Drumming Fingers,Zooming In With Full Hand
137257,Sliding Two Fingers Down,Thumb Down
9725,Sliding Two Fingers Down,No gesture
1876,Shaking Hand,Pushing Hand Away
45041,Sliding Two Fingers Up,Pushing Two Fingers Away
144230,Sliding Two Fingers Down,Sliding Two Fingers Up
78516,No gesture,Sliding Two Fingers Right
15658,Swiping Down,Pulling Hand In
120797,Swiping Down,Swiping Up
19010,Swiping Down,Doing other things
55181,Rolling Hand Forward,Doing other things
4639,Turning Hand Counterclockwise,No gesture
54347,Pulling Hand In,Thumb Up
54399,Sliding Two Fingers Right,Sliding Two Fingers Left
112889,Pulling Hand In,Pulling Two Fingers In
848,Zooming In With Two Fingers,Sliding Two Fingers Left
56675,Swiping Left,Sliding Two Fingers Left
74146,Pushing Two Fingers Away,Pushing Hand Away
93200,Turning Hand Clockwise,Zooming Out With Full Hand
111741,Sliding Two Fingers Left,Doing other things
134300,Swiping Up,Swiping Left
37526,Rolling Hand Forward,Rolling Hand Backward
60025,Pulling Hand In,Swiping Up
65958,Pulling Hand In,Swiping Down
68572,Pulling Hand In,Thumb Up
53397,Zooming Out With Two Fingers,Doing other things
112751,Sliding Two Fingers Down,Doing other things
13420,Rolling Hand Backward,Rolling Hand Forward
76660,Pulling Hand In,Turning Hand Counterclockwise
50065,Sliding Two Fingers Up,Pushing Two Fingers Away
139374,Sliding Two Fingers Up,Drumming Fingers
80906,Sliding Two Fingers Up,Zooming In With Full Hand
96607,Sliding Two Fingers Left,Sliding Two Fingers Down
77398,Zooming In With Two Fingers,Zooming Out With Two Fingers
346,Pushing Hand Away,Pushing Two Fingers Away
71824,Zooming Out With Two Fingers,Stop Sign
48055,Turning Hand Clockwise,Shaking Hand
45700,Thumb Down,Doing other things
37643,Swiping Right,Swiping Left
26373,Thumb Down,Doing other things
41310,Sliding Two Fingers Right,Doing other things
62551,Swiping Down,Drumming Fingers
89326,Sliding Two Fingers Left,Thumb Up
26081,Zooming In With Two Fingers,Zooming In With Full Hand
76052,Sliding Two Fingers Up,No gesture
95106,Swiping Left,Swiping Right
62603,Rolling Hand Backward,Rolling Hand Forward
117021,Sliding Two Fingers Left,Swiping Left
126519,Zooming In With Full Hand,Doing other things
39968,Swiping Down,No gesture
97342,Swiping Down,No gesture
61884,Zooming In With Full Hand,Shaking Hand
94891,Sliding Two Fingers Down,Swiping Down
58826,Zooming In With Two Fingers,Zooming Out With Two Fingers
116091,Sliding Two Fingers Down,Sliding Two Fingers Up
10920,Pulling Two Fingers In,Doing other things
96976,Sliding Two Fingers Down,Sliding Two Fingers Up
62969,Turning Hand Clockwise,Turning Hand Counterclockwise
136395,Sliding Two Fingers Up,Sliding Two Fingers Down
62343,Swiping Right,Swiping Left
55442,Swiping Right,Sliding Two Fingers Right
23816,Turning Hand Clockwise,Pulling Two Fingers In
81252,Swiping Down,Doing other things
6551,Sliding Two Fingers Right,Swiping Up
58588,Swiping Right,No gesture
118212,Swiping Left,Pushing Hand Away
92067,Zooming In With Two Fingers,Zooming Out With Two Fingers
59672,Stop Sign,Pushing Hand Away
71466,Sliding Two Fingers Down,Swiping Down
35072,Doing other things,Thumb Down
41345,Swiping Left,Doing other things
99159,Swiping Right,No gesture
9810,Drumming Fingers,Sliding Two Fingers Up
146080,Sliding Two Fingers Right,Doing other things
100872,Doing other things,Pushing Two Fingers Away
113497,Drumming Fingers,Zooming Out With Two Fingers
14231,Sliding Two Fingers Left,Swiping Left
110459,Sliding Two Fingers Left,No gesture
127148,Pulling Hand In,Pulling Two Fingers In
11294,Rolling Hand Backward,Rolling Hand Forward
135753,Pushing Hand Away,Stop Sign
6059,Swiping Right,Swiping Left
68313,Shaking Hand,Pushing Two Fingers Away
60198,Pulling Hand In,Swiping Up
110175,Swiping Up,Doing other things
30110,Turning Hand Clockwise,Turning Hand Counterclockwise
125926,Zooming Out With Full Hand,Zooming Out With Two Fingers
115010,Sliding Two Fingers Right,No gesture
88177,Pushing Two Fingers Away,Doing other things
5904,Rolling Hand Forward,Rolling Hand Backward
45342,Zooming In With Full Hand,Drumming Fingers
37417,Sliding Two Fingers Down,Swiping Up
4329,Pulling Two Fingers In,Pulling Hand In
34206,Turning Hand Clockwise,Zooming In With Full Hand
49977,Pushing Hand Away,Shaking Hand
42261,Zooming In With Full Hand,Zooming Out With Full Hand
37709,Swiping Down,Doing other things
56327,Sliding Two Fingers Left,Sliding Two Fingers Right
109829,Turning Hand Clockwise,Turning Hand Counterclockwise
83271,Sliding Two Fingers Down,Sliding Two Fingers Up
29569,No gesture,Swiping Up
120128,Swiping Up,Pulling Hand In
141556,Pushing Two Fingers Away,Thumb Down
85386,Turning Hand Clockwise,Thumb Up
16117,Zooming In With Full Hand,Doing other things
89839,Sliding Two Fingers Down,Pulling Two Fingers In
50325,Sliding Two Fingers Left,Sliding Two Fingers Right
44029,Zooming Out With Two Fingers,Drumming Fingers
22850,Rolling Hand Backward,Rolling Hand Forward
52707,Swiping Left,Sliding Two Fingers Left
119720,Pulling Two Fingers In,No gesture
20048,Sliding Two Fingers Left,Doing other things
103881,Pushing Two Fingers Away,Pushing Hand Away
117429,Stop Sign,Pushing Hand Away
76457,Zooming Out With Full Hand,Zooming In With Full Hand
136271,Turning Hand Clockwise,Turning Hand Counterclockwise
14983,Shaking Hand,Stop Sign
95844,Sliding Two Fingers Left,Sliding Two Fingers Right
80104,Doing other things,No gesture
9319,Sliding Two Fingers Down,Swiping Up
4129,Pushing Hand Away,Stop Sign
104676,No gesture,Doing other things
58065,Zooming In With Two Fingers,Swiping Right
63663,Shaking Hand,Pulling Hand In
1978,Sliding Two Fingers Up,Sliding Two Fingers Down
128091,Swiping Down,Rolling Hand Backward
132644,Shaking Hand,Turning Hand Counterclockwise
59879,Turning Hand Counterclockwise,Shaking Hand
4824,Pulling Hand In,Shaking Hand
30640,Pulling Two Fingers In,Doing other things
1029,No gesture,Sliding Two Fingers Left
24607,Swiping Right,Swiping Left
61384,Zooming In With Full Hand,Zooming Out With Full Hand
114653,Turning Hand Clockwise,Zooming In With Two Fingers
94710,Pushing Hand Away,Stop Sign
52615,Swiping Right,Sliding Two Fingers Left
112024,Turning Hand Counterclockwise,Swiping Right
69379,Sliding Two Fingers Down,Doing other things
20165,Sliding Two Fingers Up,Sliding Two Fingers Right
11918,Sliding Two Fingers Right,Sliding Two Fingers Left
146683,Zooming Out With Full Hand,Shaking Hand
32365,Pushing Two Fingers Away,Sliding Two Fingers Down
46190,Zooming Out With Full Hand,Zooming Out With Two Fingers
136358,Rolling Hand Forward,Doing other things
119767,Pushing Hand Away,Zooming Out With Two Fingers
83991,Turning Hand Counterclockwise,Swiping Left
81063,Rolling Hand Forward,Rolling Hand Backward
139645,Shaking Hand,Stop Sign
37102,Turning Hand Counterclockwise,Zooming Out With Two Fingers
80518,Pulling Two Fingers In,Pulling Hand In
79459,Shaking Hand,Drumming Fingers
44825,Zooming Out With Full Hand,Sliding Two Fingers Left
119363,Sliding Two Fingers Up,Sliding Two Fingers Down
144710,Swiping Down,Zooming In With Two Fingers
11064,Swiping Up,Turning Hand Counterclockwise
134183,Zooming Out With Two Fingers,Zooming Out With Full Hand
75831,Sliding Two Fingers Right,Thumb Up
145650,Swiping Right,Thumb Up
84294,Pulling Two Fingers In,Pulling Hand In
61305,Zooming Out With Full Hand,Zooming In With Full Hand
140346,Sliding Two Fingers Down,Pushing Two Fingers Away
126018,Pulling Hand In,Pushing Hand Away
47506,Swiping Right,No gesture
47387,Shaking Hand,Rolling Hand Backward
63449,Sliding Two Fingers Down,Sliding Two Fingers Up
139663,Sliding Two Fingers Up,Doing other things
86080,Drumming Fingers,Rolling Hand Forward
128799,Sliding Two Fingers Down,Pushing Two Fingers Away
101339,Swiping Down,Doing other things
1127,Zooming In With Full Hand,Shaking Hand
113193,Doing other things,Thumb Up
15743,Sliding Two Fingers Left,Sliding Two Fingers Right
141528,Zooming In With Two Fingers,Zooming Out With Two Fingers
21270,Pulling Two Fingers In,Sliding Two Fingers Right
25415,Zooming In With Two Fingers,Zooming Out With Two Fingers
17067,Pushing Two Fingers Away,Sliding Two Fingers Down
35447,Sliding Two Fingers Up,Swiping Down
8836,No gesture,Swiping Right
84631,Zooming In With Two Fingers,Zooming Out With Two Fingers
122813,Rolling Hand Forward,Rolling Hand Backward
79789,Rolling Hand Backward,Rolling Hand Forward
54936,Zooming Out With Full Hand,No gesture
72092,Rolling Hand Backward,Rolling Hand Forward
66420,Swiping Up,Sliding Two Fingers Up
72388,No gesture,Doing other things
86068,Sliding Two Fingers Left,Sliding Two Fingers Right
50661,Shaking Hand,Swiping Right
24405,Sliding Two Fingers Right,Doing other things
97599,Sliding Two Fingers Right,Swiping Right
829,Shaking Hand,No gesture
139188,Swiping Left,No gesture
9431,Sliding Two Fingers Right,Doing other things
26043,Sliding Two Fingers Up,Swiping Left
49233,Sliding Two Fingers Down,Swiping Down
144749,Pulling Two Fingers In,Doing other things
1587,Swiping Up,Swiping Left
77843,Doing other things,Zooming Out With Full Hand
94027,Drumming Fingers,Thumb Down
85658,Drumming Fingers,Shaking Hand
64486,Turning Hand Clockwise,Turning Hand Counterclockwise
129098,Swiping Down,No gesture
21197,Zooming In With Two Fingers,Zooming Out With Two Fingers
65526,Zooming In With Two Fingers,Zooming Out With Two Fingers
45016,Rolling Hand Forward,Sliding Two Fingers Down
94210,Zooming In With Full Hand,No gesture
122415,Zooming In With Two Fingers,Zooming Out With Two Fingers
100351,Doing other things,Drumming Fingers
16656,Rolling Hand Backward,Doing other things
141372,Pushing Hand Away,Stop Sign
126214,No gesture,Thumb Down
60475,Swiping Right,No gesture
120037,Pushing Two Fingers Away,Sliding Two Fingers Up
40294,Pulling Two Fingers In,Thumb Down
1314,Sliding Two Fingers Up,Swiping Down
67031,Turning Hand Counterclockwise,Shaking Hand
87732,Swiping Down,Swiping Left
95028,Swiping Down,Doing other things
65764,Doing other things,No gesture
125699,Zooming In With Full Hand,Zooming Out With Full Hand
63548,Swiping Right,Pushing Hand Away
86784,Sliding Two Fingers Up,Zooming Out With Full Hand
73853,Zooming Out With Two Fingers,Zooming In With Two Fingers
38131,Sliding Two Fingers Right,Pushing Two Fingers Away
105732,Swiping Right,No gesture
129001,Sliding Two Fingers Left,Swiping Left
77219,Rolling Hand Backward,Doing other things
38709,Zooming Out With Two Fingers,Zooming In With Two Fingers
64626,Doing other things,Zooming Out With Full Hand
134402,Sliding Two Fingers Right,Swiping Down
16116,Swiping Right,Swiping Left
12661,No gesture,Rolling Hand Backward
120568,Doing other things,Turning Hand Clockwise
3328,Rolling Hand Forward,Rolling Hand Backward
95414,Swiping Down,Sliding Two Fingers Right
140656,Turning Hand Counterclockwise,Shaking Hand
94863,Turning Hand Counterclockwise,Turning Hand Clockwise
94105,Pulling Hand In,Pulling Two Fingers In
68972,Swiping Left,No gesture
109488,Sliding Two Fingers Down,Doing other things
95136,No gesture,Doing other things
88994,Swiping Down,Swiping Right
41116,Sliding Two Fingers Down,Sliding Two Fingers Up
24776,Swiping Down,Sliding Two Fingers Up
25832,Zooming In With Two Fingers,Sliding Two Fingers Right
40618,Turning Hand Clockwise,Turning Hand Counterclockwise
104464,Swiping Left,Sliding Two Fingers Right
22235,Pulling Hand In,Pushing Hand Away
90634,Turning Hand Clockwise,Turning Hand Counterclockwise
15972,Pulling Two Fingers In,Doing other things
98959,Zooming Out With Full Hand,Sliding Two Fingers Right
17975,Sliding Two Fingers Down,Thumb Down
61571,No gesture,Shaking Hand
102536,Thumb Down,Rolling Hand Forward
110525,Rolling Hand Forward,Rolling Hand Backward
18030,Doing other things,Sliding Two Fingers Right
38195,Zooming In With Full Hand,Zooming Out With Full Hand
20822,Swiping Down,No gesture
26449,Zooming Out With Full Hand,Swiping Down
55416,Rolling Hand Forward,No gesture
132435,Rolling Hand Backward,Rolling Hand Forward
30882,Turning Hand Clockwise,Turning Hand Counterclockwise
93075,Sliding Two Fingers Right,Drumming Fingers
116276,Turning Hand Counterclockwise,Doing other things
120205,Turning Hand Counterclockwise,Zooming Out With Full Hand
41611,Swiping Up,Rolling Hand Forward
124355,Zooming In With Full Hand,Doing other things
46620,Pulling Two Fingers In,Doing other things
39744,Doing other things,Rolling Hand Forward
138715,Zooming In With Full Hand,Zooming Out With Two Fingers
18130,Pulling Hand In,Swiping Down
38731,Doing other things,Drumming Fingers
37354,Sliding Two Fingers Up,Sliding Two Fingers Down
139325,Sliding Two Fingers Left,Doing other things
138707,Sliding Two Fingers Up,Sliding Two Fingers Down
8888,Sliding Two Fingers Up,Doing other things
93456,Sliding Two Fingers Right,Doing other things
6605,Doing other things,Swiping Down
144979,Zooming In With Two Fingers,Sliding Two Fingers Left
96854,Rolling Hand Forward,Rolling Hand Backward
21714,Sliding Two Fingers Down,Drumming Fingers
72561,Swiping Right,Sliding Two Fingers Left
88186,Shaking Hand,Turning Hand Counterclockwise
114596,Swiping Up,Swiping Down
123557,Pulling Two Fingers In,Turning Hand Counterclockwise
82370,Turning Hand Clockwise,Turning Hand Counterclockwise
22802,Zooming In With Full Hand,Pulling Two Fingers In
65141,Swiping Left,Pulling Two Fingers In
70111,Swiping Down,Doing other things
65257,Sliding Two Fingers Down,Pushing Two Fingers Away
109793,Sliding Two Fingers Up,Sliding Two Fingers Down
18347,Doing other things,Thumb Down
99430,Doing other things,Shaking Hand
23820,Sliding Two Fingers Up,Swiping Down
73677,Sliding Two Fingers Left,Sliding Two Fingers Right
131299,Doing other things,No gesture
144414,Zooming In With Two Fingers,Zooming Out With Two Fingers
16895,Zooming In With Full Hand,Zooming Out With Full Hand
147112,Sliding Two Fingers Down,Swiping Down
50185,Turning Hand Clockwise,Swiping Left
35953,Zooming Out With Full Hand,Turning Hand Clockwise
54134,Turning Hand Counterclockwise,Shaking Hand
110680,Zooming In With Full Hand,Zooming Out With Two Fingers
44858,Pushing Two Fingers Away,Thumb Up
142073,Zooming In With Two Fingers,Zooming Out With Two Fingers
101720,Doing other things,Pulling Two Fingers In
43872,Swiping Right,Sliding Two Fingers Down
115337,Zooming Out With Full Hand,Zooming In With Full Hand
90564,Zooming In With Full Hand,No gesture
48179,Sliding Two Fingers Right,Sliding Two Fingers Left
5841,Swiping Down,No gesture
65165,Swiping Left,No gesture
52129,Sliding Two Fingers Up,Swiping Down
29223,Swiping Right,Doing other things
3187,Pushing Two Fingers Away,Swiping Right
86515,No gesture,Sliding Two Fingers Right
43451,Swiping Up,Pulling Two Fingers In
125379,No gesture,Doing other things
139168,Zooming In With Full Hand,Swiping Left
16063,Sliding Two Fingers Down,Pushing Two Fingers Away
20797,Swiping Left,Thumb Up
20072,Sliding Two Fingers Down,No gesture
53439,Sliding Two Fingers Down,Pushing Hand Away
140505,Rolling Hand Backward,Rolling Hand Forward
125932,Rolling Hand Forward,Doing other things
40406,Stop Sign,Pushing Hand Away
138036,Rolling Hand Forward,Rolling Hand Backward
52260,Swiping Left,Sliding Two Fingers Right
15724,Swiping Down,Sliding Two Fingers Down
2536,Zooming Out With Full Hand,Zooming In With Full Hand
90830,Swiping Down,Sliding Two Fingers Down
7999,Swiping Left,Rolling Hand Forward
133113,Pulling Hand In,Doing other things
45043,Zooming Out With Full Hand,Zooming In With Full Hand
92633,Swiping Right,Pulling Two Fingers In
76624,No gesture,Doing other things
121167,Sliding Two Fingers Down,Swiping Left
51786,Swiping Down,Rolling Hand Backward
17292,Zooming In With Two Fingers,Pulling Two Fingers In
53037,No gesture,Rolling Hand Backward
81214,Pushing Two Fingers Away,Sliding Two Fingers Down
2452,Zooming In With Full Hand,Pushing Two Fingers Away
114780,Zooming Out With Full Hand,Turning Hand Counterclockwise
51294,Shaking Hand,Turning Hand Counterclockwise
12460,Thumb Down,Pushing Two Fingers Away
63851,Zooming In With Full Hand,Doing other things
67747,Swiping Right,No gesture
119796,Turning Hand Clockwise,Rolling Hand Forward
103354,No gesture,Swiping Left
24704,Sliding Two Fingers Left,Sliding Two Fingers Right
139707,Zooming In With Full Hand,Turning Hand Counterclockwise
59422,Zooming Out With Full Hand,Zooming In With Full Hand
17942,Turning Hand Counterclockwise,Turning Hand Clockwise
122815,Rolling Hand Forward,Rolling Hand Backward
49619,Drumming Fingers,Doing other things
41849,Sliding Two Fingers Up,Sliding Two Fingers Down
12378,Turning Hand Clockwise,Turning Hand Counterclockwise
20902,Zooming In With Full Hand,Shaking Hand
39096,Thumb Up,No gesture
71347,Swiping Right,Swiping Down
18158,Doing other things,Swiping Up
8917,Pulling Hand In,Swiping Up
141234,Sliding Two Fingers Right,No gesture
23897,Rolling Hand Backward,Thumb Up
16686,Doing other things,Thumb Up
6424,Swiping Right,Swiping Left
26224,Swiping Up,Sliding Two Fingers Right
147221,Sliding Two Fingers Down,Sliding Two Fingers Left
104744,Swiping Right,No gesture
13913,Pushing Two Fingers Away,Sliding Two Fingers Up
59336,Pulling Hand In,Swiping Up
127393,Shaking Hand,Turning Hand Counterclockwise
1921,Doing other things,Thumb Up
859,Sliding Two Fingers Right,Zooming In With Two Fingers
145385,Rolling Hand Forward,Rolling Hand Backward
98212,Doing other things,No gesture
119436,Swiping Up,Swiping Right
17205,Turning Hand Counterclockwise,Swiping Up
37587,Zooming In With Two Fingers,Zooming Out With Two Fingers
93580,Doing other things,Swiping Right
89946,Pulling Hand In,Pulling Two Fingers In
44485,Zooming Out With Full Hand,Shaking Hand
44854,Doing other things,Zooming In With Two Fingers
138921,Pulling Hand In,Swiping Up
63966,Sliding Two Fingers Up,Sliding Two Fingers Down
29973,Sliding Two Fingers Down,Sliding Two Fingers Up
45848,Zooming In With Two Fingers,Pushing Two Fingers Away
76929,Sliding Two Fingers Left,Sliding Two Fingers Right
144678,Sliding Two Fingers Down,Doing other things
74270,Thumb Up,Doing other things
30572,Zooming In With Full Hand,Zooming In With Two Fingers
44376,Sliding Two Fingers Up,Sliding Two Fingers Left
30439,Rolling Hand Forward,Swiping Down
42703,Turning Hand Counterclockwise,Doing other things
120178,Swiping Right,Swiping Left
115320,Pulling Hand In,Swiping Up
24506,Sliding Two Fingers Left,Sliding Two Fingers Right
1531,Sliding Two Fingers Right,No gesture
55827,Swiping Up,Pushing Hand Away
104267,Swiping Right,Swiping Down
65320,Pushing Hand Away,Swiping Down
33642,Sliding Two Fingers Right,No gesture
47995,Doing other things,Zooming In With Full Hand
47566,Drumming Fingers,Thumb Up
97352,Sliding Two Fingers Left,Sliding Two Fingers Right
118806,Pulling Hand In,Swiping Down
49946,Pulling Two Fingers In,Thumb Up
63159,Thumb Up,Sliding Two Fingers Left
8445,Pulling Hand In,Swiping Down
144641,Swiping Left,Sliding Two Fingers Right
138471,Pulling Two Fingers In,Sliding Two Fingers Down
105420,Swiping Down,Pulling Two Fingers In
95593,Sliding Two Fingers Down,Pushing Two Fingers Away
64710,Swiping Up,Pushing Hand Away
86590,Zooming In With Two Fingers,Zooming Out With Two Fingers
26472,Doing other things,Pulling Two Fingers In
22576,Zooming Out With Two Fingers,Zooming Out With Full Hand
11981,Doing other things,Sliding Two Fingers Down
17943,Rolling Hand Backward,Rolling Hand Forward
133646,Swiping Left,No gesture
122535,Sliding Two Fingers Left,Swiping Left
87241,Shaking Hand,Turning Hand Counterclockwise
93745,Pushing Hand Away,Doing other things
69896,Sliding Two Fingers Up,Swiping Right
75093,Doing other things,Pulling Two Fingers In
39193,Turning Hand Clockwise,Shaking Hand
70651,Turning Hand Counterclockwise,Shaking Hand
140381,Sliding Two Fingers Right,Sliding Two Fingers Left
118912,Rolling Hand Backward,Rolling Hand Forward
10210,Doing other things,Swiping Down
72617,Turning Hand Counterclockwise,Zooming In With Full Hand
1945,Swiping Right,Sliding Two Fingers Left
64222,Zooming In With Two Fingers,Zooming Out With Two Fingers
126247,Swiping Up,Pulling Two Fingers In
146443,Swiping Down,Stop Sign
44141,Rolling Hand Backward,Rolling Hand Forward
42110,Sliding Two Fingers Left,Sliding Two Fingers Right
44206,Swiping Down,No gesture
76949,Swiping Down,Doing other things
70248,Swiping Right,Swiping Left
139896,Sliding Two Fingers Down,Sliding Two Fingers Up
48906,Swiping Up,Rolling Hand Forward
3738,Swiping Left,Rolling Hand Backward
104985,Swiping Left,Sliding Two Fingers Left
57039,Sliding Two Fingers Down,Sliding Two Fingers Up
2356,Zooming In With Full Hand,Shaking Hand
53776,Rolling Hand Forward,Rolling Hand Backward
23368,No gesture,Sliding Two Fingers Right
840,Zooming Out With Two Fingers,Zooming In With Full Hand
114542,Sliding Two Fingers Up,Doing other things
85565,Drumming Fingers,Shaking Hand
16071,Sliding Two Fingers Left,Swiping Right
124497,Swiping Right,Sliding Two Fingers Down
48520,Turning Hand Counterclockwise,Swiping Right
93293,Pushing Two Fingers Away,Sliding Two Fingers Up
99212,Swiping Down,Sliding Two Fingers Down
32385,Swiping Right,Turning Hand Clockwise
71905,Swiping Right,Sliding Two Fingers Right
114870,Zooming In With Full Hand,Zooming Out With Full Hand
123330,Sliding Two Fingers Down,Sliding Two Fingers Right
55737,Sliding Two Fingers Down,Sliding Two Fingers Up
7064,Sliding Two Fingers Up,Pushing Hand Away
135995,Zooming Out With Two Fingers,Zooming In With Two Fingers
84729,Zooming Out With Two Fingers,Sliding Two Fingers Right
118034,Sliding Two Fingers Down,Sliding Two Fingers Up
146435,Sliding Two Fingers Up,Pushing Two Fingers Away
43835,Thumb Up,Pulling Hand In
45377,Swiping Left,Swiping Right
8670,Turning Hand Clockwise,Thumb Down
82760,Rolling Hand Forward,Sliding Two Fingers Up
132300,Sliding Two Fingers Up,Pushing Two Fingers Away
96585,Sliding Two Fingers Right,Doing other things
119443,Sliding Two Fingers Up,Thumb Down
142528,Zooming In With Two Fingers,Zooming Out With Two Fingers
81458,Sliding Two Fingers Right,Doing other things
70274,Pushing Two Fingers Away,No gesture
40863,Pushing Two Fingers Away,Drumming Fingers
7773,Rolling Hand Forward,Rolling Hand Backward
60860,Rolling Hand Backward,Rolling Hand Forward
118977,Shaking Hand,Swiping Down
102990,Sliding Two Fingers Down,Sliding Two Fingers Up
57817,Swiping Down,Swiping Left
55090,Swiping Left,Doing other things
75581,Sliding Two Fingers Up,Pushing Two Fingers Away
103169,Zooming In With Two Fingers,Zooming Out With Two Fingers
134789,Drumming Fingers,Zooming Out With Two Fingers
55054,Sliding Two Fingers Right,Swiping Left
1013,Zooming In With Two Fingers,Zooming Out With Two Fingers
142585,Zooming Out With Two Fingers,Zooming In With Full Hand
128007,Pushing Hand Away,No gesture
91639,Pulling Two Fingers In,Swiping Right
134725,Rolling Hand Backward,Rolling Hand Forward
9398,Drumming Fingers,Shaking Hand
44606,Swiping Down,Rolling Hand Backward
24325,Swiping Left,Shaking Hand
75510,Swiping Up,Pulling Two Fingers In
106292,Turning Hand Counterclockwise,Turning Hand Clockwise
53447,Zooming In With Two Fingers,Zooming Out With Two Fingers
138637,Shaking Hand,Turning Hand Counterclockwise
114393,Zooming Out With Two Fingers,Zooming In With Two Fingers
38944,Pushing Hand Away,Shaking Hand
98683,Shaking Hand,Thumb Down
89573,Zooming In With Two Fingers,Zooming Out With Two Fingers
72605,Pulling Two Fingers In,Doing other things
92780,Sliding Two Fingers Right,Sliding Two Fingers Left
17652,Sliding Two Fingers Down,Pushing Two Fingers Away
43651,Doing other things,Rolling Hand Forward
134363,Swiping Left,Rolling Hand Backward
87405,Shaking Hand,Swiping Up
58811,Sliding Two Fingers Left,Sliding Two Fingers Down
127429,No gesture,Thumb Up
125923,Swiping Right,No gesture
30646,Zooming Out With Full Hand,Stop Sign
68964,Zooming In With Two Fingers,Zooming Out With Two Fingers
108125,Sliding Two Fingers Down,Doing other things
114736,Pushing Hand Away,Swiping Down
124449,Turning Hand Clockwise,Turning Hand Counterclockwise
34649,Swiping Up,Shaking Hand
96753,Doing other things,Swiping Down
27365,Pulling Hand In,Pulling Two Fingers In
124667,Rolling Hand Forward,Rolling Hand Backward
124768,Zooming Out With Full Hand,No gesture
60801,Rolling Hand Forward,Sliding Two Fingers Down
9281,Pushing Two Fingers Away,Doing other things
36872,Swiping Right,Thumb Up
47406,Turning Hand Clockwise,Pulling Hand In
77676,No gesture,Sliding Two Fingers Down
46916,Pulling Hand In,Turning Hand Counterclockwise
21453,Swiping Right,Doing other things
39562,Drumming Fingers,Swiping Down
141451,Sliding Two Fingers Left,Doing other things
20402,Swiping Up,Swiping Down
26066,Sliding Two Fingers Up,Pushing Two Fingers Away
75697,Swiping Right,Sliding Two Fingers Right
138470,Swiping Up,Swiping Down
46455,Swiping Left,Swiping Down
108300,Swiping Down,Doing other things
77190,Swiping Down,No gesture
46691,Pulling Hand In,Doing other things
26292,Rolling Hand Backward,Rolling Hand Forward
117856,Pushing Two Fingers Away,Sliding Two Fingers Down
7334,Sliding Two Fingers Right,Swiping Right
132163,Pushing Two Fingers Away,Sliding Two Fingers Right
98643,Drumming Fingers,Sliding Two Fingers Up
23542,Swiping Left,Rolling Hand Backward
70013,Swiping Down,Rolling Hand Forward
39132,Zooming In With Two Fingers,Zooming In With Full Hand
66693,Swiping Down,Sliding Two Fingers Down
91403,Shaking Hand,Zooming Out With Full Hand
2633,Zooming Out With Two Fingers,Zooming In With Two Fingers
4721,Rolling Hand Backward,Rolling Hand Forward
104049,Pushing Hand Away,Stop Sign
65400,Swiping Down,Pushing Hand Away
74004,Sliding Two Fingers Down,No gesture
35919,Sliding Two Fingers Right,Swiping Right
147084,Turning Hand Counterclockwise,Turning Hand Clockwise
108870,Zooming In With Full Hand,Zooming Out With Full Hand
37031,Sliding Two Fingers Left,Sliding Two Fingers Down
40423,Zooming In With Full Hand,Pushing Two Fingers Away
92640,Stop Sign,Pushing Hand Away
73466,Rolling Hand Forward,Rolling Hand Backward
97023,Turning Hand Counterclockwise,Pulling Hand In
114521,Stop Sign,Swiping Down
28606,Swiping Right,Shaking Hand
147407,Swiping Right,Rolling Hand Forward
98817,Sliding Two Fingers Left,Swiping Left
31950,Turning Hand Counterclockwise,Turning Hand Clockwise
13498,Zooming Out With Full Hand,Zooming In With Full Hand
29711,Sliding Two Fingers Right,Sliding Two Fingers Left
74741,Swiping Right,No gesture
110379,Rolling Hand Forward,Rolling Hand Backward
84230,Doing other things,Swiping Right
135163,Zooming Out With Two Fingers,Swiping Up
129557,Sliding Two Fingers Up,Sliding Two Fingers Down
50971,Swiping Right,Swiping Left
4178,Swiping Up,No gesture
138097,Sliding Two Fingers Down,Zooming In With Two Fingers
125876,Pushing Two Fingers Away,Thumb Down
22774,Zooming Out With Two Fingers,Sliding Two Fingers Right
124938,Sliding Two Fingers Left,Doing other things
65392,No gesture,Swiping Down
15300,Swiping Up,Pulling Hand In
6274,Pulling Two Fingers In,Doing other things
36003,Sliding Two Fingers Right,Doing other things
87091,Swiping Down,No gesture
123012,Stop Sign,Pushing Hand Away
29685,Turning Hand Clockwise,Turning Hand Counterclockwise
118582,Zooming In With Two Fingers,Zooming Out With Two Fingers
6946,Sliding Two Fingers Down,Swiping Left
62387,Rolling Hand Backward,Rolling Hand Forward
70760,Shaking Hand,Doing other things
21425,Zooming In With Full Hand,Zooming Out With Full Hand
77938,Thumb Down,Swiping Up
42716,Swiping Down,Rolling Hand Backward
131656,Zooming In With Full Hand,Turning Hand Counterclockwise
140671,Swiping Down,Doing other things
142265,Pulling Hand In,Turning Hand Clockwise
9116,Doing other things,Sliding Two Fingers Down
100871,Sliding Two Fingers Up,Sliding Two Fingers Down
1583,Pushing Hand Away,Swiping Down
85512,Swiping Up,Swiping Left
53966,Swiping Up,Pulling Hand In
34068,Zooming Out With Full Hand,Doing other things
42658,Zooming In With Two Fingers,Zooming Out With Two Fingers
111862,Turning Hand Clockwise,Turning Hand Counterclockwise
92093,Pulling Hand In,Swiping Up
12411,Sliding Two Fingers Up,Doing other things
49883,Zooming Out With Full Hand,Zooming In With Full Hand
27704,Rolling Hand Backward,Rolling Hand Forward
126798,Shaking Hand,Turning Hand Counterclockwise
75577,Sliding Two Fingers Right,Sliding Two Fingers Left
90633,Rolling Hand Backward,No gesture
59389,Pulling Two Fingers In,Pushing Hand Away
30251,Zooming In With Two Fingers,Zooming Out With Full Hand
60257,Swiping Right,Turning Hand Clockwise
67413,Swiping Right,Swiping Down
62197,Swiping Up,Pulling Hand In
5002,No gesture,Pulling Hand In
17265,Zooming In With Two Fingers,Zooming Out With Two Fingers
111410,Sliding Two Fingers Down,Doing other things
127409,Sliding Two Fingers Down,Rolling Hand Backward
71705,No gesture,Doing other things
4071,Doing other things,Shaking Hand
13683,Pulling Hand In,Pulling Two Fingers In
122666,Swiping Right,No gesture
59300,Swiping Left,Sliding Two Fingers Right
41019,Doing other things,Swiping Down
55734,Swiping Left,Sliding Two Fingers Down
139042,Sliding Two Fingers Right,Sliding Two Fingers Left
65587,Swiping Down,Thumb Down
39599,Sliding Two Fingers Left,Thumb Up
42409,Pulling Two Fingers In,No gesture
142485,Turning Hand Counterclockwise,Turning Hand Clockwise
33027,Sliding Two Fingers Left,No gesture
81933,Drumming Fingers,Thumb Down
137957,Sliding Two Fingers Left,Swiping Left
7006,Sliding Two Fingers Down,Thumb Up
109592,Zooming In With Two Fingers,Zooming Out With Two Fingers
130942,Sliding Two Fingers Down,Pushing Two Fingers Away
127084,Zooming Out With Two Fingers,Drumming Fingers
95118,Drumming Fingers,Thumb Up
44335,Sliding Two Fingers Left,Doing other things
79882,Sliding Two Fingers Down,Swiping Up
131480,Pushing Two Fingers Away,Sliding Two Fingers Left
139453,Zooming Out With Full Hand,Thumb Down
98699,Rolling Hand Forward,Rolling Hand Backward
133238,Pushing Hand Away,Pushing Two Fingers Away
68389,Turning Hand Clockwise,Turning Hand Counterclockwise
94564,Zooming In With Two Fingers,Zooming Out With Two Fingers
98596,Pulling Two Fingers In,Doing other things
18635,Doing other things,Pulling Two Fingers In
136171,Zooming Out With Full Hand,Zooming Out With Two Fingers
81968,Rolling Hand Backward,Swiping Down
147086,Rolling Hand Backward,Rolling Hand Forward
79842,Sliding Two Fingers Left,No gesture
116947,No gesture,Swiping Down
38850,Doing other things,Zooming In With Full Hand
58390,Sliding Two Fingers Down,Swiping Up
85282,Drumming Fingers,Rolling Hand Backward
107103,Shaking Hand,Turning Hand Counterclockwise
111666,Swiping Up,Pulling Hand In
84048,Drumming Fingers,Zooming Out With Full Hand
71567,Turning Hand Clockwise,Turning Hand Counterclockwise
143837,Pushing Hand Away,Sliding Two Fingers Down
127906,Swiping Down,No gesture
21710,Zooming In With Two Fingers,Zooming Out With Two Fingers
79494,Swiping Right,Shaking Hand
54132,Sliding Two Fingers Left,Sliding Two Fingers Right
93325,Pulling Hand In,Swiping Up
96910,Pushing Two Fingers Away,Thumb Down
146903,Pushing Hand Away,Doing other things
116715,Pushing Two Fingers Away,Sliding Two Fingers Up
8923,Turning Hand Counterclockwise,Rolling Hand Forward
136861,Rolling Hand Backward,Rolling Hand Forward
122574,Swiping Up,Sliding Two Fingers Up
96982,Thumb Up,Swiping Up
37351,Shaking Hand,Doing other things
880,Rolling Hand Forward,Thumb Up
74043,Sliding Two Fingers Left,Sliding Two Fingers Right
127688,Turning Hand Clockwise,Turning Hand Counterclockwise
147281,Zooming In With Two Fingers,Sliding Two Fingers Right
39432,Stop Sign,Pushing Hand Away
105111,Pushing Hand Away,Swiping Down
58995,Thumb Up,Doing other things
55175,Rolling Hand Forward,Rolling Hand Backward
115156,Pushing Hand Away,Doing other things
87923,Swiping Right,Zooming In With Full Hand
103195,Zooming In With Two Fingers,Zooming In With Full Hand
31400,Sliding Two Fingers Left,Rolling Hand Backward
37384,Stop Sign,Pushing Hand Away
32179,Stop Sign,Doing other things
34269,Swiping Down,Drumming Fingers
44857,No gesture,Swiping Right
39264,Zooming In With Full Hand,Shaking Hand
97261,Stop Sign,Pushing Hand Away
131133,Rolling Hand Backward,Rolling Hand Forward
7439,Rolling Hand Forward,Rolling Hand Backward
98357,Zooming In With Full Hand,Rolling Hand Forward
114182,Swiping Right,Doing other things
5298,Swiping Right,Doing other things
78484,Swiping Up,Pulling Hand In
141927,Pulling Two Fingers In,Doing other things
114818,Pulling Two Fingers In,Doing other things
120999,Swiping Down,Rolling Hand Forward
10747,Doing other things,Zooming In With Full Hand
143322,Rolling Hand Backward,Rolling Hand Forward
118999,Swiping Right,Doing other things
129085,Doing other things,Pulling Hand In
89833,Doing other things,Turning Hand Clockwise
234,Stop Sign,Pushing Hand Away
46950,Swiping Right,Drumming Fingers
56341,Turning Hand Clockwise,Pushing Hand Away
128556,Sliding Two Fingers Left,Thumb Up
84368,Thumb Down,Doing other things
76630,Sliding Two Fingers Down,No gesture
57048,Zooming In With Full Hand,Zooming Out With Full Hand
79879,Swiping Left,Swiping Right
55294,Swiping Right,Doing other things
18961,Sliding Two Fingers Down,No gesture
4196,Turning Hand Counterclockwise,Pulling Hand In
123924,Zooming In With Full Hand,Zooming Out With Full Hand
108779,Zooming Out With Full Hand,Pulling Two Fingers In
108072,Zooming In With Two Fingers,Zooming Out With Two Fingers
62870,No gesture,Swiping Down
19421,Turning Hand Clockwise,Rolling Hand Forward
7537,Pushing Two Fingers Away,Zooming Out With Two Fingers
44482,Doing other things,Rolling Hand Forward
72312,Swiping Down,Sliding Two Fingers Down
8418,Zooming Out With Full Hand,Zooming In With Full Hand
95024,Sliding Two Fingers Up,Sliding Two Fingers Down
34801,No gesture,Doing other things
29121,Zooming Out With Full Hand,Doing other things
67635,Sliding Two Fingers Right,Sliding Two Fingers Left
144356,Pulling Two Fingers In,Doing other things
79702,Pulling Two Fingers In,No gesture
40141,Sliding Two Fingers Left,Sliding Two Fingers Right
97944,Sliding Two Fingers Left,No gesture
21104,Sliding Two Fingers Down,Sliding Two Fingers Left
55914,Sliding Two Fingers Down,Turning Hand Counterclockwise
96683,Sliding Two Fingers Up,Pushing Two Fingers Away
18577,No gesture,Doing other things
62105,Sliding Two Fingers Left,Rolling Hand Backward
19168,Rolling Hand Forward,Rolling Hand Backward
910,Rolling Hand Backward,Rolling Hand Forward
58927,Rolling Hand Forward,Drumming Fingers
43225,Stop Sign,Pushing Hand Away
43673,Sliding Two Fingers Up,Doing other things
51474,Zooming Out With Two Fingers,Zooming In With Two Fingers
79287,Zooming Out With Two Fingers,Zooming In With Two Fingers
46088,Zooming In With Full Hand,Zooming Out With Full Hand
92584,Rolling Hand Backward,No gesture
109859,Sliding Two Fingers Down,Doing other things
96820,Zooming Out With Full Hand,Doing other things
3386,Doing other things,Rolling Hand Backward
144716,Pulling Two Fingers In,Pushing Hand Away
106357,Swiping Down,Rolling Hand Backward
141404,Stop Sign,Pushing Hand Away
134816,Swiping Down,Zooming Out With Two Fingers
125228,No gesture,Rolling Hand Backward
4119,Sliding Two Fingers Left,Doing other things
93930,Rolling Hand Forward,Rolling Hand Backward
145171,Sliding Two Fingers Up,Sliding Two Fingers Down
86921,Swiping Left,No gesture
133515,Swiping Up,Pulling Hand In
113025,Sliding Two Fingers Left,Sliding Two Fingers Right
51698,Sliding Two Fingers Right,Swiping Right
107593,Turning Hand Clockwise,Turning Hand Counterclockwise
5961,No gesture,Pulling Two Fingers In
127613,Sliding Two Fingers Left,Sliding Two Fingers Right
12190,Doing other things,Shaking Hand
135556,Sliding Two Fingers Left,Doing other things
45397,Swiping Up,Pulling Hand In
133944,Rolling Hand Forward,Doing other things
80027,Swiping Left,Sliding Two Fingers Right
52220,Rolling Hand Forward,Rolling Hand Backward
131387,Pulling Two Fingers In,Doing other things
109782,Swiping Left,No gesture
36320,Rolling Hand Backward,Rolling Hand Forward
81268,Pulling Hand In,Turning Hand Counterclockwise
89488,Rolling Hand Backward,Sliding Two Fingers Left
119553,Turning Hand Clockwise,Turning Hand Counterclockwise
143647,Shaking Hand,Turning Hand Counterclockwise
144058,Sliding Two Fingers Down,Swiping Left
85662,Swiping Right,Zooming Out With Two Fingers
27815,Sliding Two Fingers Up,Sliding Two Fingers Right
134776,Doing other things,Pushing Two Fingers Away
6429,Rolling Hand Forward,Rolling Hand Backward
21419,Pulling Two Fingers In,Doing other things
137491,Pushing Hand Away,Stop Sign
941,No gesture,Doing other things
64325,Sliding Two Fingers Up,Sliding Two Fingers Down
87777,Sliding Two Fingers Down,Doing other things
4982,No gesture,Swiping Right
125041,Sliding Two Fingers Down,No gesture
83566,Zooming In With Two Fingers,Zooming Out With Two Fingers
100059,Sliding Two Fingers Down,Sliding Two Fingers Up
146939,Swiping Up,Swiping Down
91641,Swiping Right,No gesture
18724,Swiping Left,Thumb Up
40509,Zooming In With Two Fingers,Shaking Hand
136030,Zooming In With Two Fingers,Doing other things
62496,Zooming Out With Two Fingers,Zooming Out With Full Hand
66175,Pulling Two Fingers In,Swiping Up
129218,Turning Hand Clockwise,Doing other things
52762,Doing other things,Zooming In With Full Hand
128361,Turning Hand Clockwise,Turning Hand Counterclockwise
72866,Shaking Hand,Swiping Up
47918,Pulling Hand In,Pushing Hand Away
50878,Turning Hand Counterclockwise,Turning Hand Clockwise
15273,Zooming In With Two Fingers,Zooming Out With Two Fingers
71699,Shaking Hand,Zooming In With Full Hand
62624,Sliding Two Fingers Left,Rolling Hand Backward
129541,Swiping Down,Drumming Fingers
110151,Zooming Out With Full Hand,Turning Hand Clockwise
69060,Swiping Left,Pulling Two Fingers In
107947,Zooming In With Two Fingers,Zooming Out With Two Fingers
63417,Pulling Two Fingers In,Doing other things
69106,Rolling Hand Forward,Sliding Two Fingers Down
127192,Turning Hand Counterclockwise,Turning Hand Clockwise
65987,Sliding Two Fingers Right,Turning Hand Counterclockwise
10230,Swiping Down,Pulling Two Fingers In
41579,Doing other things,Thumb Down
41155,Swiping Right,No gesture
71676,Stop Sign,Pushing Hand Away
30042,Pushing Hand Away,Shaking Hand
125911,Zooming In With Two Fingers,Zooming Out With Two Fingers
124126,Thumb Up,Zooming Out With Two Fingers
11982,Turning Hand Clockwise,Turning Hand Counterclockwise
134528,Sliding Two Fingers Right,Zooming Out With Two Fingers
3830,Doing other things,Sliding Two Fingers Up
51543,Zooming Out With Full Hand,Turning Hand Clockwise
37667,Pulling Hand In,Sliding Two Fingers Left
118932,Swiping Down,Pushing Hand Away
78508,Sliding Two Fingers Left,Sliding Two Fingers Right
84502,Drumming Fingers,Sliding Two Fingers Right
22831,Shaking Hand,Swiping Right
125328,Turning Hand Clockwise,Turning Hand Counterclockwise
66064,Swiping Down,Swiping Right
127495,Shaking Hand,Doing other things
139633,Swiping Up,Pulling Hand In
127263,Zooming Out With Full Hand,Zooming In With Full Hand
138126,Sliding Two Fingers Up,Zooming Out With Two Fingers
124146,Zooming In With Full Hand,Doing other things
47877,Sliding Two Fingers Down,Doing other things
129053,Shaking Hand,Sliding Two Fingers Right
112892,Zooming In With Two Fingers,Zooming Out With Two Fingers
97449,Sliding Two Fingers Up,Sliding Two Fingers Down
72727,Pushing Two Fingers Away,Sliding Two Fingers Down
24763,Sliding Two Fingers Down,No gesture
94643,Rolling Hand Backward,Rolling Hand Forward
24428,Stop Sign,Shaking Hand
76899,Swiping Right,Rolling Hand Backward
78685,Zooming Out With Full Hand,Zooming In With Full Hand
146199,Zooming Out With Two Fingers,Zooming In With Two Fingers
56046,Sliding Two Fingers Left,Swiping Down
81476,Sliding Two Fingers Right,Sliding Two Fingers Left
82735,Swiping Left,Sliding Two Fingers Left
98752,Rolling Hand Forward,Rolling Hand Backward
73157,Doing other things,No gesture
57361,Sliding Two Fingers Down,Sliding Two Fingers Up
24597,Swiping Down,Thumb Down
46862,Sliding Two Fingers Up,Sliding Two Fingers Down
38793,Shaking Hand,Doing other things
33574,Zooming In With Two Fingers,Zooming Out With Two Fingers
94518,Sliding Two Fingers Up,Sliding Two Fingers Down
136604,Turning Hand Clockwise,Shaking Hand
43250,Pulling Hand In,Doing other things
10533,Sliding Two Fingers Right,Swiping Right
89069,Swiping Right,Sliding Two Fingers Left
40615,No gesture,Doing other things
29081,Stop Sign,Pushing Hand Away
36677,Zooming In With Two Fingers,Thumb Up
138839,Sliding Two Fingers Down,Sliding Two Fingers Up
59431,Thumb Up,Doing other things
124163,Swiping Up,Pulling Hand In
974,Thumb Up,Swiping Left
147144,Swiping Up,No gesture
42644,Pulling Hand In,Pulling Two Fingers In
84952,Turning Hand Counterclockwise,Shaking Hand
140628,Zooming In With Full Hand,Zooming Out With Full Hand
9995,Zooming In With Full Hand,Zooming Out With Full Hand
46555,Turning Hand Clockwise,Zooming In With Full Hand
1251,Swiping Up,Pulling Hand In
116437,Sliding Two Fingers Right,No gesture
59018,Turning Hand Clockwise,Turning Hand Counterclockwise
5476,Doing other things,Shaking Hand
24030,Rolling Hand Forward,Doing other things
93721,Sliding Two Fingers Down,Doing other things
11341,Swiping Left,Shaking Hand
104475,Pushing Hand Away,Swiping Down
103037,Swiping Up,Pulling Hand In
89165,Swiping Up,Swiping Down
83581,Doing other things,Swiping Left
45289,Sliding Two Fingers Left,Swiping Right
50914,Zooming Out With Two Fingers,Turning Hand Clockwise
46017,Swiping Right,Doing other things
136624,Sliding Two Fingers Right,Sliding Two Fingers Left
11065,Swiping Up,Shaking Hand
32482,Zooming In With Two Fingers,Shaking Hand
1549,Turning Hand Counterclockwise,Doing other things
67437,Swiping Right,Pushing Hand Away
64418,Thumb Down,Rolling Hand Forward
79998,Sliding Two Fingers Down,Sliding Two Fingers Up
30672,Doing other things,Swiping Up
61548,Stop Sign,Pushing Hand Away
42680,Turning Hand Counterclockwise,Swiping Left
54336,Doing other things,Rolling Hand Backward
71010,Sliding Two Fingers Left,Sliding Two Fingers Right
53471,Pulling Hand In,Swiping Up
53359,No gesture,Doing other things
138206,Rolling Hand Backward,Rolling Hand Forward
133839,Swiping Down,Sliding Two Fingers Down
98677,No gesture,Doing other things
142594,Zooming In With Two Fingers,Zooming Out With Two Fingers
17711,Doing other things,No gesture
9934,Sliding Two Fingers Right,Swiping Right
46009,Swiping Left,Shaking Hand
120369,Swiping Up,Pulling Hand In
108765,Pushing Hand Away,Pulling Hand In
50594,Sliding Two Fingers Up,Swiping Down
90154,Swiping Right,Swiping Left
115380,Zooming In With Two Fingers,Zooming Out With Two Fingers
105277,Doing other things,Turning Hand Clockwise
50074,Rolling Hand Forward,Rolling Hand Backward
146979,Sliding Two Fingers Up,Swiping Down
121060,Rolling Hand Backward,Rolling Hand Forward
19146,Sliding Two Fingers Right,No gesture
103058,Pulling Hand In,Swiping Up
132122,Swiping Down,Doing other things
9434,Sliding Two Fingers Down,Sliding Two Fingers Up
57217,Rolling Hand Forward,Rolling Hand Backward
12838,Swiping Right,Pulling Hand In
14638,Rolling Hand Backward,Thumb Down
41049,Sliding Two Fingers Left,Sliding Two Fingers Right
139158,Zooming Out With Full Hand,Zooming In With Two Fingers
88087,Thumb Up,Thumb Down
15812,Sliding Two Fingers Left,Sliding Two Fingers Right
13667,No gesture,Sliding Two Fingers Right
1615,Swiping Down,Rolling Hand Forward
95682,Sliding Two Fingers Down,Swiping Left
69359,Turning Hand Counterclockwise,Turning Hand Clockwise
98551,Doing other things,No gesture
33025,Sliding Two Fingers Down,Pushing Two Fingers Away
113018,Rolling Hand Forward,Rolling Hand Backward
50508,Swiping Down,Doing other things
111905,Swiping Right,Swiping Down
125810,Turning Hand Counterclockwise,Doing other things
147305,Zooming In With Two Fingers,Zooming Out With Two Fingers
75205,Sliding Two Fingers Up,Sliding Two Fingers Down
115094,Stop Sign,Pushing Hand Away
43947,Sliding Two Fingers Up,Thumb Up
42388,No gesture,Swiping Down
35440,Shaking Hand,Swiping Right
82781,Sliding Two Fingers Down,Rolling Hand Backward
121232,Sliding Two Fingers Left,Sliding Two Fingers Right
43677,Swiping Right,Doing other things
110159,Zooming In With Two Fingers,Sliding Two Fingers Right
90264,Zooming In With Two Fingers,Doing other things
78330,Rolling Hand Forward,Rolling Hand Backward
39208,Zooming Out With Full Hand,Zooming In With Full Hand
72359,Drumming Fingers,Shaking Hand
34126,Thumb Down,Thumb Up
113314,Pushing Two Fingers Away,Swiping Left
95181,Doing other things,No gesture
69671,Doing other things,No gesture
57066,Thumb Down,Zooming Out With Two Fingers
143668,Pushing Two Fingers Away,Sliding Two Fingers Up
51864,Stop Sign,Shaking Hand
98431,Zooming In With Two Fingers,Doing other things
109238,Sliding Two Fingers Right,Swiping Right
18267,Sliding Two Fingers Down,Pushing Two Fingers Away
6792,Zooming Out With Two Fingers,Zooming In With Two Fingers
86674,Sliding Two Fingers Down,Sliding Two Fingers Right
16111,Sliding Two Fingers Up,Sliding Two Fingers Down
109053,Zooming Out With Full Hand,Pushing Two Fingers Away
6647,Thumb Down,Thumb Up
105050,Sliding Two Fingers Up,Sliding Two Fingers Down
122132,Swiping Right,Sliding Two Fingers Left
113617,Doing other things,Swiping Right
137974,Swiping Down,Swiping Up
32070,Swiping Down,No gesture
71233,Rolling Hand Backward,Doing other things
128786,Pulling Hand In,Swiping Up
37625,Sliding Two Fingers Up,Swiping Up
94093,Swiping Up,Swiping Left
40123,Doing other things,No gesture
120445,Sliding Two Fingers Right,Sliding Two Fingers Left
124951,Rolling Hand Backward,Rolling Hand Forward
79218,Swiping Down,Stop Sign
28970,Rolling Hand Backward,Sliding Two Fingers Left
13601,Shaking Hand,Pulling Two Fingers In
34457,Zooming In With Two Fingers,Zooming Out With Two Fingers
54704,Zooming In With Full Hand,Zooming Out With Full Hand
812,Swiping Down,No gesture
30759,Sliding Two Fingers Right,Sliding Two Fingers Left
88032,Thumb Up,Pushing Two Fingers Away
134555,Sliding Two Fingers Down,Pushing Two Fingers Away
63306,Swiping Up,Pulling Hand In
41350,Swiping Left,No gesture
13027,Sliding Two Fingers Right,No gesture
97231,Stop Sign,Pushing Hand Away
88749,Turning Hand Counterclockwise,Swiping Left
77757,Pushing Hand Away,Doing other things
62033,Drumming Fingers,Thumb Down
141529,Rolling Hand Backward,Rolling Hand Forward
24133,Zooming In With Two Fingers,Zooming Out With Two Fingers
55717,Sliding Two Fingers Up,Swiping Up
22893,No gesture,Thumb Up
90982,Swiping Right,No gesture
94031,Doing other things,Turning Hand Clockwise
87371,Zooming Out With Two Fingers,Sliding Two Fingers Right
131854,Sliding Two Fingers Right,No gesture
79722,Swiping Down,Rolling Hand Backward
63399,Zooming In With Two Fingers,Sliding Two Fingers Right
63843,Swiping Down,Rolling Hand Backward
138493,No gesture,Swiping Down
59398,Sliding Two Fingers Up,Sliding Two Fingers Down
132592,Swiping Down,Sliding Two Fingers Down
146013,Zooming In With Two Fingers,Zooming Out With Two Fingers
126134,Pulling Two Fingers In,Sliding Two Fingers Left
129685,Sliding Two Fingers Right,No gesture
56389,Turning Hand Counterclockwise,Shaking Hand
38126,Shaking Hand,Pulling Hand In
146106,Pushing Hand Away,No gesture
95896,No gesture,Sliding Two Fingers Right
130183,Sliding Two Fingers Down,Sliding Two Fingers Up
68845,Doing other things,Thumb Up
24160,Sliding Two Fingers Up,Pushing Two Fingers Away
63094,Zooming In With Two Fingers,Zooming In With Full Hand
40533,No gesture,Swiping Down
6041,Sliding Two Fingers Right,No gesture
83590,Pulling Two Fingers In,Swiping Up
42457,Zooming Out With Two Fingers,Zooming In With Two Fingers
60428,Swiping Right,Doing other things
129512,Swiping Down,Doing other things
68940,Swiping Up,Swiping Down
74278,Zooming In With Two Fingers,Zooming Out With Two Fingers
63691,Sliding Two Fingers Left,Pushing Two Fingers Away
21646,Sliding Two Fingers Left,Sliding Two Fingers Right
4091,Zooming In With Two Fingers,Zooming Out With Two Fingers
85724,Turning Hand Clockwise,Turning Hand Counterclockwise
121412,Swiping Up,Shaking Hand
120254,Zooming Out With Full Hand,Zooming In With Full Hand
104989,Rolling Hand Forward,Rolling Hand Backward
113180,Zooming In With Two Fingers,Zooming Out With Two Fingers
130197,Pulling Hand In,Swiping Up
28018,Doing other things,Rolling Hand Backward
92687,Rolling Hand Forward,Rolling Hand Backward
146343,Rolling Hand Backward,Rolling Hand Forward
16029,Stop Sign,Pushing Hand Away
142828,Rolling Hand Forward,Doing other things
120211,Swiping Right,Swiping Left
14226,Swiping Right,Shaking Hand
9882,Turning Hand Clockwise,Zooming In With Full Hand
117793,Turning Hand Clockwise,Turning Hand Counterclockwise
129930,Rolling Hand Backward,Rolling Hand Forward
86534,Sliding Two Fingers Right,Sliding Two Fingers Left
37504,Zooming Out With Full Hand,Zooming In With Full Hand
23906,Rolling Hand Forward,Rolling Hand Backward
118001,Zooming Out With Two Fingers,Zooming In With Two Fingers
23238,Zooming In With Full Hand,Doing other things
147014,Rolling Hand Forward,Thumb Up
95866,Swiping Up,No gesture
127818,Pushing Two Fingers Away,Sliding Two Fingers Up
96246,Swiping Left,No gesture
112388,Doing other things,Zooming In With Two Fingers
96700,Swiping Up,Sliding Two Fingers Up
34007,Pulling Hand In,Swiping Left
89982,Thumb Up,Swiping Up
64840,Pushing Hand Away,Stop Sign
60454,Stop Sign,Shaking Hand
53953,Swiping Right,Swiping Left
88402,Thumb Up,Doing other things
113786,Swiping Left,Sliding Two Fingers Left
94882,Sliding Two Fingers Down,Doing other things
87038,Swiping Left,Thumb Down
147492,Sliding Two Fingers Up,Sliding Two Fingers Down
53839,Swiping Down,Sliding Two Fingers Down
18086,Pulling Hand In,Swiping Up
128293,Swiping Up,Shaking Hand
46476,Sliding Two Fingers Down,Doing other things
121103,Swiping Right,Pulling Two Fingers In
6256,Zooming In With Full Hand,No gesture
93185,Thumb Down,Swiping Right
76386,Sliding Two Fingers Down,Doing other things
11257,Rolling Hand Backward,Rolling Hand Forward
30872,Turning Hand Clockwise,Turning Hand Counterclockwise
14086,Thumb Up,Doing other things
138943,Sliding Two Fingers Down,Doing other things
33064,Zooming Out With Two Fingers,Zooming In With Two Fingers
15958,Zooming In With Two Fingers,Doing other things
53105,Rolling Hand Forward,Rolling Hand Backward
42954,Doing other things,Pulling Two Fingers In
104606,Zooming In With Two Fingers,Zooming Out With Two Fingers
9735,Sliding Two Fingers Down,No gesture
43094,Swiping Up,Zooming In With Two Fingers
47138,Pulling Two Fingers In,Pulling Hand In
91681,Pushing Two Fingers Away,Sliding Two Fingers Up
7100,Sliding Two Fingers Right,Zooming Out With Two Fingers
68208,Sliding Two Fingers Down,Sliding Two Fingers Right
116117,Pushing Two Fingers Away,Pulling Two Fingers In
70231,Swiping Down,Pushing Hand Away
124659,No gesture,Thumb Up
71497,Sliding Two Fingers Left,Doing other things
19706,No gesture,Swiping Up
41560,Sliding Two Fingers Down,Doing other things
121852,Rolling Hand Forward,Rolling Hand Backward
2747,Shaking Hand,Pushing Hand Away
144655,Swiping Right,Sliding Two Fingers Down
14762,Swiping Right,Swiping Left
61072,Pushing Two Fingers Away,Doing other things
133853,Zooming Out With Full Hand,Zooming In With Full Hand
38948,Swiping Right,No gesture
41612,Rolling Hand Forward,Rolling Hand Backward
47753,Zooming Out With Full Hand,Shaking Hand
110200,Zooming Out With Two Fingers,Zooming In With Two Fingers
19083,Swiping Right,Doing other things
85029,Pushing Two Fingers Away,Swiping Up
70845,Zooming Out With Two Fingers,Shaking Hand
140032,Doing other things,No gesture
67446,Pulling Two Fingers In,Sliding Two Fingers Right
75592,Turning Hand Clockwise,Turning Hand Counterclockwise
82438,Zooming In With Full Hand,Zooming Out With Full Hand
20404,Sliding Two Fingers Right,Sliding Two Fingers Left
70152,Drumming Fingers,Thumb Up
34664,Sliding Two Fingers Down,Doing other things
19186,Swiping Left,Doing other things
58395,Zooming Out With Full Hand,Doing other things
14306,Pushing Hand Away,Stop Sign
118199,Pushing Two Fingers Away,Doing other things
60539,Pulling Two Fingers In,Doing other things
37565,Pulling Two Fingers In,Swiping Up
119945,Rolling Hand Forward,Rolling Hand Backward
142486,Sliding Two Fingers Down,Zooming Out With Two Fingers
104785,Sliding Two Fingers Up,Swiping Down
31236,Swiping Left,Doing other things
742,Swiping Right,Swiping Left
44129,Pulling Hand In,Turning Hand Counterclockwise
3572,Turning Hand Clockwise,Turning Hand Counterclockwise
61558,Rolling Hand Forward,Sliding Two Fingers Down
126151,Turning Hand Clockwise,Sliding Two Fingers Right
11626,Thumb Up,Pulling Hand In
133081,Zooming In With Full Hand,Shaking Hand
55011,Sliding Two Fingers Down,Pulling Two Fingers In
76601,Sliding Two Fingers Up,Sliding Two Fingers Down
61162,Swiping Up,Swiping Left
27888,Zooming Out With Two Fingers,Zooming In With Two Fingers
142476,Pulling Hand In,Pulling Two Fingers In
29893,Zooming Out With Full Hand,Zooming In With Two Fingers
119540,Pulling Hand In,Turning Hand Clockwise
73088,Pulling Hand In,No gesture
80772,Sliding Two Fingers Down,No gesture
91838,Rolling Hand Forward,Rolling Hand Backward
109730,Turning Hand Clockwise,Zooming Out With Full Hand
54038,Pulling Two Fingers In,Doing other things
17977,Shaking Hand,Pushing Hand Away
146294,Zooming In With Full Hand,Shaking Hand
71001,Pulling Two Fingers In,Pulling Hand In
146764,Sliding Two Fingers Right,Doing other things
125319,Swiping Left,Sliding Two Fingers Left
40563,Zooming Out With Full Hand,Doing other things
144413,Swiping Right,Doing other things
67373,Swiping Right,Rolling Hand Forward
122329,Turning Hand Clockwise,Turning Hand Counterclockwise
14358,Stop Sign,Sliding Two Fingers Left
57891,Sliding Two Fingers Down,Zooming Out With Two Fingers
62616,Turning Hand Clockwise,Shaking Hand
2312,Pushing Two Fingers Away,Rolling Hand Backward
99303,Turning Hand Counterclockwise,Pulling Hand In
126668,Shaking Hand,Zooming In With Full Hand
77369,Turning Hand Clockwise,Turning Hand Counterclockwise
122336,No gesture,Sliding Two Fingers Down
53033,No gesture,Doing other things
58234,Swiping Down,Swiping Up
126791,Sliding Two Fingers Up,Pushing Two Fingers Away
70399,Rolling Hand Backward,Rolling Hand Forward
48476,Swiping Left,Sliding Two Fingers Right
139022,Swiping Right,Sliding Two Fingers Left
143140,Swiping Up,Pulling Two Fingers In
51197,Thumb Down,Rolling Hand Forward
140684,Pushing Hand Away,Stop Sign
136750,Pulling Hand In,Sliding Two Fingers Up
114885,Swiping Down,Zooming Out With Two Fingers
1568,Pulling Hand In,Turning Hand Counterclockwise
120422,Sliding Two Fingers Right,Doing other things
48305,Thumb Up,Pulling Two Fingers In
90501,Pulling Hand In,Swiping Left
116741,No gesture,Doing other things
1735,No gesture,Swiping Right
124605,Sliding Two Fingers Right,Swiping Left
141037,Zooming In With Full Hand,Doing other things
27731,Doing other things,Zooming In With Full Hand
48522,Zooming In With Two Fingers,Rolling Hand Backward
57622,Zooming In With Full Hand,Sliding Two Fingers Right
70778,Rolling Hand Forward,Rolling Hand Backward
91597,Sliding Two Fingers Up,Sliding Two Fingers Right
10942,Swiping Down,Sliding Two Fingers Left
37297,Swiping Down,Thumb Up
47077,Doing other things,Pulling Two Fingers In
107126,Doing other things,Thumb Up
130401,Pushing Two Fingers Away,Sliding Two Fingers Down
45710,Swiping Down,Sliding Two Fingers Down
44028,Pulling Hand In,Doing other things
111970,Rolling Hand Backward,Sliding Two Fingers Right
109681,Pushing Hand Away,Zooming Out With Full Hand
71528,Sliding Two Fingers Down,No gesture
63353,Turning Hand Counterclockwise,Sliding Two Fingers Left
14189,Sliding Two Fingers Right,Sliding Two Fingers Left
83273,Swiping Left,Sliding Two Fingers Down
66565,Zooming Out With Full Hand,Zooming In With Full Hand
5922,Turning Hand Clockwise,Shaking Hand
82151,Rolling Hand Forward,Rolling Hand Backward
112051,Turning Hand Clockwise,No gesture
17905,Rolling Hand Backward,Sliding Two Fingers Right
31406,Pulling Hand In,Pushing Two Fingers Away
131765,Swiping Right,Swiping Left
110000,Pushing Hand Away,Stop Sign
93566,Zooming In With Full Hand,Zooming Out With Full Hand
145132,Sliding Two Fingers Up,Zooming In With Full Hand
68348,Swiping Down,Swiping Right
120158,Swiping Down,Pushing Hand Away
19604,Swiping Right,No gesture
53721,Thumb Down,Swiping Right
133742,Rolling Hand Forward,Rolling Hand Backward
120501,Sliding Two Fingers Up,Sliding Two Fingers Down
96541,Stop Sign,Pushing Hand Away
142627,Swiping Right,Doing other things
133693,No gesture,Sliding Two Fingers Right
55874,Pushing Hand Away,Stop Sign
75469,Zooming In With Full Hand,Zooming Out With Two Fingers
102926,Swiping Left,Sliding Two Fingers Left
85966,Swiping Down,Doing other things
137882,Zooming Out With Full Hand,Doing other things
82520,Stop Sign,Pushing Hand Away
2202,Pushing Two Fingers Away,Doing other things
97114,Rolling Hand Backward,Rolling Hand Forward
105032,Zooming Out With Full Hand,Zooming In With Full Hand
115767,Rolling Hand Backward,Zooming Out With Two Fingers
138538,Doing other things,Swiping Right
29068,Shaking Hand,Zooming In With Full Hand
138485,Swiping Left,No gesture
103797,Zooming In With Full Hand,Rolling Hand Backward
27088,Zooming In With Full Hand,Zooming Out With Full Hand
121313,Rolling Hand Forward,Swiping Right
25504,Turning Hand Clockwise,Zooming In With Full Hand
63766,Swiping Up,Doing other things
46041,Pulling Hand In,Zooming Out With Two Fingers
4830,Pushing Two Fingers Away,Swiping Up
137480,Doing other things,Zooming Out With Two Fingers
1903,Swiping Left,Swiping Right
64294,Stop Sign,Pushing Hand Away
135143,Sliding Two Fingers Up,Sliding Two Fingers Down
123831,Turning Hand Clockwise,Swiping Up
35255,Sliding Two Fingers Down,Doing other things
96238,Sliding Two Fingers Left,No gesture
117991,Sliding Two Fingers Up,Swiping Down
54276,Sliding Two Fingers Right,Sliding Two Fingers Left
80335,Zooming Out With Full Hand,Zooming In With Full Hand
16131,Pushing Hand Away,Shaking Hand
33072,No gesture,Sliding Two Fingers Left
47286,Pulling Two Fingers In,Doing other things
100495,Doing other things,Zooming In With Full Hand
33891,Doing other things,Swiping Up
25165,Swiping Left,Rolling Hand Forward
79237,Sliding Two Fingers Down,Swiping Down
43424,Swiping Up,Pulling Hand In
17514,Pushing Two Fingers Away,Pulling Two Fingers In
19069,Rolling Hand Backward,Rolling Hand Forward
17241,Rolling Hand Backward,Rolling Hand Forward
35194,Stop Sign,Pushing Hand Away
48252,Pulling Hand In,Swiping Up
84715,Sliding Two Fingers Right,Pulling Two Fingers In
9181,Stop Sign,Pushing Hand Away
87711,Swiping Right,No gesture
135936,Zooming In With Two Fingers,Zooming Out With Two Fingers
117888,Shaking Hand,Turning Hand Clockwise
110830,Pulling Hand In,Swiping Down
15903,Pushing Two Fingers Away,Zooming Out With Full Hand
38615,Swiping Right,Doing other things
72499,Zooming In With Full Hand,Shaking Hand
74985,Pushing Two Fingers Away,Sliding Two Fingers Down
126946,Sliding Two Fingers Down,Pushing Two Fingers Away
94981,Turning Hand Clockwise,Turning Hand Counterclockwise
3208,Swiping Down,Shaking Hand
119425,Pulling Hand In,Pulling Two Fingers In
16465,Zooming In With Full Hand,Zooming Out With Full Hand
81704,Doing other things,Turning Hand Counterclockwise
131436,Swiping Down,Pushing Hand Away
8284,Swiping Right,Swiping Down
115503,Zooming In With Full Hand,Turning Hand Clockwise
68703,Turning Hand Clockwise,Zooming Out With Full Hand
143153,Pulling Two Fingers In,Shaking Hand
123142,Doing other things,Turning Hand Counterclockwise
40911,Pushing Two Fingers Away,Zooming Out With Two Fingers
118376,Rolling Hand Backward,Rolling Hand Forward
14331,Pulling Two Fingers In,Thumb Down
50252,Swiping Left,Rolling Hand Forward
9016,Rolling Hand Backward,Rolling Hand Forward
39533,Sliding Two Fingers Up,Swiping Down
136122,Thumb Down,Doing other things
146993,Rolling Hand Forward,Rolling Hand Backward
140963,No gesture,Pulling Hand In
8753,Swiping Down,No gesture
121766,Sliding Two Fingers Up,Sliding Two Fingers Down
121427,Rolling Hand Backward,Rolling Hand Forward
74153,Swiping Left,Doing other things
40738,Zooming In With Full Hand,Turning Hand Counterclockwise
105058,Zooming In With Two Fingers,Zooming Out With Two Fingers
129554,No gesture,Sliding Two Fingers Left
81774,Rolling Hand Forward,Swiping Right
36954,Zooming In With Two Fingers,Zooming Out With Two Fingers
132326,Zooming In With Full Hand,Zooming Out With Full Hand
11889,Rolling Hand Backward,Rolling Hand Forward
120993,Pulling Two Fingers In,Thumb Up
29748,Zooming In With Two Fingers,Zooming Out With Two Fingers
49276,No gesture,Doing other things
128364,Stop Sign,Shaking Hand
109693,Doing other things,No gesture
113359,Rolling Hand Forward,Rolling Hand Backward
91606,Zooming In With Two Fingers,Zooming Out With Two Fingers
15158,Swiping Down,Sliding Two Fingers Up
50223,Shaking Hand,Pulling Hand In
130875,Turning Hand Counterclockwise,Shaking Hand
58069,Sliding Two Fingers Up,Sliding Two Fingers Down
106112,Zooming Out With Two Fingers,Sliding Two Fingers Up
85064,Drumming Fingers,Swiping Right
60623,Turning Hand Clockwise,Shaking Hand
147283,Sliding Two Fingers Right,No gesture
116524,Swiping Down,Sliding Two Fingers Up
84536,Zooming Out With Two Fingers,Zooming In With Two Fingers
134692,Doing other things,Pulling Two Fingers In
123135,Turning Hand Counterclockwise,Shaking Hand
47675,Stop Sign,Pushing Hand Away
94740,Pulling Hand In,Doing other things
105361,Zooming In With Full Hand,Zooming Out With Full Hand
55735,Swiping Down,No gesture
13101,Sliding Two Fingers Up,Drumming Fingers
81428,Sliding Two Fingers Down,Swiping Left
28079,Sliding Two Fingers Left,Swiping Left
16152,Pulling Two Fingers In,Pulling Hand In
113521,Sliding Two Fingers Up,Sliding Two Fingers Down
52741,Swiping Right,Doing other things
139295,Pulling Hand In,Drumming Fingers
116675,Pushing Hand Away,Zooming In With Full Hand
97853,Sliding Two Fingers Up,Doing other things
112816,Sliding Two Fingers Down,Swiping Down
111450,Doing other things,Swiping Left
123327,Swiping Right,Swiping Left
89865,Shaking Hand,Pulling Hand In
19946,Sliding Two Fingers Up,Doing other things
56894,Swiping Up,Swiping Down
54115,Rolling Hand Forward,Thumb Up
44357,Pushing Hand Away,Drumming Fingers
10479,Zooming Out With Two Fingers,Thumb Down
41488,Swiping Right,Doing other things
73242,No gesture,Pulling Hand In
41368,Zooming Out With Two Fingers,Swiping Down
68,Shaking Hand,Doing other things
88233,Zooming In With Two Fingers,Zooming Out With Two Fingers
14580,Turning Hand Counterclockwise,Pulling Hand In
88813,Doing other things,Sliding Two Fingers Left
2326,Sliding Two Fingers Up,Zooming Out With Two Fingers
48317,Swiping Down,Doing other things
143168,Swiping Right,Doing other things
27436,Zooming Out With Two Fingers,Zooming In With Two Fingers
42946,Sliding Two Fingers Left,Swiping Right
52532,Sliding Two Fingers Down,Pushing Two Fingers Away
14776,Pulling Two Fingers In,Sliding Two Fingers Right
39019,Sliding Two Fingers Right,Sliding Two Fingers Left
43615,Sliding Two Fingers Down,No gesture
129285,Swiping Up,Turning Hand Counterclockwise
12454,Pushing Two Fingers Away,Pulling Hand In
120969,Rolling Hand Backward,Rolling Hand Forward
123762,Sliding Two Fingers Up,Sliding Two Fingers Down
71343,Sliding Two Fingers Down,Sliding Two Fingers Up
3542,Sliding Two Fingers Down,Swiping Down
111040,Swiping Right,Swiping Left
68589,Turning Hand Clockwise,Turning Hand Counterclockwise
87153,Drumming Fingers,Swiping Up
134937,Doing other things,No gesture
32412,Pushing Two Fingers Away,Swiping Right
49521,Swiping Right,Swiping Left
83439,Sliding Two Fingers Left,Sliding Two Fingers Right
147223,Doing other things,Pulling Two Fingers In
67782,Swiping Left,Swiping Right
57113,Pushing Two Fingers Away,Drumming Fingers
4567,No gesture,Doing other things
30479,Zooming Out With Full Hand,Doing other things
27559,Swiping Left,Swiping Right
88819,Rolling Hand Backward,Rolling Hand Forward
93737,Doing other things,Thumb Up
126441,Stop Sign,Swiping Down
40497,Doing other things,No gesture
80405,Rolling Hand Forward,Doing other things
60135,Pushing Two Fingers Away,Pushing Hand Away
88284,Thumb Up,Sliding Two Fingers Right
8820,Swiping Right,Zooming Out With Full Hand
34823,Thumb Up,Sliding Two Fingers Left
147009,Sliding Two Fingers Right,Doing other things
28001,Doing other things,Pushing Hand Away
72775,Swiping Down,Sliding Two Fingers Left
147936,Zooming In With Two Fingers,Zooming In With Full Hand
71355,Stop Sign,Pushing Hand Away
91153,Turning Hand Clockwise,Turning Hand Counterclockwise
108669,Turning Hand Clockwise,Shaking Hand
138761,Sliding Two Fingers Up,Pushing Two Fingers Away
91554,Sliding Two Fingers Left,Doing other things
91390,Pulling Hand In,Pushing Hand Away
30794,Turning Hand Counterclockwise,Shaking Hand
74617,Sliding Two Fingers Down,Turning Hand Counterclockwise
60534,Sliding Two Fingers Up,Thumb Up
133432,Rolling Hand Forward,Rolling Hand Backward
27138,Doing other things,Swiping Right
71367,Swiping Up,Pulling Hand In
109719,Pushing Two Fingers Away,Doing other things
84358,Doing other things,Swiping Up
111607,Drumming Fingers,Swiping Down
4008,Sliding Two Fingers Up,Pushing Two Fingers Away
38704,Zooming In With Full Hand,Zooming Out With Full Hand
70518,Sliding Two Fingers Left,No gesture
48193,Pushing Two Fingers Away,Pulling Two Fingers In
23367,Swiping Up,Doing other things
7282,Pushing Hand Away,Stop Sign
62101,Turning Hand Clockwise,Turning Hand Counterclockwise
7779,Thumb Down,Doing other things
113394,Sliding Two Fingers Left,Swiping Left
26471,Sliding Two Fingers Right,No gesture
40176,Zooming Out With Full Hand,Doing other things
96213,Pushing Hand Away,Stop Sign
78792,Pulling Two Fingers In,Sliding Two Fingers Right
6243,Zooming In With Two Fingers,Turning Hand Counterclockwise
133838,Pulling Hand In,Swiping Up
114428,Swiping Left,No gesture
142708,Rolling Hand Backward,Rolling Hand Forward
47712,Swiping Right,Swiping Left
124286,Rolling Hand Backward,Rolling Hand Forward
99552,Sliding Two Fingers Down,Doing other things
31219,Swiping Left,Thumb Down
92127,Rolling Hand Backward,Doing other things
128291,Rolling Hand Backward,Rolling Hand Forward
55605,Rolling Hand Forward,Rolling Hand Backward
112295,Thumb Up,Doing other things
38862,Sliding Two Fingers Left,No gesture
39638,Swiping Up,Turning Hand Counterclockwise
46828,Zooming Out With Two Fingers,Zooming In With Two Fingers
48436,Sliding Two Fingers Right,Sliding Two Fingers Left
51213,Rolling Hand Forward,No gesture
37460,No gesture,Doing other things
94028,Doing other things,Pulling Two Fingers In
124215,No gesture,Swiping Up
119700,Zooming Out With Full Hand,Shaking Hand
138350,Sliding Two Fingers Left,Zooming Out With Two Fingers
89650,Stop Sign,Pushing Hand Away
145116,Rolling Hand Forward,Rolling Hand Backward
108415,Swiping Left,Doing other things
89124,Swiping Down,Swiping Right
29561,Swiping Up,Swiping Right
127676,Zooming In With Two Fingers,Zooming Out With Two Fingers
49595,Doing other things,Rolling Hand Forward
28287,Sliding Two Fingers Right,Swiping Left
67095,Swiping Left,No gesture
145798,Sliding Two Fingers Right,No gesture
62819,Zooming In With Full Hand,Rolling Hand Forward
123073,Rolling Hand Backward,Doing other things
122515,Shaking Hand,Turning Hand Counterclockwise
28683,Sliding Two Fingers Down,Thumb Down
93044,Zooming In With Two Fingers,Zooming Out With Two Fingers
36141,Turning Hand Clockwise,Turning Hand Counterclockwise
124315,Rolling Hand Backward,Rolling Hand Forward
115856,Swiping Down,Sliding Two Fingers Left
11302,Pulling Two Fingers In,No gesture
5338,Pushing Two Fingers Away,Pulling Two Fingers In
30,Swiping Down,No gesture
43246,Swiping Left,Sliding Two Fingers Left
99590,No gesture,Swiping Up
108281,Pulling Hand In,Doing other things
105216,Pulling Hand In,Swiping Up
63493,Swiping Down,Swiping Right
63314,Zooming In With Full Hand,Rolling Hand Backward
108788,Sliding Two Fingers Left,Shaking Hand
53843,Swiping Left,Sliding Two Fingers Right
139434,Doing other things,Thumb Down
120880,Swiping Right,Thumb Down
71411,Doing other things,Swiping Left
130113,Thumb Down,Zooming Out With Two Fingers
60465,Doing other things,Shaking Hand
84643,Pushing Hand Away,Stop Sign
17200,Rolling Hand Backward,Rolling Hand Forward
128568,Sliding Two Fingers Up,Sliding Two Fingers Down
107313,Stop Sign,Pushing Hand Away
88579,Pulling Hand In,Pulling Two Fingers In
61239,Rolling Hand Forward,Rolling Hand Backward
97575,Sliding Two Fingers Up,Zooming Out With Two Fingers
34639,Zooming In With Full Hand,Pulling Two Fingers In
95010,Sliding Two Fingers Right,Pulling Hand In
58824,No gesture,Sliding Two Fingers Left
82277,Pulling Hand In,Shaking Hand
37373,Swiping Up,Doing other things
85031,Turning Hand Counterclockwise,Turning Hand Clockwise
108381,No gesture,Doing other things
35008,Swiping Left,Doing other things
29912,Pulling Hand In,Swiping Up
32959,Zooming Out With Two Fingers,Zooming In With Two Fingers
116184,Sliding Two Fingers Up,Rolling Hand Forward
8080,Sliding Two Fingers Down,Swiping Down
39070,Swiping Up,Doing other things
98097,Sliding Two Fingers Right,Sliding Two Fingers Left
118952,Swiping Right,No gesture
18100,Sliding Two Fingers Down,Doing other things
73049,Sliding Two Fingers Right,Pushing Two Fingers Away
89786,Turning Hand Clockwise,Doing other things
56165,Zooming Out With Full Hand,Zooming In With Full Hand
105721,Shaking Hand,Doing other things
26892,Swiping Left,Rolling Hand Backward
113642,Thumb Down,Swiping Right
145692,Pulling Two Fingers In,Swiping Up
35166,Swiping Left,Swiping Up
127463,Zooming Out With Full Hand,Zooming Out With Two Fingers
106812,Pulling Hand In,No gesture
27921,Swiping Up,Swiping Down
13706,Pulling Hand In,Pulling Two Fingers In
84310,Zooming Out With Full Hand,Zooming In With Full Hand
101296,Rolling Hand Backward,Rolling Hand Forward
94380,Rolling Hand Forward,Swiping Up
142870,Swiping Left,Sliding Two Fingers Left
55873,Zooming In With Two Fingers,Rolling Hand Backward
126529,Sliding Two Fingers Up,Doing other things
111458,Rolling Hand Backward,Swiping Down
14864,Sliding Two Fingers Right,Doing other things
16776,Pushing Hand Away,Stop Sign
11657,Rolling Hand Forward,Rolling Hand Backward
25136,Drumming Fingers,Shaking Hand
53643,Zooming Out With Full Hand,Zooming In With Full Hand
36520,Swiping Down,Pulling Two Fingers In
55696,Sliding Two Fingers Up,Pushing Two Fingers Away
29929,Pulling Hand In,Pushing Hand Away
86899,Zooming In With Two Fingers,Sliding Two Fingers Left
117342,Zooming In With Full Hand,Doing other things
75809,Pulling Hand In,Turning Hand Clockwise
94086,Rolling Hand Forward,Rolling Hand Backward
19927,Swiping Left,No gesture
49190,Rolling Hand Backward,Rolling Hand Forward
26127,Zooming Out With Full Hand,Turning Hand Clockwise
25562,Thumb Up,Doing other things
145956,Zooming Out With Full Hand,Drumming Fingers
37389,Sliding Two Fingers Down,Sliding Two Fingers Up
73434,Rolling Hand Backward,Rolling Hand Forward
121624,Zooming In With Full Hand,Shaking Hand
51390,Turning Hand Counterclockwise,Turning Hand Clockwise
89733,Pulling Hand In,No gesture
21623,Swiping Up,Swiping Left
31096,Sliding Two Fingers Left,Sliding Two Fingers Right
92467,Sliding Two Fingers Left,Swiping Left
67363,Swiping Up,No gesture
37047,Turning Hand Clockwise,Shaking Hand
121853,Swiping Left,Sliding Two Fingers Down
82955,Swiping Down,No gesture
34991,Turning Hand Counterclockwise,Pushing Hand Away
24840,Zooming In With Two Fingers,Sliding Two Fingers Down
58937,Sliding Two Fingers Down,Swiping Right
95223,Doing other things,Thumb Down
539,Pulling Two Fingers In,Pushing Two Fingers Away
125456,Pulling Hand In,Pulling Two Fingers In
45303,Rolling Hand Forward,Doing other things
140130,Zooming Out With Full Hand,Zooming In With Full Hand
129540,Turning Hand Clockwise,Swiping Up
52308,Sliding Two Fingers Left,Sliding Two Fingers Right
63469,Swiping Up,Drumming Fingers
34779,Shaking Hand,Swiping Left
94281,Swiping Left,Pushing Hand Away
17688,Pulling Hand In,Sliding Two Fingers Right
78551,Sliding Two Fingers Down,Pushing Two Fingers Away
86397,Doing other things,Sliding Two Fingers Left
51280,Sliding Two Fingers Up,Sliding Two Fingers Down
42380,Swiping Left,Swiping Right
96077,Swiping Right,Pulling Two Fingers In
110407,Zooming In With Two Fingers,Zooming Out With Two Fingers
26466,Doing other things,No gesture
20179,Sliding Two Fingers Down,Pulling Hand In
19356,Pulling Hand In,Pulling Two Fingers In
125703,Swiping Right,Turning Hand Counterclockwise
21150,Doing other things,Zooming In With Full Hand
14325,Rolling Hand Forward,Rolling Hand Backward
145519,Rolling Hand Forward,Rolling Hand Backward
106978,Sliding Two Fingers Right,Rolling Hand Backward
40655,Swiping Left,Pulling Two Fingers In
20089,Zooming Out With Full Hand,Zooming In With Full Hand
15295,Rolling Hand Backward,Rolling Hand Forward
120331,Swiping Left,Sliding Two Fingers Right
66741,Sliding Two Fingers Up,Doing other things
84531,Stop Sign,Swiping Down
38261,Sliding Two Fingers Down,Zooming Out With Two Fingers
129233,Zooming In With Full Hand,Zooming Out With Full Hand
37721,Turning Hand Clockwise,Shaking Hand
13890,Swiping Right,Pulling Two Fingers In
26792,Thumb Up,No gesture
36813,Swiping Left,Sliding Two Fingers Right
82279,Zooming In With Two Fingers,Zooming Out With Two Fingers
50556,Swiping Down,Zooming Out With Full Hand
93074,Pushing Two Fingers Away,Pulling Two Fingers In
97052,Pulling Hand In,Thumb Up
47119,Rolling Hand Forward,Swiping Down
6322,Doing other things,Thumb Down
70841,Swiping Right,No gesture
87643,Swiping Left,Swiping Right
77680,Doing other things,Turning Hand Clockwise
127055,Zooming Out With Two Fingers,Rolling Hand Forward
25019,Swiping Right,Swiping Left
24964,Zooming Out With Two Fingers,Zooming Out With Full Hand
21283,Pushing Hand Away,Stop Sign
14097,Sliding Two Fingers Left,Sliding Two Fingers Right
97044,Drumming Fingers,Sliding Two Fingers Right
136208,Sliding Two Fingers Right,Doing other things
12180,Rolling Hand Backward,Rolling Hand Forward
119381,Thumb Down,Doing other things
64033,Swiping Up,Sliding Two Fingers Right
42920,Swiping Left,Sliding Two Fingers Left
12912,Sliding Two Fingers Right,Sliding Two Fingers Left
35341,Zooming In With Full Hand,Zooming Out With Full Hand
94928,Swiping Right,Sliding Two Fingers Right
117498,Swiping Left,No gesture
33245,Pulling Two Fingers In,Swiping Right
31863,Sliding Two Fingers Down,Swiping Left
81336,Zooming In With Full Hand,Swiping Down
44353,Doing other things,Zooming In With Two Fingers
140793,Sliding Two Fingers Left,Sliding Two Fingers Right
101162,Zooming Out With Full Hand,Shaking Hand
52721,Swiping Right,Sliding Two Fingers Left
139559,Sliding Two Fingers Up,Stop Sign
30370,Sliding Two Fingers Up,Swiping Right
85466,Zooming In With Full Hand,Zooming Out With Full Hand
4983,Sliding Two Fingers Up,Pushing Two Fingers Away
112463,Sliding Two Fingers Left,Zooming Out With Two Fingers
58028,Rolling Hand Backward,Rolling Hand Forward
54598,Swiping Down,Pushing Hand Away
130629,Turning Hand Counterclockwise,Pulling Two Fingers In
30228,No gesture,Sliding Two Fingers Up
7565,No gesture,Doing other things
37527,Swiping Down,Drumming Fingers
79085,Thumb Up,Sliding Two Fingers Left
45131,Zooming In With Full Hand,Zooming Out With Full Hand
18103,Sliding Two Fingers Right,Sliding Two Fingers Left
18118,Zooming In With Two Fingers,Zooming Out With Two Fingers
142471,Sliding Two Fingers Up,Swiping Left
38895,Sliding Two Fingers Down,Thumb Down
125044,Swiping Left,Doing other things
133518,Pulling Two Fingers In,No gesture
142576,Doing other things,Sliding Two Fingers Down
122427,Zooming In With Two Fingers,Zooming Out With Two Fingers
79761,Zooming Out With Two Fingers,Doing other things
1440,Swiping Down,Rolling Hand Backward
99155,Sliding Two Fingers Down,Thumb Up
10131,Pushing Two Fingers Away,Thumb Up
115054,Sliding Two Fingers Left,Swiping Left
111555,Turning Hand Clockwise,Zooming In With Full Hand
137713,Turning Hand Counterclockwise,Turning Hand Clockwise
136106,Rolling Hand Forward,Rolling Hand Backward
26115,Pulling Hand In,Pulling Two Fingers In
58359,Swiping Left,Swiping Right
116249,Rolling Hand Backward,Rolling Hand Forward
12291,Rolling Hand Backward,Rolling Hand Forward
99641,Swiping Left,Pushing Hand Away
58887,Rolling Hand Forward,Rolling Hand Backward
98082,Pulling Hand In,Doing other things
33570,Swiping Left,Swiping Right
63311,Swiping Left,Thumb Up
134211,Zooming In With Two Fingers,Zooming Out With Two Fingers
102191,Zooming In With Two Fingers,Zooming Out With Two Fingers
121413,Zooming Out With Two Fingers,Drumming Fingers
45990,Swiping Down,Thumb Down
99963,Sliding Two Fingers Down,No gesture
76867,Doing other things,Rolling Hand Forward
116328,Sliding Two Fingers Right,Sliding Two Fingers Left
44901,Zooming Out With Two Fingers,Zooming In With Two Fingers
37485,Stop Sign,Pushing Hand Away
8596,Sliding Two Fingers Up,Pushing Two Fingers Away
72639,Shaking Hand,Turning Hand Clockwise
21351,No gesture,Doing other things
124399,Swiping Down,Swiping Right
81606,Rolling Hand Forward,Rolling Hand Backward
88311,Pushing Two Fingers Away,Zooming Out With Two Fingers
77268,Sliding Two Fingers Up,Drumming Fingers
70145,Zooming In With Full Hand,Zooming Out With Full Hand
59658,Sliding Two Fingers Down,Sliding Two Fingers Up
25916,Zooming Out With Full Hand,Turning Hand Counterclockwise
26695,Stop Sign,Pushing Hand Away
87413,Swiping Right,Doing other things
124970,Pulling Hand In,Turning Hand Clockwise
36825,Rolling Hand Backward,Rolling Hand Forward
50718,Sliding Two Fingers Left,Swiping Right
44728,Stop Sign,Doing other things
117728,Doing other things,Pulling Two Fingers In
98981,Sliding Two Fingers Down,Doing other things
7914,Pulling Two Fingers In,Doing other things
89416,No gesture,Doing other things
5740,Rolling Hand Forward,Rolling Hand Backward
25763,Drumming Fingers,Sliding Two Fingers Right
15440,Sliding Two Fingers Down,Sliding Two Fingers Up
3905,Rolling Hand Forward,Rolling Hand Backward
62001,Thumb Up,Sliding Two Fingers Left
94885,Doing other things,Swiping Down
63974,Pushing Two Fingers Away,Swiping Right
441,Sliding Two Fingers Up,Rolling Hand Forward
72447,Sliding Two Fingers Left,Rolling Hand Backward
31365,Drumming Fingers,Sliding Two Fingers Up
87018,Sliding Two Fingers Right,No gesture
58113,Sliding Two Fingers Up,Thumb Down
69666,Turning Hand Counterclockwise,Swiping Up
110921,Pushing Hand Away,Pulling Two Fingers In
82097,Doing other things,Zooming In With Full Hand
86291,Zooming In With Full Hand,Zooming Out With Full Hand
57774,Turning Hand Clockwise,Turning Hand Counterclockwise
92863,No gesture,Swiping Down
9199,Pushing Hand Away,Stop Sign
80593,Turning Hand Clockwise,Swiping Left
140797,Sliding Two Fingers Down,Sliding Two Fingers Up
83263,Swiping Left,Pulling Two Fingers In
38358,Zooming In With Two Fingers,Swiping Left
124240,Swiping Right,No gesture
27826,Doing other things,Thumb Down
147804,Stop Sign,Pushing Hand Away
48742,Shaking Hand,Swiping Up
25868,Doing other things,Pulling Two Fingers In
79219,Swiping Down,Drumming Fingers
34632,Sliding Two Fingers Left,Sliding Two Fingers Right
18189,Sliding Two Fingers Left,No gesture
146323,Swiping Down,No gesture
119487,Stop Sign,Pushing Hand Away
115566,Turning Hand Counterclockwise,Pulling Hand In
19239,Sliding Two Fingers Down,Swiping Up
92337,Zooming In With Full Hand,Swiping Down
107679,Turning Hand Counterclockwise,Turning Hand Clockwise
93736,Sliding Two Fingers Up,No gesture
136831,Zooming Out With Full Hand,Zooming In With Full Hand
85691,Sliding Two Fingers Up,Swiping Down
81236,Sliding Two Fingers Right,No gesture
10711,Shaking Hand,Swiping Right
115445,Swiping Up,Doing other things
17425,No gesture,Swiping Right
53886,Pushing Two Fingers Away,Thumb Up
129343,Pulling Hand In,Sliding Two Fingers Right
75099,Sliding Two Fingers Up,Swiping Down
38691,Zooming Out With Two Fingers,Thumb Up
61688,Drumming Fingers,Swiping Up
72158,Swiping Up,Doing other things
22716,Sliding Two Fingers Down,No gesture
53329,Zooming Out With Two Fingers,Zooming In With Two Fingers
84713,Swiping Right,Swiping Left
109233,Turning Hand Clockwise,Turning Hand Counterclockwise
121447,Doing other things,No gesture
135588,Stop Sign,Pushing Hand Away
136312,Zooming In With Two Fingers,Zooming Out With Two Fingers
75270,Stop Sign,Pushing Hand Away
84608,Zooming Out With Two Fingers,Zooming In With Two Fingers
22343,Sliding Two Fingers Right,No gesture
20131,Zooming In With Full Hand,Zooming Out With Full Hand
144476,Shaking Hand,Rolling Hand Backward
44708,Doing other things,No gesture
146962,Pulling Hand In,Swiping Up
3165,Sliding Two Fingers Up,Shaking Hand
71164,Stop Sign,Pushing Hand Away
85286,Turning Hand Counterclockwise,Turning Hand Clockwise
14148,Sliding Two Fingers Right,Swiping Left
140579,Sliding Two Fingers Up,Zooming In With Full Hand
6175,Sliding Two Fingers Right,Sliding Two Fingers Left
25476,Swiping Down,No gesture
14691,Thumb Up,Swiping Left
70573,Shaking Hand,Turning Hand Clockwise
27690,Doing other things,Turning Hand Counterclockwise
74601,Sliding Two Fingers Left,Doing other things
62733,Sliding Two Fingers Down,Pulling Two Fingers In
116605,Shaking Hand,No gesture
72339,Shaking Hand,Zooming Out With Full Hand
54677,Swiping Left,Swiping Right
48450,Rolling Hand Forward,Rolling Hand Backward
146423,Shaking Hand,Swiping Left
22486,Zooming In With Two Fingers,Zooming Out With Two Fingers
48740,Pushing Two Fingers Away,Swiping Up
45311,Swiping Down,Doing other things
119690,Doing other things,Pulling Hand In
65893,No gesture,Sliding Two Fingers Right
109314,Zooming Out With Full Hand,Zooming In With Full Hand
40720,Swiping Left,No gesture
12023,Zooming Out With Two Fingers,Zooming In With Two Fingers
16606,No gesture,Swiping Up
134098,Sliding Two Fingers Down,Sliding Two Fingers Up
100939,Doing other things,No gesture
80523,Sliding Two Fingers Right,Sliding Two Fingers Left
134744,Doing other things,Swiping Left
137535,No gesture,Swiping Right
40743,Sliding Two Fingers Left,Zooming In With Full Hand
18552,Sliding Two Fingers Up,Sliding Two Fingers Down
99774,Rolling Hand Forward,Rolling Hand Backward
143300,Rolling Hand Backward,Rolling Hand Forward
44810,Shaking Hand,Pushing Hand Away
137190,Pulling Two Fingers In,Turning Hand Clockwise
47827,Swiping Up,Rolling Hand Backward
6654,Rolling Hand Backward,Rolling Hand Forward
12119,Turning Hand Clockwise,Turning Hand Counterclockwise
80803,Zooming Out With Full Hand,Zooming In With Full Hand
62586,Thumb Up,Sliding Two Fingers Right
28417,Rolling Hand Forward,Rolling Hand Backward
145203,Swiping Right,Swiping Left
26237,Pulling Hand In,Swiping Up
18181,Zooming Out With Two Fingers,Sliding Two Fingers Up
64067,Swiping Down,Doing other things
39823,Turning Hand Counterclockwise,Pulling Hand In
58273,Doing other things,Zooming In With Full Hand
37325,Pulling Hand In,Doing other things
36638,Swiping Up,Pulling Hand In
99623,Swiping Left,Swiping Right
74350,Doing other things,Sliding Two Fingers Right
75981,Sliding Two Fingers Right,Sliding Two Fingers Left
97532,Swiping Down,Sliding Two Fingers Down
127972,Doing other things,Swiping Right
142081,Sliding Two Fingers Down,Sliding Two Fingers Up
144564,No gesture,Pulling Two Fingers In
115634,Doing other things,Thumb Up
83206,Sliding Two Fingers Up,Zooming In With Two Fingers
123973,No gesture,Sliding Two Fingers Down
49627,Turning Hand Counterclockwise,Shaking Hand
117790,Thumb Down,Zooming Out With Two Fingers
61033,Sliding Two Fingers Down,Doing other things
98027,Zooming Out With Full Hand,Zooming In With Full Hand
69084,Turning Hand Clockwise,Turning Hand Counterclockwise
25538,Turning Hand Counterclockwise,Turning Hand Clockwise
14996,Sliding Two Fingers Left,Doing other things
21114,Swiping Right,Pushing Two Fingers Away
38720,Sliding Two Fingers Down,Pushing Two Fingers Away
47874,Zooming In With Full Hand,Shaking Hand
82661,Zooming In With Two Fingers,Zooming In With Full Hand
84339,Doing other things,Sliding Two Fingers Right
85041,Rolling Hand Backward,Swiping Down
7490,Stop Sign,Pulling Hand In
31455,Sliding Two Fingers Right,Sliding Two Fingers Left
15022,Swiping Down,Pulling Two Fingers In
53694,Turning Hand Clockwise,Turning Hand Counterclockwise
130735,No gesture,Doing other things
26664,Rolling Hand Forward,Rolling Hand Backward
120014,Stop Sign,Swiping Down
81037,Zooming Out With Two Fingers,Sliding Two Fingers Up
9024,Swiping Down,Rolling Hand Backward
137453,Turning Hand Counterclockwise,Turning Hand Clockwise
38264,Zooming In With Full Hand,Zooming In With Two Fingers
84735,Pushing Two Fingers Away,Sliding Two Fingers Right
72148,Pulling Hand In,Pulling Two Fingers In
115635,Zooming In With Two Fingers,Zooming Out With Two Fingers
93290,Rolling Hand Backward,Thumb Down
10513,Doing other things,Swiping Right
76025,Turning Hand Clockwise,Turning Hand Counterclockwise
26109,Pushing Two Fingers Away,Doing other things
85642,Swiping Left,Swiping Right
119689,Swiping Up,No gesture
128664,Zooming In With Two Fingers,Sliding Two Fingers Right
115040,Thumb Down,Swiping Down
103012,Doing other things,Pulling Two Fingers In
8691,Sliding Two Fingers Left,Swiping Left
43301,Zooming In With Full Hand,Zooming Out With Full Hand
122056,Stop Sign,Pushing Hand Away
51191,Swiping Down,Zooming Out With Full Hand
122201,Stop Sign,Shaking Hand
50491,Pushing Two Fingers Away,Thumb Up
6036,Sliding Two Fingers Up,Sliding Two Fingers Down
90190,Swiping Down,Drumming Fingers
78871,Rolling Hand Forward,Rolling Hand Backward
139169,Pulling Hand In,Pulling Two Fingers In
80032,Turning Hand Counterclockwise,Zooming Out With Full Hand
109174,Swiping Up,Pulling Hand In
60897,Zooming In With Two Fingers,Doing other things
122729,Turning Hand Clockwise,Shaking Hand
39872,Sliding Two Fingers Left,Swiping Up
80435,Zooming In With Full Hand,Shaking Hand
124971,No gesture,Thumb Up
56090,Sliding Two Fingers Left,Thumb Up
146868,Stop Sign,Pushing Hand Away
131004,Rolling Hand Forward,Doing other things
73850,Zooming Out With Two Fingers,Zooming In With Two Fingers
105470,Thumb Up,Doing other things
95646,Sliding Two Fingers Up,Pushing Two Fingers Away
64435,Zooming In With Two Fingers,Pushing Two Fingers Away
146217,Swiping Left,Zooming Out With Two Fingers
10892,Sliding Two Fingers Left,Sliding Two Fingers Right
98544,Drumming Fingers,Shaking Hand
111703,Pushing Two Fingers Away,Thumb Up
138255,Zooming Out With Full Hand,Zooming In With Full Hand
45072,Zooming In With Two Fingers,Zooming Out With Two Fingers
41606,Rolling Hand Backward,Rolling Hand Forward
98896,Thumb Down,Sliding Two Fingers Down
3596,Sliding Two Fingers Left,Swiping Left
71804,Swiping Left,Pushing Hand Away
140799,Pushing Two Fingers Away,Doing other things
118653,Pushing Two Fingers Away,Pushing Hand Away
145874,Swiping Up,Doing other things
132927,Zooming In With Full Hand,Zooming Out With Full Hand
122053,Zooming Out With Full Hand,Zooming In With Full Hand
27821,Zooming In With Full Hand,Turning Hand Counterclockwise
17467,Zooming In With Full Hand,Shaking Hand
106749,Thumb Up,Doing other things
43567,Doing other things,Drumming Fingers
29446,Sliding Two Fingers Down,Swiping Up
143458,Pulling Hand In,Zooming Out With Full Hand
40855,Rolling Hand Forward,Rolling Hand Backward
66468,Swiping Down,Pushing Two Fingers Away
123461,Sliding Two Fingers Left,Sliding Two Fingers Right
38349,Swiping Left,No gesture
76640,Sliding Two Fingers Left,Sliding Two Fingers Right
120463,Swiping Up,Sliding Two Fingers Up
45966,Pushing Hand Away,Stop Sign
132526,Pulling Hand In,Doing other things
79131,Sliding Two Fingers Left,Doing other things
139734,Swiping Left,Zooming In With Full Hand
97038,Sliding Two Fingers Up,Sliding Two Fingers Down
132110,Pulling Two Fingers In,Thumb Up
49824,Sliding Two Fingers Left,Sliding Two Fingers Right
132754,Thumb Up,Doing other things
106703,Pulling Two Fingers In,No gesture
66889,Rolling Hand Backward,Rolling Hand Forward
3567,Doing other things,No gesture
61897,Pulling Two Fingers In,Doing other things
40498,Rolling Hand Forward,Pushing Two Fingers Away
48379,Stop Sign,Zooming In With Full Hand
12469,Swiping Left,Swiping Right
114622,No gesture,Doing other things
143849,Swiping Right,Doing other things
88590,Zooming Out With Two Fingers,Turning Hand Clockwise
75827,Stop Sign,Sliding Two Fingers Up
50931,Sliding Two Fingers Down,Swiping Down
109377,Doing other things,Thumb Down
15270,Swiping Up,Pulling Hand In
87293,Turning Hand Counterclockwise,Turning Hand Clockwise
26374,Zooming In With Two Fingers,Zooming Out With Two Fingers
7528,Rolling Hand Forward,Sliding Two Fingers Down
75410,Turning Hand Clockwise,Turning Hand Counterclockwise
37197,Swiping Right,Sliding Two Fingers Up
129113,Doing other things,Sliding Two Fingers Down
58450,Doing other things,Turning Hand Counterclockwise
64482,Pushing Hand Away,Sliding Two Fingers Left
49882,Zooming Out With Two Fingers,Zooming In With Two Fingers
110888,Doing other things,Turning Hand Clockwise
31343,Pulling Two Fingers In,Pulling Hand In
5767,Shaking Hand,Zooming In With Full Hand
117978,Thumb Up,Doing other things
143182,Rolling Hand Forward,Rolling Hand Backward
25172,Sliding Two Fingers Left,Doing other things
92948,Turning Hand Clockwise,Doing other things
73595,Swiping Left,Swiping Right
92410,Zooming Out With Full Hand,Thumb Down
10958,Swiping Down,Drumming Fingers
28665,Pulling Hand In,Swiping Up
36080,Zooming In With Full Hand,Zooming Out With Full Hand
137985,Doing other things,Swiping Right
66073,Sliding Two Fingers Down,Pushing Two Fingers Away
88064,Pulling Hand In,Shaking Hand
67641,Swiping Down,Doing other things
30276,Pushing Hand Away,Stop Sign
95521,Zooming Out With Full Hand,Turning Hand Counterclockwise
63013,Shaking Hand,Swiping Up
89586,Sliding Two Fingers Up,Sliding Two Fingers Down
45417,Zooming In With Two Fingers,Zooming Out With Two Fingers
14596,Swiping Left,Sliding Two Fingers Left
4228,Rolling Hand Backward,Rolling Hand Forward
65873,Sliding Two Fingers Left,Sliding Two Fingers Right
97014,Swiping Left,Swiping Right
54213,Pulling Hand In,Pulling Two Fingers In
133223,Turning Hand Clockwise,Doing other things
88153,Swiping Down,Rolling Hand Backward
128552,Shaking Hand,Swiping Left
73426,Pushing Two Fingers Away,Zooming Out With Two Fingers
5937,Pushing Two Fingers Away,No gesture
135203,Pulling Hand In,Swiping Down
93551,Sliding Two Fingers Left,Doing other things
22423,Turning Hand Clockwise,Turning Hand Counterclockwise
132123,Swiping Left,Swiping Right
66231,Zooming In With Full Hand,Zooming Out With Two Fingers
122577,Sliding Two Fingers Up,Pushing Two Fingers Away
34915,No gesture,Swiping Right
4211,Swiping Left,Swiping Right
99735,Swiping Left,Thumb Up
84458,Swiping Down,Doing other things
59353,Sliding Two Fingers Up,Doing other things
37698,Thumb Down,Doing other things
4208,Thumb Down,Pushing Two Fingers Away
69170,Drumming Fingers,Sliding Two Fingers Up
68420,Rolling Hand Forward,Rolling Hand Backward
85523,Zooming In With Two Fingers,Zooming Out With Two Fingers
14367,Swiping Right,Turning Hand Clockwise
39753,Rolling Hand Backward,Swiping Down
138680,Pushing Hand Away,Sliding Two Fingers Down
130649,Swiping Up,Shaking Hand
113546,Zooming In With Two Fingers,Doing other things
60154,Zooming In With Two Fingers,Zooming In With Full Hand
78082,Swiping Down,Rolling Hand Forward
37302,Swiping Down,No gesture
104083,Stop Sign,Pushing Hand Away
57805,Doing other things,Swiping Up
97894,Pulling Hand In,No gesture
79864,Stop Sign,Swiping Up
42806,Pulling Two Fingers In,Swiping Right
74469,Stop Sign,Swiping Down
88856,Sliding Two Fingers Right,Sliding Two Fingers Left
121434,Sliding Two Fingers Down,Shaking Hand
110356,Doing other things,Swiping Right
7930,Zooming Out With Full Hand,Doing other things
115802,Pulling Two Fingers In,Doing other things
11094,Doing other things,Thumb Down
31095,Pushing Hand Away,Stop Sign
40989,Zooming Out With Full Hand,Swiping Down
114401,Pulling Hand In,Doing other things
44607,Sliding Two Fingers Left,Swiping Right
110969,Zooming Out With Full Hand,Zooming In With Two Fingers
126889,Doing other things,Rolling Hand Forward
7144,Sliding Two Fingers Down,Doing other things
38117,Sliding Two Fingers Down,Swiping Up
107224,Rolling Hand Forward,Rolling Hand Backward
131882,Zooming In With Two Fingers,Zooming Out With Two Fingers
112675,Swiping Left,Sliding Two Fingers Left
118364,Swiping Right,Sliding Two Fingers Left
123484,Sliding Two Fingers Up,Swiping Down
104196,Swiping Left,No gesture
117323,Thumb Down,Swiping Down
13820,Pulling Two Fingers In,Pulling Hand In
128876,Sliding Two Fingers Right,Swiping Right
99208,Swiping Down,Drumming Fingers
7450,Rolling Hand Backward,Rolling Hand Forward
93990,Zooming In With Full Hand,Zooming Out With Full Hand
119502,No gesture,Zooming Out With Two Fingers
142421,Shaking Hand,Swiping Down
27865,Sliding Two Fingers Left,Zooming Out With Full Hand
133262,Swiping Right,Sliding Two Fingers Right
36156,Zooming In With Two Fingers,Doing other things
90661,Zooming In With Two Fingers,Doing other things
83328,Pulling Two Fingers In,Pulling Hand In
111382,Zooming Out With Two Fingers,Zooming In With Two Fingers
38641,Doing other things,No gesture
14054,Doing other things,Shaking Hand
116489,Doing other things,Rolling Hand Backward
9539,No gesture,Swiping Right
94367,Pushing Hand Away,Doing other things
138740,Zooming In With Full Hand,Pulling Two Fingers In
93134,Sliding Two Fingers Right,Doing other things
134232,Shaking Hand,Swiping Up
81339,Pushing Hand Away,Stop Sign
10186,Stop Sign,Shaking Hand
120963,Sliding Two Fingers Left,Sliding Two Fingers Right
29779,Sliding Two Fingers Right,No gesture
123389,Swiping Left,Rolling Hand Backward
107979,Turning Hand Counterclockwise,Turning Hand Clockwise
60451,Turning Hand Counterclockwise,Shaking Hand
43180,Zooming Out With Full Hand,Zooming In With Full Hand
141778,Stop Sign,Swiping Down
86489,Turning Hand Counterclockwise,Thumb Down
73359,Pushing Hand Away,Swiping Down
74058,Sliding Two Fingers Down,Sliding Two Fingers Up
132686,Sliding Two Fingers Right,Doing other things
76015,Doing other things,Swiping Up
82606,Sliding Two Fingers Right,Swiping Right
39020,Swiping Right,Doing other things
137787,No gesture,Doing other things
58129,Sliding Two Fingers Left,Sliding Two Fingers Right
48122,Swiping Right,Swiping Left
61132,Swiping Down,Drumming Fingers
58919,Sliding Two Fingers Down,Sliding Two Fingers Up
69363,Pushing Hand Away,Sliding Two Fingers Right
23725,Sliding Two Fingers Left,Sliding Two Fingers Right
57931,Sliding Two Fingers Up,Sliding Two Fingers Down
108644,Sliding Two Fingers Right,Sliding Two Fingers Left
83506,Zooming In With Two Fingers,Zooming Out With Two Fingers
21361,Shaking Hand,Turning Hand Counterclockwise
44697,Sliding Two Fingers Left,Doing other things
10263,Sliding Two Fingers Down,Pushing Two Fingers Away
145096,Shaking Hand,Sliding Two Fingers Down
117658,Sliding Two Fingers Up,Pushing Two Fingers Away
104517,Pulling Two Fingers In,Doing other things
78116,Doing other things,Rolling Hand Forward
42114,Sliding Two Fingers Right,No gesture
58951,Sliding Two Fingers Left,No gesture
49462,Pushing Hand Away,Stop Sign
80400,Rolling Hand Backward,Swiping Up
108340,Zooming In With Full Hand,Zooming Out With Full Hand
34329,Rolling Hand Backward,Rolling Hand Forward
46428,Doing other things,Zooming Out With Full Hand
23662,Thumb Up,Doing other things
145970,Zooming In With Full Hand,Shaking Hand
140312,Sliding Two Fingers Down,Drumming Fingers
54211,Stop Sign,Pushing Hand Away
69182,Turning Hand Clockwise,Turning Hand Counterclockwise
139507,Swiping Right,Swiping Left
40075,Zooming Out With Full Hand,Zooming Out With Two Fingers
37609,Zooming In With Full Hand,Zooming Out With Full Hand
5372,Swiping Up,Pulling Hand In
50112,Pushing Hand Away,Doing other things
122649,Swiping Right,Pulling Two Fingers In
117595,Pulling Hand In,Stop Sign
133642,Swiping Left,Sliding Two Fingers Left
142371,Sliding Two Fingers Up,Drumming Fingers
132839,Stop Sign,Pushing Hand Away
11099,Shaking Hand,Doing other things
99994,Doing other things,Pushing Hand Away
69966,Rolling Hand Forward,Rolling Hand Backward
29896,Drumming Fingers,Pulling Hand In
21335,Swiping Down,Sliding Two Fingers Down
48716,Pulling Hand In,Doing other things
132231,Doing other things,Swiping Up
141034,Swiping Down,Pushing Hand Away
83300,Zooming Out With Full Hand,Zooming Out With Two Fingers
58693,Sliding Two Fingers Right,Sliding Two Fingers Left
28813,Shaking Hand,Turning Hand Clockwise
137295,Swiping Left,Sliding Two Fingers Right
40985,Zooming Out With Two Fingers,Zooming In With Two Fingers
49683,Swiping Up,Pulling Hand In
111141,Swiping Down,Stop Sign
99126,Pulling Hand In,Turning Hand Counterclockwise
90705,Swiping Up,Pulling Hand In
98884,Drumming Fingers,Doing other things
105657,Zooming Out With Two Fingers,Zooming In With Two Fingers
35514,Zooming In With Two Fingers,Zooming Out With Two Fingers
127902,Swiping Down,Drumming Fingers
90094,Zooming Out With Two Fingers,Zooming In With Two Fingers
69421,Doing other things,Swiping Up
53821,Sliding Two Fingers Up,Sliding Two Fingers Down
134253,Swiping Down,Thumb Up
82268,Zooming In With Two Fingers,Zooming Out With Two Fingers
25781,Turning Hand Clockwise,Turning Hand Counterclockwise
131791,Sliding Two Fingers Down,Sliding Two Fingers Up
61352,Doing other things,Turning Hand Clockwise
28890,Rolling Hand Forward,Rolling Hand Backward
5289,Shaking Hand,Thumb Down
9145,Sliding Two Fingers Up,Pushing Two Fingers Away
80600,Sliding Two Fingers Left,Swiping Right
65111,Swiping Left,Shaking Hand
23958,Rolling Hand Forward,Swiping Down
90382,Swiping Down,Pulling Two Fingers In
103660,Swiping Left,Swiping Right
38557,Zooming In With Two Fingers,Zooming Out With Two Fingers
93287,Zooming Out With Full Hand,Zooming In With Full Hand
3132,Turning Hand Clockwise,Turning Hand Counterclockwise
75984,Zooming Out With Two Fingers,Zooming Out With Full Hand
140122,Sliding Two Fingers Down,Sliding Two Fingers Up
80795,Pulling Two Fingers In,Sliding Two Fingers Up
30461,Rolling Hand Forward,Swiping Left
129211,No gesture,Pulling Two Fingers In
24932,Zooming In With Two Fingers,Zooming Out With Two Fingers
69647,Sliding Two Fingers Down,No gesture
46460,Pulling Two Fingers In,Doing other things
135700,Sliding Two Fingers Up,Swiping Up
35144,Stop Sign,Pushing Hand Away
72337,Zooming In With Full Hand,Zooming In With Two Fingers
8881,Doing other things,Pushing Hand Away
31193,Drumming Fingers,Swiping Up
125416,Pushing Two Fingers Away,Pulling Hand In
39581,Zooming In With Full Hand,Zooming Out With Full Hand
59563,Zooming Out With Full Hand,Zooming In With Full Hand
72998,No gesture,Swiping Right
136931,Swiping Left,Swiping Right
69593,Pushing Two Fingers Away,Zooming Out With Two Fingers
97429,Zooming In With Full Hand,Drumming Fingers
73561,Rolling Hand Backward,Rolling Hand Forward
88982,Zooming In With Two Fingers,Zooming In With Full Hand
36349,Turning Hand Clockwise,Turning Hand Counterclockwise
124323,Shaking Hand,Swiping Left
70205,Swiping Down,No gesture
135529,Zooming In With Two Fingers,Zooming Out With Two Fingers
77430,Zooming Out With Two Fingers,Zooming In With Two Fingers
103741,Doing other things,Shaking Hand
138451,Thumb Up,Pulling Two Fingers In
137368,Swiping Down,Swiping Left
134301,Swiping Left,Doing other things
143492,Sliding Two Fingers Up,No gesture
19302,Sliding Two Fingers Left,Sliding Two Fingers Right
55345,Swiping Left,Sliding Two Fingers Right
82596,Swiping Up,No gesture
94802,Rolling Hand Forward,Doing other things
139414,No gesture,Pulling Two Fingers In
53445,Zooming Out With Two Fingers,Zooming In With Two Fingers
115322,Zooming In With Two Fingers,Zooming Out With Two Fingers
119325,Zooming Out With Two Fingers,Sliding Two Fingers Down
41507,Pulling Hand In,Swiping Up
45659,Turning Hand Clockwise,Turning Hand Counterclockwise
54602,Zooming Out With Two Fingers,Zooming In With Two Fingers
114238,Sliding Two Fingers Left,Shaking Hand
5021,Turning Hand Clockwise,Turning Hand Counterclockwise
18215,No gesture,Doing other things
9640,No gesture,Sliding Two Fingers Right
44350,Zooming In With Two Fingers,Zooming Out With Full Hand
35321,Rolling Hand Backward,Swiping Down
147598,Pushing Hand Away,Stop Sign
134707,Turning Hand Counterclockwise,Turning Hand Clockwise
58290,Sliding Two Fingers Up,Swiping Down
66611,Sliding Two Fingers Left,Doing other things
121436,Zooming Out With Two Fingers,Swiping Down
114764,Pushing Hand Away,Stop Sign
69583,Swiping Up,Swiping Left
55861,Pulling Hand In,Thumb Up
146999,No gesture,Swiping Down
63838,Drumming Fingers,Swiping Right
26423,Shaking Hand,No gesture
53991,Stop Sign,Pushing Hand Away
72428,Thumb Up,Doing other things
98716,Zooming Out With Two Fingers,Pushing Two Fingers Away
107514,Stop Sign,Pushing Hand Away
2722,Sliding Two Fingers Down,Sliding Two Fingers Up
114078,Sliding Two Fingers Right,No gesture
131349,Swiping Down,Thumb Down
115277,Zooming Out With Two Fingers,Zooming In With Two Fingers
135249,Swiping Right,Sliding Two Fingers Right
89785,Pushing Hand Away,Stop Sign
136525,Sliding Two Fingers Right,Doing other things
21338,Sliding Two Fingers Right,Swiping Up
1721,Sliding Two Fingers Right,Swiping Down
9018,Sliding Two Fingers Down,Drumming Fingers
92248,Sliding Two Fingers Right,Sliding Two Fingers Left
79445,Zooming Out With Full Hand,Zooming In With Full Hand
37801,Sliding Two Fingers Right,No gesture
101425,No gesture,Swiping Up
51137,Doing other things,No gesture
82458,Zooming In With Two Fingers,Zooming Out With Two Fingers
2486,Sliding Two Fingers Down,Zooming Out With Two Fingers
65848,Swiping Right,Pulling Hand In
71502,Shaking Hand,Turning Hand Counterclockwise
77100,Drumming Fingers,Swiping Down
138081,No gesture,Sliding Two Fingers Left
37602,Zooming Out With Full Hand,Zooming In With Full Hand
94314,Swiping Left,Swiping Right
38702,Doing other things,Thumb Down
7908,Swiping Left,Shaking Hand
20885,Swiping Right,Sliding Two Fingers Right
35469,Swiping Right,Swiping Left
123238,Zooming In With Full Hand,Zooming Out With Full Hand
83052,Doing other things,Zooming In With Full Hand
57390,No gesture,Swiping Up
5728,Pushing Two Fingers Away,Pulling Two Fingers In
83072,Pulling Hand In,Pushing Hand Away
38245,Zooming In With Full Hand,Pulling Two Fingers In
108114,Pulling Two Fingers In,No gesture
51276,Zooming In With Two Fingers,Zooming Out With Two Fingers
49244,Swiping Up,Swiping Left
100006,Swiping Down,Swiping Left
137618,Stop Sign,Pushing Hand Away
33358,Pushing Two Fingers Away,Doing other things
3037,Sliding Two Fingers Right,Turning Hand Clockwise
103490,Swiping Right,Doing other things
73132,No gesture,Doing other things
137041,Zooming Out With Full Hand,Pushing Two Fingers Away
113210,Rolling Hand Backward,Rolling Hand Forward
112206,Sliding Two Fingers Right,Swiping Down
4252,Turning Hand Counterclockwise,Pulling Hand In
134969,Zooming In With Full Hand,Zooming Out With Full Hand
107707,Sliding Two Fingers Right,Sliding Two Fingers Left
57652,Sliding Two Fingers Down,No gesture
22075,Sliding Two Fingers Down,Swiping Down
95303,Pushing Two Fingers Away,Pushing Hand Away
117432,Zooming Out With Two Fingers,Zooming In With Two Fingers
107374,Sliding Two Fingers Right,No gesture
44531,Rolling Hand Forward,Doing other things
139997,Pulling Hand In,Swiping Right
80455,Swiping Left,Swiping Right
135122,Rolling Hand Backward,Rolling Hand Forward
133259,Sliding Two Fingers Left,Swiping Left
132486,Zooming In With Full Hand,Doing other things
29596,Sliding Two Fingers Right,Rolling Hand Backward
80466,Turning Hand Clockwise,Pushing Hand Away
17799,Zooming In With Full Hand,Zooming Out With Full Hand
62294,Pulling Two Fingers In,Rolling Hand Backward
59335,Thumb Down,Sliding Two Fingers Right
27007,Swiping Up,No gesture
71900,Pushing Hand Away,Stop Sign
102243,Sliding Two Fingers Up,Sliding Two Fingers Down
100353,Zooming Out With Two Fingers,Doing other things
52883,Pushing Two Fingers Away,No gesture
19339,Sliding Two Fingers Up,Sliding Two Fingers Down
128231,Sliding Two Fingers Up,Sliding Two Fingers Down
91357,Swiping Up,Swiping Down
47339,Stop Sign,Pushing Hand Away
124601,Swiping Up,Turning Hand Counterclockwise
143213,Shaking Hand,Swiping Down
30018,No gesture,Doing other things
128443,Pushing Hand Away,Stop Sign
47505,Shaking Hand,Swiping Right
98110,Rolling Hand Forward,Rolling Hand Backward
116358,Rolling Hand Backward,No gesture
48981,Rolling Hand Backward,Rolling Hand Forward
133060,Rolling Hand Forward,Rolling Hand Backward
15250,Thumb Up,Sliding Two Fingers Left
147935,Pulling Hand In,Doing other things
11327,Sliding Two Fingers Right,Pushing Two Fingers Away
145881,Zooming In With Full Hand,Zooming Out With Full Hand
67003,Rolling Hand Backward,Rolling Hand Forward
50647,Sliding Two Fingers Left,Thumb Up
3561,Rolling Hand Forward,Rolling Hand Backward
46184,Sliding Two Fingers Left,Swiping Left
17734,Rolling Hand Forward,Doing other things
31182,Swiping Left,Doing other things
143080,Rolling Hand Backward,Doing other things
78520,Swiping Right,No gesture
55962,Sliding Two Fingers Left,Swiping Right
140978,No gesture,Doing other things
86156,Stop Sign,Shaking Hand
23808,Swiping Right,Doing other things
47749,Swiping Left,Swiping Up
78117,Sliding Two Fingers Down,Swiping Down
47472,Sliding Two Fingers Down,Swiping Down
130927,No gesture,Swiping Down
114624,Shaking Hand,Turning Hand Counterclockwise
17505,Thumb Up,Turning Hand Clockwise
132752,Swiping Right,Swiping Left
42849,Zooming Out With Full Hand,Shaking Hand
71836,Swiping Up,Turning Hand Counterclockwise
124553,Doing other things,No gesture
61307,Swiping Down,Doing other things
112304,Sliding Two Fingers Down,Sliding Two Fingers Up
60546,Zooming Out With Two Fingers,Doing other things
135407,Swiping Left,Thumb Up
72395,Thumb Up,Doing other things
58803,Pulling Hand In,Pulling Two Fingers In
73488,Rolling Hand Backward,Swiping Down
19123,Zooming Out With Full Hand,Zooming In With Full Hand
32392,Sliding Two Fingers Down,Swiping Down
78886,Drumming Fingers,Sliding Two Fingers Right
42771,Zooming Out With Full Hand,Pushing Hand Away
77810,Zooming In With Two Fingers,Zooming Out With Two Fingers
10048,Stop Sign,Swiping Down
191,Zooming Out With Full Hand,Zooming In With Full Hand
146650,Turning Hand Counterclockwise,Turning Hand Clockwise
25445,No gesture,Pulling Hand In
2462,Swiping Left,Sliding Two Fingers Right
130615,Pulling Hand In,Pushing Hand Away
135721,Pulling Hand In,Doing other things
47145,Turning Hand Counterclockwise,Drumming Fingers
142166,Swiping Down,Drumming Fingers
35230,Sliding Two Fingers Up,Zooming Out With Full Hand
116783,Doing other things,Swiping Right
144628,Pushing Hand Away,Doing other things
83539,Rolling Hand Forward,Rolling Hand Backward
51585,Pushing Two Fingers Away,Pulling Two Fingers In
129135,Stop Sign,Pushing Hand Away
95381,Stop Sign,Pushing Hand Away
87169,Sliding Two Fingers Up,Doing other things
128559,Swiping Down,Thumb Down
32354,Swiping Right,No gesture
97684,Turning Hand Clockwise,Zooming Out With Full Hand
115533,Sliding Two Fingers Right,Rolling Hand Backward
32821,Sliding Two Fingers Left,Swiping Right
99793,Pulling Hand In,Swiping Up
58223,Doing other things,Drumming Fingers
134954,Swiping Right,Swiping Left
67880,Rolling Hand Forward,Rolling Hand Backward
38534,Doing other things,Swiping Left
140060,Zooming In With Full Hand,Zooming Out With Full Hand
62195,Stop Sign,Swiping Down
56305,Zooming In With Full Hand,Shaking Hand
122832,Rolling Hand Forward,Rolling Hand Backward
450,Rolling Hand Forward,Rolling Hand Backward
127639,Zooming Out With Two Fingers,Doing other things
47027,Pulling Hand In,Turning Hand Counterclockwise
58229,Sliding Two Fingers Right,Sliding Two Fingers Left
46747,Swiping Left,Turning Hand Clockwise
145785,Sliding Two Fingers Down,Doing other things
146439,Zooming Out With Two Fingers,Zooming In With Two Fingers
127170,Rolling Hand Backward,Rolling Hand Forward
26162,Sliding Two Fingers Down,Swiping Down
87087,Doing other things,Zooming In With Full Hand
109623,Pulling Two Fingers In,Doing other things
25301,Zooming Out With Two Fingers,Swiping Right
98428,Drumming Fingers,Shaking Hand
40554,Zooming Out With Two Fingers,Sliding Two Fingers Right
90725,Zooming In With Two Fingers,Zooming In With Full Hand
124279,No gesture,Shaking Hand
97406,Doing other things,Rolling Hand Backward
43541,Swiping Right,Sliding Two Fingers Left
143189,Zooming Out With Full Hand,Zooming In With Full Hand
109249,No gesture,Swiping Down
38136,Pulling Hand In,Pulling Two Fingers In
103317,Sliding Two Fingers Left,Swiping Left
37850,Swiping Up,Swiping Down
76585,Shaking Hand,Zooming In With Full Hand
130187,Zooming Out With Full Hand,Zooming In With Full Hand
93145,Sliding Two Fingers Left,Swiping Left
94103,No gesture,Swiping Right
61260,Rolling Hand Backward,Zooming Out With Full Hand
120695,Pulling Two Fingers In,Doing other things
6171,Doing other things,Rolling Hand Forward
25607,Turning Hand Clockwise,Turning Hand Counterclockwise
110915,Swiping Down,No gesture
32777,Rolling Hand Backward,Rolling Hand Forward
23262,Sliding Two Fingers Up,Sliding Two Fingers Down
32305,Rolling Hand Backward,Rolling Hand Forward
125043,Sliding Two Fingers Right,Turning Hand Counterclockwise
50512,No gesture,Doing other things
138364,Sliding Two Fingers Up,Pushing Two Fingers Away
52298,Zooming In With Two Fingers,Doing other things
132035,Pulling Two Fingers In,Pulling Hand In
85390,Zooming Out With Two Fingers,Sliding Two Fingers Up
10575,Zooming Out With Full Hand,Swiping Down
121194,Turning Hand Clockwise,Turning Hand Counterclockwise
52108,Stop Sign,Pushing Hand Away
43905,Pulling Hand In,No gesture
40379,Zooming Out With Full Hand,Zooming In With Full Hand
62933,Pulling Hand In,Sliding Two Fingers Down
134757,Turning Hand Counterclockwise,Shaking Hand
53957,Sliding Two Fingers Right,Sliding Two Fingers Left
124333,Pulling Hand In,Pulling Two Fingers In
115435,Sliding Two Fingers Up,Thumb Down
112133,Sliding Two Fingers Left,Swiping Right
62376,Swiping Down,No gesture
101991,Rolling Hand Backward,Rolling Hand Forward
24227,Stop Sign,Pushing Hand Away
38359,Drumming Fingers,Rolling Hand Forward
67822,Sliding Two Fingers Down,Swiping Down
122586,Turning Hand Clockwise,Turning Hand Counterclockwise
101584,Sliding Two Fingers Left,Swiping Right
72537,Doing other things,No gesture
59987,Rolling Hand Backward,Rolling Hand Forward
106274,Zooming In With Two Fingers,Turning Hand Counterclockwise
141358,Stop Sign,Zooming Out With Full Hand
136829,Swiping Left,Zooming Out With Full Hand
66625,Shaking Hand,No gesture
19080,Pulling Hand In,Stop Sign
16539,Zooming In With Full Hand,Shaking Hand
78238,Swiping Right,No gesture
23305,Pushing Hand Away,Stop Sign
33594,Turning Hand Counterclockwise,Shaking Hand
90836,Pushing Two Fingers Away,Pushing Hand Away
125269,Sliding Two Fingers Left,Swiping Left
19019,Sliding Two Fingers Up,Zooming Out With Two Fingers
43602,Turning Hand Clockwise,Turning Hand Counterclockwise
67061,Sliding Two Fingers Left,Sliding Two Fingers Right
148033,Pulling Hand In,Pulling Two Fingers In
90825,Stop Sign,Pushing Hand Away
143910,Thumb Down,Doing other things
106940,Sliding Two Fingers Up,Sliding Two Fingers Down
6054,Rolling Hand Backward,Rolling Hand Forward
109415,Turning Hand Counterclockwise,Turning Hand Clockwise
35103,Rolling Hand Forward,Doing other things
114351,Rolling Hand Backward,No gesture
100021,Sliding Two Fingers Up,Sliding Two Fingers Down
15627,Doing other things,Zooming Out With Two Fingers
102731,Sliding Two Fingers Up,Drumming Fingers
114532,Pulling Two Fingers In,Thumb Up
85230,Swiping Right,Rolling Hand Backward
37363,Swiping Right,Doing other things
146667,Pulling Hand In,Thumb Up
72579,Pulling Two Fingers In,Thumb Up
146541,Zooming In With Full Hand,Turning Hand Clockwise
84755,Zooming Out With Two Fingers,Zooming In With Two Fingers
18209,Pulling Two Fingers In,Doing other things
17924,No gesture,Swiping Up
87963,Doing other things,Thumb Up
81931,No gesture,Sliding Two Fingers Right
120051,Sliding Two Fingers Up,Zooming Out With Two Fingers
53511,Pulling Two Fingers In,Pulling Hand In
138595,Pulling Hand In,Swiping Up
51923,Swiping Left,Doing other things
71280,Swiping Right,Shaking Hand
116374,Zooming In With Two Fingers,Zooming Out With Two Fingers
16142,Swiping Right,Swiping Left
31103,Rolling Hand Backward,Rolling Hand Forward
24094,Zooming Out With Full Hand,Doing other things
101313,Pulling Hand In,Drumming Fingers
38644,Swiping Left,Swiping Right
143842,Sliding Two Fingers Down,No gesture
147874,Sliding Two Fingers Down,Drumming Fingers
73095,Rolling Hand Forward,Rolling Hand Backward
10767,Doing other things,Pulling Two Fingers In
135885,Swiping Up,Turning Hand Counterclockwise
119479,Sliding Two Fingers Up,Pushing Two Fingers Away
125545,Shaking Hand,Turning Hand Counterclockwise
103279,Turning Hand Clockwise,Shaking Hand
116920,No gesture,Doing other things
56643,Sliding Two Fingers Right,Sliding Two Fingers Left
16742,Pushing Hand Away,Zooming In With Full Hand
1231,Swiping Right,Swiping Left
63369,Sliding Two Fingers Down,Drumming Fingers
116645,Turning Hand Clockwise,Shaking Hand
117181,Zooming In With Two Fingers,Zooming Out With Two Fingers
35559,No gesture,Doing other things
64139,Sliding Two Fingers Right,Swiping Left
61725,Rolling Hand Forward,Rolling Hand Backward
140727,Sliding Two Fingers Up,Swiping Down
103244,Turning Hand Clockwise,Sliding Two Fingers Right
83463,Rolling Hand Forward,No gesture
27964,Rolling Hand Forward,Swiping Down
5711,Zooming Out With Full Hand,Shaking Hand
8100,Pulling Hand In,No gesture
140185,Swiping Right,Rolling Hand Forward
60557,Swiping Up,Swiping Right
109559,Sliding Two Fingers Right,Rolling Hand Backward
68024,Swiping Right,No gesture
32317,Zooming Out With Two Fingers,Zooming Out With Full Hand
139177,Sliding Two Fingers Left,Sliding Two Fingers Right
119163,Swiping Left,No gesture
60918,Swiping Right,No gesture
70870,Turning Hand Clockwise,Turning Hand Counterclockwise
108881,Turning Hand Counterclockwise,Thumb Up
135589,Sliding Two Fingers Up,Sliding Two Fingers Down
147818,Turning Hand Counterclockwise,Turning Hand Clockwise
60476,Doing other things,Swiping Right
129787,Sliding Two Fingers Up,Swiping Down
100075,Swiping Right,No gesture
98320,Thumb Up,Doing other things
69977,Doing other things,Thumb Up
58613,Pulling Two Fingers In,Pushing Hand Away
63554,Swiping Up,No gesture
328,Zooming Out With Two Fingers,Doing other things
130304,Sliding Two Fingers Up,Pushing Two Fingers Away
125898,Pulling Hand In,No gesture
26637,Sliding Two Fingers Left,Sliding Two Fingers Right
42810,Pushing Hand Away,Stop Sign
53349,Rolling Hand Forward,Rolling Hand Backward
136207,Zooming Out With Full Hand,Pulling Hand In
94280,Rolling Hand Forward,No gesture
138289,Sliding Two Fingers Right,Rolling Hand Backward
118943,Zooming Out With Full Hand,Turning Hand Clockwise
105459,Doing other things,Pushing Two Fingers Away
52315,Pushing Two Fingers Away,Turning Hand Clockwise
53987,Swiping Down,Drumming Fingers
112931,Sliding Two Fingers Right,Swiping Left
90971,Sliding Two Fingers Up,Sliding Two Fingers Down
140993,Zooming Out With Two Fingers,Zooming In With Two Fingers
23617,Swiping Right,Sliding Two Fingers Right
127425,Zooming In With Full Hand,Zooming Out With Full Hand
104884,Zooming In With Two Fingers,Zooming Out With Two Fingers
101808,Pulling Hand In,No gesture
34265,Sliding Two Fingers Up,No gesture
88010,Swiping Down,Stop Sign
119835,Swiping Up,Swiping Down
70616,Sliding Two Fingers Down,Pulling Two Fingers In
117305,Zooming In With Two Fingers,Zooming Out With Two Fingers
43574,Thumb Down,Swiping Down
75396,Turning Hand Clockwise,Turning Hand Counterclockwise
109757,No gesture,Pulling Hand In
76074,Zooming Out With Two Fingers,Zooming In With Two Fingers
74455,Sliding Two Fingers Left,Swiping Right
32102,Zooming In With Two Fingers,Zooming Out With Two Fingers
17635,Sliding Two Fingers Down,Swiping Up
59784,Doing other things,Turning Hand Counterclockwise
20955,Zooming Out With Two Fingers,Doing other things
53186,Sliding Two Fingers Up,Drumming Fingers
82276,Turning Hand Counterclockwise,Pulling Hand In
54982,Zooming In With Full Hand,Zooming Out With Full Hand
57205,Swiping Left,Swiping Right
110036,Turning Hand Clockwise,Turning Hand Counterclockwise
115335,Pulling Two Fingers In,Pulling Hand In
85458,Zooming In With Full Hand,Swiping Down
104443,Zooming In With Two Fingers,Doing other things
56149,Rolling Hand Forward,Rolling Hand Backward
70493,Rolling Hand Forward,Rolling Hand Backward
70195,Thumb Up,Doing other things
5295,Zooming Out With Two Fingers,Sliding Two Fingers Left
91805,Swiping Down,No gesture
108659,Sliding Two Fingers Down,Sliding Two Fingers Up
21657,Pulling Two Fingers In,Thumb Up
8446,Zooming Out With Full Hand,Zooming In With Full Hand
132876,Sliding Two Fingers Up,Zooming In With Two Fingers
37019,Sliding Two Fingers Down,Pushing Two Fingers Away
42194,Doing other things,Thumb Down
55292,Pulling Two Fingers In,Zooming In With Two Fingers
78250,Pushing Hand Away,Shaking Hand
38572,Zooming In With Two Fingers,Zooming Out With Two Fingers
119753,Pushing Hand Away,Stop Sign
33346,No gesture,Thumb Down
3652,Rolling Hand Forward,Rolling Hand Backward
139821,Sliding Two Fingers Left,Sliding Two Fingers Right
139536,Swiping Down,Doing other things
40091,Swiping Down,Rolling Hand Forward
83799,Drumming Fingers,Thumb Up
81109,Swiping Up,Swiping Left
46736,Turning Hand Clockwise,No gesture
33315,Pushing Two Fingers Away,Sliding Two Fingers Down
5072,Pulling Two Fingers In,Doing other things
49074,Zooming In With Full Hand,Thumb Down
123412,Pulling Hand In,Pulling Two Fingers In
37148,Swiping Left,No gesture
19050,Zooming In With Two Fingers,Zooming Out With Two Fingers
114618,Swiping Down,Swiping Left
99489,Sliding Two Fingers Down,Pushing Two Fingers Away
41703,Shaking Hand,No gesture
47298,Zooming In With Two Fingers,Zooming Out With Full Hand
147217,Swiping Right,Swiping Left
86740,No gesture,Doing other things
39659,Pulling Hand In,Thumb Up
15675,Sliding Two Fingers Up,Pushing Two Fingers Away
144480,Rolling Hand Forward,Rolling Hand Backward
34403,Turning Hand Clockwise,Turning Hand Counterclockwise
13116,Zooming Out With Full Hand,Turning Hand Clockwise
141290,Sliding Two Fingers Left,No gesture
70775,Doing other things,No gesture
18405,Zooming Out With Two Fingers,Swiping Up
112758,Swiping Down,No gesture
120329,Zooming In With Full Hand,Turning Hand Counterclockwise
115238,Rolling Hand Backward,Swiping Down
148080,Doing other things,Rolling Hand Backward
85080,Sliding Two Fingers Left,Sliding Two Fingers Right
89837,Rolling Hand Forward,Rolling Hand Backward
53847,Shaking Hand,Zooming Out With Full Hand
77271,Shaking Hand,Pushing Hand Away
138928,Pushing Two Fingers Away,Sliding Two Fingers Down
64436,Swiping Up,Pulling Hand In
119937,Zooming Out With Full Hand,Shaking Hand
28588,Sliding Two Fingers Down,Swiping Down
75824,Sliding Two Fingers Down,Sliding Two Fingers Up
118084,Sliding Two Fingers Down,Pushing Two Fingers Away
92816,Swiping Left,No gesture
99035,No gesture,Doing other things
141727,Pushing Two Fingers Away,Thumb Up
70534,Sliding Two Fingers Down,No gesture
72100,Sliding Two Fingers Left,Turning Hand Clockwise
9035,Thumb Up,Swiping Left
24772,No gesture,Doing other things
126834,Pushing Hand Away,Sliding Two Fingers Up
13822,Pulling Hand In,Zooming Out With Two Fingers
971,Zooming In With Full Hand,Zooming Out With Two Fingers
46223,Sliding Two Fingers Down,Doing other things
8723,Doing other things,Swiping Down
122863,Swiping Right,Doing other things
139431,Stop Sign,Pushing Hand Away
27987,Doing other things,Thumb Up
44039,Zooming In With Full Hand,Turning Hand Counterclockwise
138160,Swiping Right,Pulling Two Fingers In
81924,Sliding Two Fingers Down,Doing other things
74978,Sliding Two Fingers Left,Sliding Two Fingers Right
58300,Sliding Two Fingers Left,Sliding Two Fingers Right
64749,Sliding Two Fingers Right,No gesture
146354,Pulling Hand In,Thumb Up
108012,Shaking Hand,Zooming In With Two Fingers
130622,Shaking Hand,Rolling Hand Backward
25497,Pushing Two Fingers Away,Zooming Out With Two Fingers
92252,Swiping Right,Sliding Two Fingers Right
11679,Swiping Right,No gesture
38622,Sliding Two Fingers Down,Doing other things
379,Rolling Hand Backward,Thumb Down
39888,Swiping Down,Sliding Two Fingers Down
14326,Turning Hand Clockwise,Swiping Right
121938,No gesture,Doing other things
97026,Pulling Hand In,Drumming Fingers
83913,Swiping Down,Turning Hand Clockwise
45320,Sliding Two Fingers Left,Sliding Two Fingers Right
74031,Rolling Hand Backward,Rolling Hand Forward
21989,Turning Hand Counterclockwise,Shaking Hand
111956,Sliding Two Fingers Right,Rolling Hand Forward
137505,Pushing Two Fingers Away,Doing other things
55802,Rolling Hand Forward,Rolling Hand Backward
96372,Swiping Right,Swiping Left
68497,Turning Hand Clockwise,Shaking Hand
28391,Stop Sign,Swiping Down
88286,Doing other things,Zooming Out With Two Fingers
2135,Swiping Left,Sliding Two Fingers Right
61770,Turning Hand Clockwise,Doing other things
31717,Sliding Two Fingers Left,No gesture
113031,Pushing Hand Away,Stop Sign
71071,Zooming In With Full Hand,Turning Hand Clockwise
11028,Sliding Two Fingers Left,Sliding Two Fingers Right
134850,Stop Sign,Pushing Hand Away
62506,Thumb Down,Rolling Hand Forward
88388,Sliding Two Fingers Left,Pulling Two Fingers In
82920,Drumming Fingers,Pulling Hand In
136423,Swiping Right,Zooming In With Full Hand
105234,Zooming Out With Full Hand,Zooming In With Full Hand
33655,Stop Sign,Swiping Down
61501,Swiping Up,Pushing Two Fingers Away
147321,Pushing Hand Away,Shaking Hand
124479,Swiping Down,Drumming Fingers
27816,Sliding Two Fingers Left,Sliding Two Fingers Right
102327,Zooming Out With Two Fingers,Zooming In With Two Fingers
69995,Rolling Hand Forward,Rolling Hand Backward
25290,Pulling Hand In,Turning Hand Clockwise
80909,Thumb Up,Swiping Left
134616,Sliding Two Fingers Down,No gesture
108756,Pulling Hand In,Swiping Up
57189,Doing other things,Pulling Two Fingers In
11616,Zooming In With Full Hand,Doing other things
117081,Swiping Down,Rolling Hand Backward
105354,Sliding Two Fingers Right,No gesture
34802,Pulling Hand In,Thumb Up
136265,Doing other things,Shaking Hand
84256,Pulling Two Fingers In,Pushing Hand Away
85354,Turning Hand Clockwise,Turning Hand Counterclockwise
28758,Turning Hand Clockwise,Turning Hand Counterclockwise
8506,Sliding Two Fingers Left,Thumb Up
5718,Rolling Hand Forward,Rolling Hand Backward
127939,Stop Sign,Pushing Hand Away
15801,Pulling Two Fingers In,Pulling Hand In
67020,Sliding Two Fingers Left,Sliding Two Fingers Right
107066,Rolling Hand Forward,Rolling Hand Backward
20194,Rolling Hand Forward,Rolling Hand Backward
101964,Zooming In With Two Fingers,Sliding Two Fingers Down
93655,Doing other things,No gesture
57139,Turning Hand Counterclockwise,Shaking Hand
68816,Sliding Two Fingers Right,Swiping Right
7804,Swiping Right,No gesture
57156,Pulling Two Fingers In,Shaking Hand
14405,Zooming In With Full Hand,Zooming Out With Full Hand
103185,Swiping Down,Thumb Up
16546,Sliding Two Fingers Up,Drumming Fingers
78861,Sliding Two Fingers Left,Sliding Two Fingers Right
39587,Zooming Out With Full Hand,Pulling Two Fingers In
30465,Swiping Down,No gesture
101047,Pulling Hand In,Swiping Right
116110,Zooming Out With Full Hand,Zooming In With Full Hand
132602,Pulling Two Fingers In,Doing other things
57354,Zooming In With Two Fingers,Zooming Out With Two Fingers
101346,Sliding Two Fingers Left,Sliding Two Fingers Right
129467,Turning Hand Clockwise,Doing other things
24120,Sliding Two Fingers Down,Pulling Two Fingers In
38138,Doing other things,No gesture
30870,Doing other things,Zooming In With Full Hand
31248,Rolling Hand Forward,Swiping Down
145343,Pushing Two Fingers Away,Pushing Hand Away
80049,Swiping Up,Pushing Two Fingers Away
132339,Sliding Two Fingers Left,Pulling Two Fingers In
137437,Sliding Two Fingers Right,Sliding Two Fingers Left
120674,Zooming In With Two Fingers,Zooming Out With Two Fingers
133291,Sliding Two Fingers Up,Pushing Two Fingers Away
72590,Zooming Out With Full Hand,Rolling Hand Forward
57618,Pulling Hand In,No gesture
62526,No gesture,Sliding Two Fingers Down
10664,Zooming In With Full Hand,Zooming Out With Full Hand
101827,Pushing Two Fingers Away,Doing other things
52029,Sliding Two Fingers Up,Sliding Two Fingers Down
41734,Pushing Hand Away,Zooming In With Two Fingers
62129,Swiping Right,Zooming In With Full Hand
41331,Pulling Two Fingers In,Swiping Down
134993,Doing other things,Turning Hand Clockwise
44178,Rolling Hand Backward,Rolling Hand Forward
23466,Pushing Two Fingers Away,Sliding Two Fingers Down
10490,Pulling Hand In,Swiping Up
80636,Swiping Down,No gesture
96954,Sliding Two Fingers Up,Sliding Two Fingers Down
44136,Swiping Up,Pulling Hand In
101142,Sliding Two Fingers Right,Swiping Down
136148,Swiping Right,Swiping Left
60179,Sliding Two Fingers Left,Sliding Two Fingers Right
134782,Swiping Up,Swiping Down
118233,No gesture,Rolling Hand Backward
93326,Zooming In With Full Hand,Zooming In With Two Fingers
100326,Rolling Hand Backward,Rolling Hand Forward
15276,Sliding Two Fingers Right,Swiping Right
77768,Rolling Hand Backward,Rolling Hand Forward
4713,Doing other things,Swiping Up
116822,Swiping Up,Pulling Hand In
60287,Swiping Right,Swiping Left
12842,Swiping Right,Sliding Two Fingers Down
40956,Pushing Hand Away,Stop Sign
81246,Zooming In With Full Hand,Zooming Out With Full Hand
47397,Pushing Two Fingers Away,Zooming In With Two Fingers
52385,Sliding Two Fingers Left,No gesture
48115,Rolling Hand Backward,Rolling Hand Forward
29285,Swiping Right,Pulling Two Fingers In
89799,Swiping Right,Doing other things
142042,Turning Hand Clockwise,Zooming In With Full Hand
126265,Sliding Two Fingers Left,Sliding Two Fingers Right
147073,Sliding Two Fingers Left,Swiping Left
135649,Pushing Hand Away,Zooming Out With Two Fingers
3402,Sliding Two Fingers Right,Thumb Up
34435,Stop Sign,Pushing Hand Away
23485,Swiping Left,No gesture
26924,Sliding Two Fingers Right,Sliding Two Fingers Left
44865,Sliding Two Fingers Right,Sliding Two Fingers Left
112139,Rolling Hand Forward,Rolling Hand Backward
73377,Sliding Two Fingers Left,Thumb Up
145957,Thumb Down,Doing other things
3379,Sliding Two Fingers Right,Sliding Two Fingers Left
80452,Turning Hand Counterclockwise,Turning Hand Clockwise
59662,Sliding Two Fingers Right,No gesture
63880,Sliding Two Fingers Up,Pulling Hand In
47763,Sliding Two Fingers Down,Swiping Right
24700,Rolling Hand Forward,Rolling Hand Backward
83834,Swiping Down,Pushing Hand Away
51006,Sliding Two Fingers Left,Sliding Two Fingers Right
74712,Rolling Hand Forward,Rolling Hand Backward
116882,Zooming Out With Full Hand,Sliding Two Fingers Up
46079,Sliding Two Fingers Left,Pushing Two Fingers Away
96094,Pushing Two Fingers Away,Sliding Two Fingers Down
87501,Thumb Down,Swiping Right
40418,Zooming Out With Full Hand,Zooming In With Full Hand
32700,Zooming In With Two Fingers,Zooming Out With Full Hand
34053,Sliding Two Fingers Down,Rolling Hand Backward
129785,Zooming Out With Full Hand,Zooming In With Full Hand
118930,Swiping Up,Swiping Down
15618,Sliding Two Fingers Right,Doing other things
80310,Swiping Down,Swiping Left
72503,Doing other things,Thumb Down
89726,No gesture,Doing other things
36746,Sliding Two Fingers Up,Doing other things
55064,Swiping Left,Sliding Two Fingers Left
43498,No gesture,Doing other things
3901,Rolling Hand Backward,Rolling Hand Forward
37665,Shaking Hand,Zooming Out With Two Fingers
19878,Sliding Two Fingers Left,Swiping Left
112370,No gesture,Swiping Down
122384,Swiping Left,Swiping Right
10796,Swiping Up,Sliding Two Fingers Down
129019,Sliding Two Fingers Left,Sliding Two Fingers Right
31874,Stop Sign,Pushing Hand Away
128625,Zooming In With Full Hand,Shaking Hand
53325,Pulling Hand In,Swiping Right
1027,Zooming Out With Full Hand,Doing other things
137475,Swiping Right,No gesture
97651,No gesture,Doing other things
139419,Swiping Up,Pushing Two Fingers Away
54689,Pulling Hand In,No gesture
90978,Zooming Out With Two Fingers,Doing other things
121037,Zooming In With Two Fingers,Zooming Out With Two Fingers
141422,Zooming Out With Two Fingers,Zooming In With Two Fingers
15986,Swiping Up,Swiping Down
16616,Sliding Two Fingers Left,Swiping Right
101382,Swiping Up,Sliding Two Fingers Left
141195,Pulling Two Fingers In,Doing other things
101803,Rolling Hand Forward,Rolling Hand Backward
10607,Drumming Fingers,Sliding Two Fingers Down
40538,Sliding Two Fingers Right,Swiping Left
18559,Zooming Out With Two Fingers,Doing other things
69881,Sliding Two Fingers Right,Sliding Two Fingers Left
69811,Rolling Hand Forward,Rolling Hand Backward
12956,Zooming Out With Two Fingers,Zooming Out With Full Hand
51311,Rolling Hand Backward,Thumb Up
3403,Swiping Left,Pushing Two Fingers Away
101404,Swiping Up,Doing other things
4402,Zooming Out With Full Hand,Zooming In With Full Hand
53461,Zooming Out With Full Hand,Zooming In With Full Hand
83825,Turning Hand Counterclockwise,Turning Hand Clockwise
24104,Thumb Up,No gesture
129756,Swiping Up,Doing other things
65749,Sliding Two Fingers Down,Swiping Down
95228,Swiping Right,Swiping Left
130845,Zooming Out With Full Hand,Zooming In With Full Hand
86959,No gesture,Sliding Two Fingers Down
95930,Doing other things,Swiping Down
45484,Pulling Two Fingers In,Pushing Two Fingers Away
30855,Sliding Two Fingers Down,Sliding Two Fingers Up
107649,Rolling Hand Forward,Rolling Hand Backward
112677,Zooming In With Two Fingers,Zooming Out With Two Fingers
19593,Drumming Fingers,Shaking Hand
129563,Sliding Two Fingers Down,Swiping Up
128206,Swiping Down,Swiping Right
79010,Sliding Two Fingers Left,No gesture
55412,Sliding Two Fingers Up,Drumming Fingers
113634,Sliding Two Fingers Left,No gesture
146399,Turning Hand Counterclockwise,Turning Hand Clockwise
10857,Swiping Left,Swiping Right
14392,Turning Hand Clockwise,Turning Hand Counterclockwise
146672,Swiping Right,Rolling Hand Forward
88116,Turning Hand Counterclockwise,Turning Hand Clockwise
37012,Rolling Hand Backward,Rolling Hand Forward
73300,Shaking Hand,Doing other things
16073,Pushing Two Fingers Away,Swiping Up
95101,Rolling Hand Forward,Rolling Hand Backward
13055,Shaking Hand,Swiping Right
29922,Sliding Two Fingers Right,Swiping Right
9156,Doing other things,Swiping Down
2846,Sliding Two Fingers Right,Rolling Hand Forward
94121,Sliding Two Fingers Down,Swiping Left
8664,Sliding Two Fingers Down,Swiping Right
27872,Turning Hand Counterclockwise,Turning Hand Clockwise
97029,Turning Hand Clockwise,Shaking Hand
5276,Zooming Out With Full Hand,Swiping Down
148032,Doing other things,Pulling Two Fingers In
81407,Zooming Out With Two Fingers,Zooming In With Two Fingers
120870,Rolling Hand Forward,Rolling Hand Backward
122375,Rolling Hand Backward,Rolling Hand Forward
112768,Sliding Two Fingers Up,Pushing Two Fingers Away
52882,Thumb Up,Doing other things
8169,Swiping Left,No gesture
111352,Doing other things,Pulling Two Fingers In
122752,Pulling Two Fingers In,Pulling Hand In
64538,Doing other things,Zooming Out With Full Hand
34413,Thumb Up,Sliding Two Fingers Right
81735,Pushing Hand Away,Stop Sign
147137,Swiping Down,Pulling Two Fingers In
69362,Zooming Out With Full Hand,Zooming In With Full Hand
47222,Swiping Down,No gesture
117939,Sliding Two Fingers Right,Swiping Right
7726,Zooming Out With Full Hand,Zooming Out With Two Fingers
72525,Pulling Hand In,Drumming Fingers
19086,Swiping Left,Swiping Right
68328,Stop Sign,Turning Hand Clockwise
80751,No gesture,Doing other things
32849,Swiping Left,Swiping Right
76703,Swiping Down,Doing other things
85588,Pulling Hand In,Swiping Left
92947,Sliding Two Fingers Right,No gesture
123929,Sliding Two Fingers Left,Sliding Two Fingers Right
53122,Zooming In With Full Hand,Drumming Fingers
122474,Zooming In With Two Fingers,Zooming Out With Two Fingers
40728,Pulling Hand In,Pulling Two Fingers In
15111,Pushing Two Fingers Away,Sliding Two Fingers Up
70551,Pushing Hand Away,Pushing Two Fingers Away
103303,Rolling Hand Forward,Rolling Hand Backward
39399,No gesture,Swiping Down
71672,Rolling Hand Forward,Swiping Down
120951,Pushing Hand Away,Stop Sign
145955,Swiping Down,Rolling Hand Backward
85116,Pulling Hand In,Pulling Two Fingers In
107172,Rolling Hand Forward,Rolling Hand Backward
130882,Shaking Hand,Zooming Out With Two Fingers
139425,No gesture,Pulling Two Fingers In
82758,Turning Hand Clockwise,Turning Hand Counterclockwise
24185,Rolling Hand Backward,Rolling Hand Forward
52208,Zooming Out With Full Hand,Zooming In With Full Hand
30763,Doing other things,Rolling Hand Backward
47878,Doing other things,Pulling Two Fingers In
89882,Pulling Hand In,Rolling Hand Backward
111975,Sliding Two Fingers Down,Sliding Two Fingers Up
88568,Zooming Out With Full Hand,Zooming In With Full Hand
25122,Zooming In With Full Hand,Zooming In With Two Fingers
23077,Zooming In With Full Hand,Drumming Fingers
137544,Shaking Hand,Stop Sign
87115,Stop Sign,Pushing Hand Away
23191,Zooming Out With Two Fingers,Zooming In With Two Fingers
35223,Swiping Left,Sliding Two Fingers Down
64704,Sliding Two Fingers Up,Pulling Two Fingers In
75605,Doing other things,Zooming In With Full Hand
132553,Swiping Down,Pulling Hand In
88248,Pulling Hand In,Shaking Hand
61335,Rolling Hand Backward,Pulling Hand In
65009,Pulling Hand In,Doing other things
117555,Sliding Two Fingers Right,No gesture
109861,Swiping Down,Stop Sign
131441,Shaking Hand,Pulling Hand In
144994,Sliding Two Fingers Right,Sliding Two Fingers Down
83344,Zooming In With Two Fingers,Zooming Out With Two Fingers
7253,Swiping Down,Sliding Two Fingers Up
16274,Zooming Out With Full Hand,Zooming In With Full Hand
14745,Rolling Hand Backward,Rolling Hand Forward
115714,Turning Hand Clockwise,Turning Hand Counterclockwise
77712,Sliding Two Fingers Right,Zooming Out With Two Fingers
21515,Thumb Up,Sliding Two Fingers Right
51207,Doing other things,Rolling Hand Backward
53637,Zooming In With Two Fingers,Zooming Out With Two Fingers
137975,Pulling Two Fingers In,Pushing Two Fingers Away
43841,Swiping Down,Stop Sign
36183,Sliding Two Fingers Right,No gesture
84424,Shaking Hand,Turning Hand Clockwise
91172,Sliding Two Fingers Left,Sliding Two Fingers Right
30866,Sliding Two Fingers Down,Sliding Two Fingers Up
84375,Pushing Two Fingers Away,No gesture
145213,Shaking Hand,Turning Hand Counterclockwise
1348,Rolling Hand Forward,Rolling Hand Backward
121931,Doing other things,Pulling Two Fingers In
50236,Zooming In With Full Hand,Turning Hand Clockwise
105845,No gesture,Sliding Two Fingers Left
23651,Zooming In With Two Fingers,Zooming In With Full Hand
25157,Swiping Left,No gesture
21600,Sliding Two Fingers Right,Doing other things
142220,Swiping Right,Sliding Two Fingers Right
1618,Pushing Hand Away,No gesture
103202,Turning Hand Counterclockwise,Stop Sign
57024,Pushing Hand Away,Stop Sign
14932,Shaking Hand,Pulling Hand In
82970,Doing other things,No gesture
101536,Swiping Right,Shaking Hand
63439,Sliding Two Fingers Down,No gesture
138913,Zooming In With Full Hand,Zooming Out With Full Hand
52992,Sliding Two Fingers Down,Thumb Down
67954,Swiping Down,Doing other things
144686,Doing other things,Swiping Up
26191,Sliding Two Fingers Right,Swiping Left
39805,Thumb Up,Zooming In With Two Fingers
95465,Doing other things,No gesture
20423,Zooming In With Full Hand,Zooming Out With Full Hand
89194,Sliding Two Fingers Up,Pushing Two Fingers Away
82252,Zooming In With Two Fingers,Swiping Up
98258,Zooming In With Full Hand,Shaking Hand
3856,Stop Sign,Pushing Hand Away
89550,Rolling Hand Backward,Rolling Hand Forward
64317,Sliding Two Fingers Up,Pushing Two Fingers Away
28074,No gesture,Doing other things
133312,Pushing Hand Away,Thumb Up
87583,Pulling Two Fingers In,Swiping Right
141813,Turning Hand Clockwise,Turning Hand Counterclockwise
92494,Sliding Two Fingers Left,Sliding Two Fingers Right
48504,Sliding Two Fingers Up,Thumb Down
31911,Doing other things,Rolling Hand Backward
52696,Rolling Hand Backward,Rolling Hand Forward
95745,Zooming Out With Full Hand,Doing other things
131151,Zooming Out With Full Hand,Zooming In With Full Hand
16355,Shaking Hand,Turning Hand Counterclockwise
52080,Rolling Hand Forward,Rolling Hand Backward
131907,No gesture,Zooming In With Two Fingers
260,Sliding Two Fingers Right,No gesture
2110,Zooming In With Two Fingers,Zooming Out With Two Fingers
110781,Sliding Two Fingers Down,Swiping Right
91171,Sliding Two Fingers Down,Sliding Two Fingers Up
132252,Pulling Two Fingers In,No gesture
60661,Sliding Two Fingers Up,Sliding Two Fingers Down
76235,Rolling Hand Forward,Rolling Hand Backward
28059,Sliding Two Fingers Down,Pushing Two Fingers Away
71977,Zooming Out With Two Fingers,Zooming In With Two Fingers
117016,Swiping Up,Swiping Down
99323,Rolling Hand Backward,Rolling Hand Forward
32306,Doing other things,Turning Hand Clockwise
82143,No gesture,Doing other things
119576,Swiping Right,Swiping Left
70640,Turning Hand Counterclockwise,Shaking Hand
83250,Doing other things,Drumming Fingers
80982,Swiping Down,Sliding Two Fingers Right
140199,Doing other things,No gesture
76633,Sliding Two Fingers Left,Sliding Two Fingers Right
145730,Zooming Out With Two Fingers,Doing other things
27951,Pushing Hand Away,Stop Sign
91583,No gesture,Pulling Two Fingers In
11372,Swiping Down,Doing other things
26815,Stop Sign,Pushing Hand Away
56640,Pulling Hand In,Doing other things
90536,Swiping Right,Swiping Left
22391,Pulling Two Fingers In,Pulling Hand In
103594,Pushing Two Fingers Away,Sliding Two Fingers Down
144747,Swiping Right,Pulling Two Fingers In
33097,Sliding Two Fingers Up,Sliding Two Fingers Down
7903,Zooming Out With Two Fingers,Zooming In With Two Fingers
45789,Swiping Right,Doing other things
86317,Pulling Hand In,Swiping Up
59362,Doing other things,Swiping Left
77388,Swiping Up,Shaking Hand
7817,Sliding Two Fingers Down,Sliding Two Fingers Up
104582,Turning Hand Clockwise,Turning Hand Counterclockwise
56241,Swiping Down,No gesture
23828,Zooming In With Two Fingers,Pushing Two Fingers Away
12399,Zooming Out With Full Hand,Zooming In With Full Hand
89947,Rolling Hand Forward,Rolling Hand Backward
141564,Swiping Right,No gesture
92079,Swiping Left,No gesture
11987,Swiping Right,Swiping Left
104907,Rolling Hand Backward,Rolling Hand Forward
60329,Turning Hand Clockwise,Turning Hand Counterclockwise
139565,Stop Sign,Pushing Hand Away
147381,Pulling Hand In,Turning Hand Clockwise
101532,Zooming Out With Two Fingers,Zooming In With Two Fingers
3000,Sliding Two Fingers Left,No gesture
21001,Sliding Two Fingers Up,Sliding Two Fingers Down
71689,Swiping Right,Pushing Two Fingers Away
40102,Shaking Hand,Swiping Left
75287,Rolling Hand Forward,Rolling Hand Backward
129904,Swiping Right,Sliding Two Fingers Right
99645,Pulling Two Fingers In,No gesture
25941,Pushing Hand Away,Stop Sign
26418,Sliding Two Fingers Up,Sliding Two Fingers Down
108454,Sliding Two Fingers Up,Doing other things
3883,Zooming Out With Two Fingers,Zooming In With Two Fingers
71040,Zooming Out With Full Hand,Zooming In With Full Hand
126679,No gesture,Thumb Up
126490,Doing other things,No gesture
72943,Zooming In With Full Hand,Zooming Out With Full Hand
115241,Sliding Two Fingers Up,Sliding Two Fingers Down
4744,Zooming In With Full Hand,Zooming Out With Full Hand
131954,Swiping Right,Sliding Two Fingers Right
106945,Pushing Hand Away,Shaking Hand
48080,Zooming In With Two Fingers,Drumming Fingers
78142,Rolling Hand Forward,Rolling Hand Backward
2411,Drumming Fingers,Swiping Down
57251,Stop Sign,Pushing Hand Away
105409,Swiping Up,Doing other things
97758,Swiping Up,Doing other things
48980,Zooming In With Two Fingers,Shaking Hand
10354,Pulling Hand In,Pulling Two Fingers In
27271,Swiping Left,Sliding Two Fingers Left
142122,Shaking Hand,Swiping Left
3616,Doing other things,No gesture
16279,Stop Sign,Zooming Out With Two Fingers
109307,No gesture,Sliding Two Fingers Right
134149,Sliding Two Fingers Right,No gesture
129610,Thumb Down,Zooming In With Full Hand
89258,Sliding Two Fingers Up,Swiping Down
62093,Rolling Hand Forward,Swiping Right
87977,Swiping Up,Swiping Down
108637,Turning Hand Clockwise,Shaking Hand
134109,Sliding Two Fingers Up,Sliding Two Fingers Down
79141,Stop Sign,Pushing Hand Away
47320,Rolling Hand Backward,Rolling Hand Forward
121635,Pulling Two Fingers In,Zooming In With Two Fingers
66218,Sliding Two Fingers Down,Pulling Two Fingers In
26635,Doing other things,Shaking Hand
23419,Zooming In With Two Fingers,Thumb Down
14975,Swiping Right,No gesture
118179,Pushing Two Fingers Away,Sliding Two Fingers Right
124756,Sliding Two Fingers Down,Doing other things
129678,Zooming Out With Full Hand,No gesture
126421,Turning Hand Counterclockwise,Doing other things
19793,Zooming Out With Full Hand,Stop Sign
8474,Turning Hand Counterclockwise,Shaking Hand
13827,Zooming In With Full Hand,Zooming Out With Full Hand
55925,Swiping Down,Zooming In With Full Hand
25780,Sliding Two Fingers Down,Sliding Two Fingers Up
114936,Pulling Hand In,Pulling Two Fingers In
131960,Zooming In With Two Fingers,Zooming Out With Two Fingers
67072,Shaking Hand,Doing other things
45576,Doing other things,Sliding Two Fingers Up
120710,No gesture,Swiping Right
11897,Sliding Two Fingers Down,Swiping Down
1462,Pushing Hand Away,Stop Sign
79167,Sliding Two Fingers Down,Sliding Two Fingers Up
130137,Sliding Two Fingers Down,Swiping Left
110532,Pulling Two Fingers In,Swiping Left
37239,Swiping Left,Swiping Right
88707,Swiping Right,No gesture
22557,Swiping Down,No gesture
135228,Sliding Two Fingers Left,Sliding Two Fingers Right
44822,Sliding Two Fingers Down,Doing other things
97284,Sliding Two Fingers Down,Swiping Down
54380,Zooming In With Full Hand,Zooming Out With Full Hand
145857,Rolling Hand Forward,Rolling Hand Backward
2412,Swiping Up,Pulling Hand In
67692,Swiping Up,Swiping Down
54823,Sliding Two Fingers Down,Sliding Two Fingers Up
51424,Sliding Two Fingers Left,Swiping Right
44574,No gesture,Zooming In With Full Hand
95937,Pulling Hand In,Swiping Up
96165,Zooming Out With Two Fingers,Pushing Two Fingers Away
115880,Swiping Down,Pulling Hand In
129627,Turning Hand Clockwise,Turning Hand Counterclockwise
100930,Sliding Two Fingers Left,Swiping Down
65888,Swiping Down,Doing other things
122309,Zooming Out With Full Hand,Pulling Hand In
26406,Pulling Hand In,Pulling Two Fingers In
79709,Swiping Left,Turning Hand Counterclockwise
81039,Sliding Two Fingers Up,Sliding Two Fingers Down
8383,Doing other things,Swiping Down
48807,Sliding Two Fingers Left,Doing other things
101037,Zooming In With Full Hand,Turning Hand Clockwise
20659,Swiping Up,Drumming Fingers
30021,Rolling Hand Backward,Rolling Hand Forward
40992,Shaking Hand,Swiping Down
129438,No gesture,Doing other things
13536,Zooming In With Two Fingers,Zooming Out With Two Fingers
95855,Rolling Hand Forward,Rolling Hand Backward
2580,Sliding Two Fingers Up,Sliding Two Fingers Down
117244,Pulling Hand In,Shaking Hand
59420,Sliding Two Fingers Right,Sliding Two Fingers Left
78870,Rolling Hand Forward,Thumb Up
109282,Swiping Down,No gesture
65679,Swiping Up,Pulling Hand In
73029,Sliding Two Fingers Right,Thumb Up
36394,Pulling Hand In,Swiping Up
20036,No gesture,Sliding Two Fingers Right
34531,Pulling Two Fingers In,Pushing Two Fingers Away
36596,Thumb Down,Drumming Fingers
66098,Swiping Left,Turning Hand Counterclockwise
48069,Doing other things,Thumb Down
68691,Sliding Two Fingers Up,Sliding Two Fingers Right
144016,Pulling Two Fingers In,No gesture
106620,Stop Sign,Pushing Hand Away
112401,Turning Hand Clockwise,Turning Hand Counterclockwise
140289,Swiping Down,Pulling Hand In
76374,Zooming In With Two Fingers,Drumming Fingers
59424,No gesture,Doing other things
54444,Sliding Two Fingers Up,Doing other things
143216,Rolling Hand Backward,Rolling Hand Forward
74925,Shaking Hand,Swiping Right
8711,Rolling Hand Forward,Rolling Hand Backward
122602,Swiping Up,Pulling Two Fingers In
20430,Pushing Two Fingers Away,Thumb Up
141907,Swiping Right,Doing other things
121903,Rolling Hand Backward,Rolling Hand Forward
42228,Zooming Out With Full Hand,Sliding Two Fingers Down
97973,Pulling Hand In,Sliding Two Fingers Right
96189,Sliding Two Fingers Down,No gesture
34208,Swiping Left,Swiping Down
122960,Sliding Two Fingers Up,Zooming In With Full Hand
116862,Swiping Down,Sliding Two Fingers Up
61197,Pulling Two Fingers In,Shaking Hand
62757,Pulling Hand In,Sliding Two Fingers Right
59059,Sliding Two Fingers Up,Sliding Two Fingers Down
25719,Sliding Two Fingers Up,Pushing Two Fingers Away
20086,No gesture,Doing other things
43,Stop Sign,Doing other things
3453,Zooming Out With Full Hand,Shaking Hand
134193,Rolling Hand Forward,Doing other things
32803,Swiping Right,Doing other things
113140,Thumb Down,Zooming Out With Two Fingers
85888,Swiping Left,Swiping Right
66368,Swiping Right,No gesture
100220,Thumb Up,Doing other things
145940,Stop Sign,Pushing Hand Away
132863,Swiping Right,Sliding Two Fingers Left
32117,Zooming In With Two Fingers,Zooming Out With Two Fingers
60301,Sliding Two Fingers Up,Sliding Two Fingers Down
91827,Sliding Two Fingers Down,Sliding Two Fingers Up
21036,Rolling Hand Backward,Swiping Down
73333,Sliding Two Fingers Down,No gesture
95052,Drumming Fingers,Swiping Down
16395,Rolling Hand Forward,Rolling Hand Backward
117296,Swiping Left,Swiping Right
110952,Drumming Fingers,Rolling Hand Backward
139743,No gesture,Sliding Two Fingers Right
126008,Zooming Out With Two Fingers,Zooming In With Two Fingers
131324,Sliding Two Fingers Down,Zooming Out With Two Fingers
85931,Swiping Left,Doing other things
65152,Pushing Hand Away,Pulling Hand In
120765,Pushing Two Fingers Away,Thumb Up
88096,Sliding Two Fingers Down,Swiping Right
131745,No gesture,Sliding Two Fingers Right
71225,Turning Hand Clockwise,Turning Hand Counterclockwise
49076,Zooming In With Two Fingers,Zooming Out With Two Fingers
54748,Sliding Two Fingers Right,Swiping Up
52940,Swiping Left,Pulling Hand In
27003,Pushing Two Fingers Away,No gesture
126665,Sliding Two Fingers Down,Swiping Down
118461,Zooming In With Full Hand,Zooming Out With Full Hand
140240,Sliding Two Fingers Up,Sliding Two Fingers Down
40723,Zooming Out With Two Fingers,Pushing Two Fingers Away
128120,Zooming In With Two Fingers,Rolling Hand Forward
45189,Zooming In With Two Fingers,Zooming Out With Two Fingers
139810,Turning Hand Clockwise,Turning Hand Counterclockwise
90321,Zooming In With Two Fingers,Zooming In With Full Hand
34826,Turning Hand Clockwise,Shaking Hand
39740,Sliding Two Fingers Up,Pulling Hand In
64126,Swiping Left,Sliding Two Fingers Right
37427,Swiping Right,No gesture
84738,Sliding Two Fingers Left,Swiping Left
126729,Swiping Up,Pulling Hand In
30827,Sliding Two Fingers Down,No gesture
59351,Sliding Two Fingers Up,Shaking Hand
7195,Turning Hand Clockwise,Turning Hand Counterclockwise
106670,Zooming In With Full Hand,Zooming Out With Full Hand
86818,Swiping Left,Doing other things
25024,Turning Hand Clockwise,Swiping Right
107837,Doing other things,Pushing Hand Away
72163,Rolling Hand Forward,Rolling Hand Backward
66777,Doing other things,Swiping Right
54229,Zooming Out With Full Hand,Shaking Hand
79772,Swiping Right,Sliding Two Fingers Right
117075,Swiping Right,Swiping Left
123424,Zooming Out With Full Hand,Zooming In With Full Hand
15599,Turning Hand Counterclockwise,Turning Hand Clockwise
62683,Pushing Two Fingers Away,Pulling Two Fingers In
145064,Swiping Right,No gesture
93874,Sliding Two Fingers Right,Sliding Two Fingers Left
11216,Zooming Out With Two Fingers,Drumming Fingers
125741,Swiping Up,Swiping Left
13948,Zooming Out With Full Hand,Doing other things
60502,Doing other things,Swiping Up
86480,Pushing Hand Away,Doing other things
106615,Swiping Right,Sliding Two Fingers Right
59318,Pulling Hand In,Pulling Two Fingers In
130663,Pulling Hand In,Pulling Two Fingers In
67467,Turning Hand Clockwise,Turning Hand Counterclockwise
53633,Sliding Two Fingers Right,No gesture
55095,Swiping Right,Sliding Two Fingers Up
87167,Rolling Hand Backward,Rolling Hand Forward
52549,No gesture,Doing other things
142578,Zooming Out With Full Hand,Shaking Hand
35520,Swiping Left,Shaking Hand
50251,Turning Hand Clockwise,Shaking Hand
137503,Doing other things,Shaking Hand
140206,Shaking Hand,Zooming Out With Full Hand
36446,Turning Hand Clockwise,Turning Hand Counterclockwise
42862,Rolling Hand Forward,No gesture
85678,Zooming Out With Two Fingers,Zooming In With Two Fingers
110905,Turning Hand Clockwise,Turning Hand Counterclockwise
32055,Thumb Down,Doing other things
75139,Turning Hand Counterclockwise,Doing other things
6637,Pushing Two Fingers Away,Doing other things
26566,No gesture,Doing other things
100214,Doing other things,Swiping Up
73112,Zooming Out With Full Hand,Zooming In With Full Hand
40540,Sliding Two Fingers Right,Zooming In With Full Hand
74838,Rolling Hand Forward,Rolling Hand Backward
41710,Zooming In With Two Fingers,Rolling Hand Backward
82567,Swiping Down,Swiping Left
57550,Stop Sign,Swiping Down
75594,Rolling Hand Forward,Doing other things
134781,Sliding Two Fingers Down,Doing other things
9089,Swiping Down,Rolling Hand Backward
113508,Pushing Two Fingers Away,Sliding Two Fingers Left
89808,Pulling Hand In,Swiping Up
121469,Turning Hand Clockwise,Turning Hand Counterclockwise
76518,Swiping Right,Zooming In With Full Hand
54455,Pulling Two Fingers In,No gesture
195,Zooming Out With Two Fingers,Zooming In With Two Fingers
4525,Drumming Fingers,Turning Hand Counterclockwise
44135,Pulling Hand In,No gesture
114950,Turning Hand Clockwise,Shaking Hand
44132,Rolling Hand Forward,Swiping Down
61031,Rolling Hand Forward,Doing other things
63097,Pulling Two Fingers In,Doing other things
59985,Sliding Two Fingers Left,Swiping Down
7721,Swiping Left,No gesture
5958,Zooming Out With Full Hand,Doing other things
68327,Swiping Down,No gesture
119866,Turning Hand Clockwise,Turning Hand Counterclockwise
5010,Rolling Hand Forward,Rolling Hand Backward
39904,Doing other things,Zooming In With Full Hand
85794,Zooming In With Two Fingers,Zooming Out With Two Fingers
128356,Swiping Down,Drumming Fingers
13331,Zooming In With Two Fingers,Zooming Out With Two Fingers
112299,Swiping Up,Swiping Down
143535,Swiping Left,Drumming Fingers
102354,Sliding Two Fingers Up,Swiping Down
112120,Zooming In With Full Hand,Zooming Out With Full Hand
61482,Zooming Out With Two Fingers,Zooming In With Two Fingers
38097,Sliding Two Fingers Left,No gesture
124799,Swiping Up,Pulling Hand In
69853,Thumb Up,Doing other things
80705,Sliding Two Fingers Down,No gesture
10060,Turning Hand Clockwise,Turning Hand Counterclockwise
121511,Pushing Two Fingers Away,No gesture
135240,Sliding Two Fingers Right,No gesture
91062,No gesture,Swiping Right
72433,Pulling Two Fingers In,Swiping Up
138968,Sliding Two Fingers Down,Doing other things
66423,Zooming Out With Two Fingers,Zooming In With Two Fingers
133128,Zooming Out With Full Hand,Zooming In With Full Hand
113463,Doing other things,Thumb Down
83138,Sliding Two Fingers Down,Doing other things
121385,Swiping Left,Sliding Two Fingers Down
49098,Swiping Right,No gesture
86086,Swiping Left,Sliding Two Fingers Right
32635,Pulling Two Fingers In,Pushing Two Fingers Away
97344,No gesture,Swiping Right
10952,Pushing Two Fingers Away,Doing other things
90827,Turning Hand Counterclockwise,Turning Hand Clockwise
136540,Swiping Right,Zooming In With Full Hand
41893,Swiping Down,Doing other things
115427,No gesture,Thumb Up
75352,Swiping Right,Swiping Left
22964,Pushing Two Fingers Away,Thumb Down
33640,Swiping Right,Swiping Left
5568,Swiping Up,Turning Hand Clockwise
124742,Rolling Hand Backward,Rolling Hand Forward
24320,Drumming Fingers,Pushing Two Fingers Away
52279,Doing other things,Zooming Out With Two Fingers
90900,Sliding Two Fingers Down,Pushing Two Fingers Away
141848,Swiping Right,Rolling Hand Backward
27809,Pulling Hand In,Pulling Two Fingers In
87155,Swiping Right,Pulling Two Fingers In
69816,Zooming In With Full Hand,Pushing Hand Away
88828,Swiping Left,Thumb Up
64894,Swiping Right,Sliding Two Fingers Right
81869,Swiping Left,Sliding Two Fingers Right
50083,No gesture,Pulling Two Fingers In
124519,Rolling Hand Forward,Pulling Two Fingers In
133433,Doing other things,Thumb Down
49940,Rolling Hand Forward,Rolling Hand Backward
111288,Shaking Hand,Pushing Hand Away
84239,Sliding Two Fingers Right,Swiping Left
20713,Swiping Down,Thumb Down
6561,Swiping Up,Sliding Two Fingers Left
83780,Pushing Two Fingers Away,Sliding Two Fingers Up
54532,Swiping Down,Rolling Hand Forward
100145,Turning Hand Clockwise,Zooming In With Full Hand
57539,Stop Sign,Pushing Hand Away
50576,Swiping Right,Pulling Two Fingers In
38817,Sliding Two Fingers Left,Sliding Two Fingers Right
69357,Zooming In With Two Fingers,Zooming Out With Two Fingers
57752,Zooming In With Full Hand,Zooming Out With Full Hand
118092,Pulling Two Fingers In,Doing other things
92841,Zooming In With Full Hand,Turning Hand Counterclockwise
121651,Zooming In With Two Fingers,Zooming Out With Two Fingers
80603,Swiping Left,Sliding Two Fingers Left
134936,Zooming Out With Full Hand,Zooming In With Full Hand
105000,Sliding Two Fingers Down,Pushing Two Fingers Away
60949,Sliding Two Fingers Down,Doing other things
65725,Doing other things,Drumming Fingers
68246,Doing other things,Pushing Hand Away
39746,Pushing Two Fingers Away,Pulling Hand In
46667,Shaking Hand,Drumming Fingers
136614,Drumming Fingers,Zooming Out With Two Fingers
119029,No gesture,Sliding Two Fingers Down
37479,Pulling Hand In,Swiping Right
46035,Shaking Hand,Swiping Right
2173,Swiping Up,Sliding Two Fingers Up
4672,Pulling Hand In,Swiping Up
18127,Rolling Hand Forward,Rolling Hand Backward
31976,Thumb Up,Doing other things
90317,Stop Sign,Pushing Hand Away
106567,Swiping Left,Swiping Right
74578,Pulling Two Fingers In,Pulling Hand In
125888,Zooming In With Two Fingers,Zooming Out With Two Fingers
144765,Turning Hand Counterclockwise,Shaking Hand
39612,Pushing Two Fingers Away,Sliding Two Fingers Up
54968,Rolling Hand Forward,Rolling Hand Backward
128511,Sliding Two Fingers Right,Turning Hand Counterclockwise
32040,Pulling Hand In,No gesture
108774,Zooming In With Two Fingers,Zooming Out With Full Hand
74201,Pushing Two Fingers Away,Sliding Two Fingers Down
100255,Pushing Two Fingers Away,Doing other things
56363,Thumb Up,Zooming Out With Two Fingers
98829,Turning Hand Clockwise,Shaking Hand
96475,Thumb Down,Swiping Left
87666,Rolling Hand Forward,Rolling Hand Backward
68746,No gesture,Doing other things
44422,Shaking Hand,Doing other things
103428,Zooming In With Full Hand,Swiping Down
85991,Doing other things,No gesture
128536,Pulling Two Fingers In,Doing other things
93048,Sliding Two Fingers Left,Sliding Two Fingers Right
47353,Sliding Two Fingers Left,Zooming In With Full Hand
70629,Sliding Two Fingers Right,No gesture
65098,Rolling Hand Backward,Rolling Hand Forward
96088,Sliding Two Fingers Down,Swiping Right
73743,No gesture,Rolling Hand Backward
140981,Thumb Down,Doing other things
25313,Doing other things,Sliding Two Fingers Right
18326,Swiping Down,No gesture
55550,Swiping Right,Swiping Left
14428,No gesture,Pulling Two Fingers In
108327,Swiping Up,Pulling Hand In
130129,Pulling Two Fingers In,Sliding Two Fingers Right
133901,Pushing Hand Away,Turning Hand Counterclockwise
106712,Sliding Two Fingers Left,No gesture
65495,Rolling Hand Backward,Rolling Hand Forward
70833,Swiping Down,No gesture
16144,Sliding Two Fingers Down,Sliding Two Fingers Up
22693,Sliding Two Fingers Left,Zooming Out With Two Fingers
138301,Drumming Fingers,Sliding Two Fingers Down
69154,Zooming Out With Two Fingers,Zooming In With Two Fingers
63767,Sliding Two Fingers Up,Swiping Right
67451,Swiping Right,Sliding Two Fingers Right
86665,Swiping Down,Doing other things
32690,Sliding Two Fingers Left,No gesture
33050,Swiping Up,Doing other things
25814,Sliding Two Fingers Down,Swiping Down
14969,Turning Hand Counterclockwise,Turning Hand Clockwise
46893,Zooming In With Two Fingers,Zooming Out With Two Fingers
96158,Swiping Left,Swiping Right
72811,Shaking Hand,Pushing Hand Away
9849,Sliding Two Fingers Down,Swiping Down
119935,Turning Hand Counterclockwise,Turning Hand Clockwise
37961,Zooming In With Two Fingers,Zooming Out With Two Fingers
64107,Swiping Up,Doing other things
22046,Shaking Hand,Turning Hand Clockwise
69303,Swiping Down,Drumming Fingers
37962,Turning Hand Clockwise,Doing other things
57381,Pushing Two Fingers Away,Swiping Up
78660,Turning Hand Clockwise,Doing other things
132560,Shaking Hand,Turning Hand Counterclockwise
18745,Doing other things,Turning Hand Clockwise
80038,Pulling Hand In,Sliding Two Fingers Down
116069,Sliding Two Fingers Right,Sliding Two Fingers Left
32628,Rolling Hand Forward,Thumb Down
22817,Doing other things,Rolling Hand Forward
68302,No gesture,Sliding Two Fingers Up
48786,No gesture,Swiping Left
59720,Zooming Out With Full Hand,Zooming In With Full Hand
26673,Rolling Hand Backward,Rolling Hand Forward
49936,Zooming Out With Full Hand,Doing other things
34049,Zooming Out With Full Hand,Doing other things
77313,Zooming In With Two Fingers,Zooming Out With Two Fingers
98176,Turning Hand Counterclockwise,Shaking Hand
107996,Stop Sign,Pushing Hand Away
103942,Sliding Two Fingers Up,Pulling Two Fingers In
34079,Rolling Hand Backward,Rolling Hand Forward
19201,Pulling Hand In,No gesture
67278,Swiping Left,Thumb Up
6194,Rolling Hand Forward,Swiping Down
102033,Turning Hand Counterclockwise,Shaking Hand
37623,No gesture,Swiping Right
22462,Doing other things,Zooming Out With Full Hand
40065,Stop Sign,Pushing Hand Away
74440,Sliding Two Fingers Right,Swiping Right
112549,Sliding Two Fingers Left,No gesture
29335,Swiping Down,Sliding Two Fingers Right
58694,Pushing Two Fingers Away,Swiping Down
39190,Swiping Right,Swiping Up
99436,Turning Hand Counterclockwise,Turning Hand Clockwise
105957,Pushing Hand Away,Sliding Two Fingers Left
102695,Zooming Out With Two Fingers,Zooming Out With Full Hand
99171,Swiping Down,Drumming Fingers
76763,Sliding Two Fingers Down,Pushing Two Fingers Away
63744,Swiping Left,Swiping Right
22377,Turning Hand Clockwise,Turning Hand Counterclockwise
28344,Zooming Out With Two Fingers,Sliding Two Fingers Up
13283,Turning Hand Clockwise,Turning Hand Counterclockwise
145211,Sliding Two Fingers Left,Thumb Up
62137,Pushing Two Fingers Away,Sliding Two Fingers Down
61559,Pulling Two Fingers In,Swiping Up
103044,Swiping Up,Doing other things
64087,Rolling Hand Backward,Rolling Hand Forward
117583,Pushing Two Fingers Away,Pushing Hand Away
66338,No gesture,Thumb Down
9232,Zooming Out With Full Hand,Pushing Hand Away
141765,Zooming In With Full Hand,Zooming Out With Full Hand
104539,Sliding Two Fingers Right,Sliding Two Fingers Left
74511,Zooming Out With Two Fingers,Doing other things
79931,Zooming In With Full Hand,Zooming In With Two Fingers
131025,Zooming Out With Two Fingers,Zooming Out With Full Hand
23170,Zooming Out With Two Fingers,Zooming In With Two Fingers
25390,Pushing Two Fingers Away,Pulling Two Fingers In
59506,Sliding Two Fingers Left,Rolling Hand Backward
43706,No gesture,Sliding Two Fingers Up
114365,Stop Sign,Pushing Hand Away
58688,Drumming Fingers,Zooming In With Two Fingers
9010,Doing other things,Swiping Left
107492,Sliding Two Fingers Left,Sliding Two Fingers Down
133419,Zooming In With Two Fingers,Zooming Out With Two Fingers
33582,No gesture,Doing other things
85074,Zooming In With Two Fingers,Sliding Two Fingers Right
123434,Rolling Hand Backward,Rolling Hand Forward
127226,Stop Sign,Pushing Hand Away
23981,Sliding Two Fingers Right,Sliding Two Fingers Left
2848,Turning Hand Counterclockwise,Pulling Hand In
52602,Sliding Two Fingers Right,Swiping Left
64044,Swiping Left,No gesture
73796,Rolling Hand Forward,Rolling Hand Backward
1077,Pulling Hand In,Pulling Two Fingers In
89119,Sliding Two Fingers Right,Sliding Two Fingers Left
115857,Sliding Two Fingers Up,Sliding Two Fingers Down
127416,Rolling Hand Forward,Rolling Hand Backward
34319,Rolling Hand Forward,Rolling Hand Backward
57641,Pulling Two Fingers In,Sliding Two Fingers Right
51444,Turning Hand Clockwise,Turning Hand Counterclockwise
123583,Thumb Down,Doing other things
144696,Swiping Left,No gesture
116846,Swiping Left,Shaking Hand
13161,Rolling Hand Forward,Swiping Down
31302,Swiping Up,Doing other things
91261,Shaking Hand,Drumming Fingers
6507,Sliding Two Fingers Down,Swiping Left
18586,Swiping Left,Shaking Hand
113548,Thumb Down,Doing other things
76190,Zooming Out With Two Fingers,Doing other things
84545,Sliding Two Fingers Down,Pushing Two Fingers Away
37669,Swiping Up,Swiping Down
42865,Turning Hand Clockwise,Turning Hand Counterclockwise
67731,Zooming Out With Full Hand,Doing other things
7882,Stop Sign,Swiping Down
93862,Pulling Two Fingers In,Thumb Up
32906,Pulling Two Fingers In,Thumb Down
106215,Rolling Hand Forward,Doing other things
127505,No gesture,Doing other things
17871,Swiping Left,Shaking Hand
55264,Zooming In With Full Hand,Drumming Fingers
25524,Sliding Two Fingers Up,Doing other things
134909,Rolling Hand Backward,Rolling Hand Forward
77085,Rolling Hand Backward,Swiping Down
75262,Stop Sign,Doing other things
106573,Sliding Two Fingers Up,Doing other things
32655,Sliding Two Fingers Down,Sliding Two Fingers Up
55604,Turning Hand Clockwise,Pushing Hand Away
24408,Zooming Out With Full Hand,Zooming In With Full Hand
74071,Zooming In With Two Fingers,Zooming Out With Two Fingers
55451,Sliding Two Fingers Up,Swiping Left
58448,Sliding Two Fingers Right,Doing other things
92917,Swiping Up,Doing other things
58436,Sliding Two Fingers Down,Sliding Two Fingers Up
116221,Pushing Two Fingers Away,Sliding Two Fingers Down
59166,Sliding Two Fingers Down,No gesture
93904,Pushing Hand Away,Stop Sign
136291,Sliding Two Fingers Right,Pushing Two Fingers Away
18759,Stop Sign,Turning Hand Clockwise
47649,Turning Hand Clockwise,Shaking Hand
80665,Swiping Down,No gesture
65844,Sliding Two Fingers Down,Sliding Two Fingers Up
68753,Pushing Two Fingers Away,Drumming Fingers
81319,Swiping Right,Swiping Left
122588,Sliding Two Fingers Down,Doing other things
109753,Zooming In With Full Hand,Stop Sign
86164,Rolling Hand Forward,Rolling Hand Backward
98933,Swiping Up,Sliding Two Fingers Up
25356,Rolling Hand Backward,Swiping Down
42011,Rolling Hand Backward,Swiping Down
22227,Doing other things,Swiping Down
38625,Zooming Out With Two Fingers,Zooming Out With Full Hand
76814,Thumb Up,Swiping Down
95367,Swiping Down,Sliding Two Fingers Down
67745,Sliding Two Fingers Down,Sliding Two Fingers Up
88422,Sliding Two Fingers Up,Pulling Hand In
79999,Pushing Two Fingers Away,No gesture
70687,Stop Sign,Zooming Out With Full Hand
98349,Sliding Two Fingers Left,Sliding Two Fingers Right
138230,Turning Hand Counterclockwise,Swiping Left
75921,Pulling Two Fingers In,Zooming Out With Full Hand
5019,Swiping Right,Shaking Hand
65965,Zooming Out With Two Fingers,Doing other things
13399,Swiping Left,No gesture
19819,Sliding Two Fingers Right,Pulling Two Fingers In
90263,Zooming Out With Full Hand,Doing other things
33701,Swiping Left,Doing other things
126567,Doing other things,Zooming In With Two Fingers
8498,Sliding Two Fingers Right,Doing other things
54934,Rolling Hand Forward,Rolling Hand Backward
131985,Pulling Two Fingers In,Sliding Two Fingers Right
98822,Swiping Right,Swiping Left
134158,Turning Hand Counterclockwise,Shaking Hand
48775,Swiping Left,Sliding Two Fingers Right
111434,Sliding Two Fingers Left,Swiping Left
78298,Sliding Two Fingers Down,Swiping Right
18057,Sliding Two Fingers Down,Doing other things
10908,Rolling Hand Backward,Rolling Hand Forward
148071,Swiping Left,Swiping Right
106001,Shaking Hand,Zooming In With Full Hand
106416,Swiping Right,Swiping Left
120721,Swiping Up,Pushing Two Fingers Away
10571,Sliding Two Fingers Down,Sliding Two Fingers Up
115679,Rolling Hand Backward,Rolling Hand Forward
51754,Sliding Two Fingers Left,Sliding Two Fingers Right
119728,Doing other things,Thumb Up
100640,Thumb Up,Sliding Two Fingers Left
113358,Swiping Left,Thumb Up
49390,Sliding Two Fingers Left,Doing other things
105330,Zooming In With Full Hand,Zooming Out With Full Hand
46520,Zooming Out With Full Hand,Zooming In With Full Hand
16852,Turning Hand Clockwise,Turning Hand Counterclockwise
23190,Zooming In With Two Fingers,Doing other things
58299,Swiping Up,No gesture
23330,Zooming Out With Full Hand,Sliding Two Fingers Right
140137,Zooming Out With Two Fingers,Zooming In With Two Fingers
59274,Zooming In With Two Fingers,Zooming Out With Two Fingers
74093,Sliding Two Fingers Left,Swiping Right
89132,Pulling Hand In,Doing other things
27163,Turning Hand Clockwise,Turning Hand Counterclockwise
144211,Pushing Hand Away,Zooming In With Full Hand
98995,Rolling Hand Backward,Rolling Hand Forward
39008,No gesture,Doing other things
41943,Thumb Down,Pulling Two Fingers In
59496,Rolling Hand Backward,Rolling Hand Forward
131602,Zooming Out With Two Fingers,Sliding Two Fingers Down
100482,Sliding Two Fingers Down,Pulling Two Fingers In
122935,Pushing Two Fingers Away,Pulling Two Fingers In
130955,No gesture,Doing other things
25983,Shaking Hand,Doing other things
112203,Pushing Hand Away,Zooming In With Full Hand
109849,Zooming Out With Two Fingers,Zooming In With Two Fingers
120492,Zooming In With Full Hand,Zooming Out With Full Hand
117734,Pushing Hand Away,Doing other things
36907,Zooming Out With Two Fingers,Zooming In With Two Fingers
22203,No gesture,Swiping Right
58312,Swiping Left,Sliding Two Fingers Left
121431,Sliding Two Fingers Down,Swiping Down
126840,Zooming In With Full Hand,Swiping Down
101862,Sliding Two Fingers Up,Pulling Two Fingers In
96230,Pulling Two Fingers In,Rolling Hand Backward
30700,Swiping Down,Doing other things
88861,Sliding Two Fingers Down,Swiping Down
6121,Stop Sign,Doing other things
88370,Zooming In With Two Fingers,Zooming Out With Two Fingers
90048,Turning Hand Clockwise,Turning Hand Counterclockwise
2756,Zooming Out With Full Hand,Zooming In With Full Hand
144061,Stop Sign,Pushing Hand Away
97976,Swiping Right,Doing other things
88969,Zooming In With Two Fingers,Zooming Out With Two Fingers
119681,Zooming In With Full Hand,Turning Hand Counterclockwise
143860,Zooming In With Two Fingers,Zooming Out With Two Fingers
14968,Turning Hand Clockwise,Turning Hand Counterclockwise
1690,Pulling Two Fingers In,Pulling Hand In
123320,Pushing Two Fingers Away,Sliding Two Fingers Down
24129,Turning Hand Clockwise,Shaking Hand
56932,Swiping Left,No gesture
143529,Sliding Two Fingers Left,Swiping Left
11027,Doing other things,Thumb Up
87388,Swiping Up,Swiping Left
82589,Swiping Left,No gesture
53443,Sliding Two Fingers Down,Pushing Two Fingers Away
147909,Pushing Two Fingers Away,Sliding Two Fingers Down
79132,Shaking Hand,Doing other things
96236,Sliding Two Fingers Up,Sliding Two Fingers Down
130940,Pulling Two Fingers In,No gesture
4098,Pulling Two Fingers In,Doing other things
94213,Thumb Down,Pushing Two Fingers Away
135052,Swiping Down,Rolling Hand Forward
128964,Pulling Two Fingers In,Doing other things
51734,Swiping Right,No gesture
91557,Turning Hand Clockwise,Turning Hand Counterclockwise
66051,Sliding Two Fingers Down,Pushing Two Fingers Away
119273,Stop Sign,Pushing Hand Away
125955,Pulling Two Fingers In,Pushing Two Fingers Away
34640,Swiping Up,No gesture
46360,Zooming Out With Full Hand,Zooming In With Full Hand
40471,Sliding Two Fingers Right,Swiping Right
74536,Shaking Hand,Rolling Hand Backward
116512,Sliding Two Fingers Down,Zooming Out With Two Fingers
68546,Swiping Up,No gesture
14271,Pushing Hand Away,Doing other things
47961,Swiping Down,Drumming Fingers
95919,Sliding Two Fingers Left,Swiping Left
100240,Turning Hand Clockwise,Turning Hand Counterclockwise
110717,Rolling Hand Forward,Rolling Hand Backward
142432,Pulling Two Fingers In,Zooming In With Full Hand
126732,No gesture,Doing other things
97281,Pulling Hand In,Pushing Hand Away
59358,Doing other things,Drumming Fingers
15493,Turning Hand Counterclockwise,Shaking Hand
100505,Pulling Two Fingers In,Pulling Hand In
76947,Swiping Up,Pulling Hand In
33330,Shaking Hand,Pushing Hand Away
63363,Pushing Hand Away,Thumb Up
18654,Sliding Two Fingers Left,Swiping Left
85722,Pulling Hand In,Swiping Up
19008,Turning Hand Clockwise,Shaking Hand
55367,Swiping Left,Doing other things
117434,Zooming In With Two Fingers,Zooming Out With Two Fingers
21573,Sliding Two Fingers Up,Pushing Two Fingers Away
34156,Rolling Hand Forward,Rolling Hand Backward
19718,Rolling Hand Backward,Rolling Hand Forward
71028,Zooming Out With Full Hand,Zooming In With Full Hand
42760,Shaking Hand,Zooming Out With Full Hand
145292,Swiping Down,No gesture
70211,Swiping Right,Sliding Two Fingers Right
81249,No gesture,Doing other things
88353,Rolling Hand Forward,No gesture
60831,Swiping Down,Rolling Hand Backward
80114,Rolling Hand Forward,Doing other things
60369,Turning Hand Clockwise,Turning Hand Counterclockwise
147727,Sliding Two Fingers Down,Sliding Two Fingers Up
110046,Stop Sign,Pushing Hand Away
15369,Sliding Two Fingers Left,Sliding Two Fingers Right
109740,Swiping Left,Turning Hand Counterclockwise
64832,Turning Hand Clockwise,Turning Hand Counterclockwise
132316,Turning Hand Counterclockwise,Turning Hand Clockwise
63064,Sliding Two Fingers Down,Swiping Up
111344,Swiping Down,No gesture
99971,Sliding Two Fingers Left,Sliding Two Fingers Right
66465,Sliding Two Fingers Left,Sliding Two Fingers Right
29964,Zooming In With Full Hand,Doing other things
74363,Rolling Hand Backward,Rolling Hand Forward
35500,Swiping Right,No gesture
145062,Stop Sign,Pushing Hand Away
127124,Zooming In With Full Hand,Shaking Hand
103383,Sliding Two Fingers Down,No gesture
120054,Stop Sign,Pushing Hand Away
72102,Sliding Two Fingers Up,Rolling Hand Forward
68477,Doing other things,Rolling Hand Backward
19771,Zooming Out With Full Hand,Shaking Hand
102902,Turning Hand Counterclockwise,Pulling Hand In
6311,Pulling Hand In,Pulling Two Fingers In
118786,Rolling Hand Backward,Sliding Two Fingers Left
44197,Sliding Two Fingers Right,Sliding Two Fingers Left
38224,Rolling Hand Backward,Doing other things
143824,Zooming Out With Two Fingers,Thumb Down
130841,Swiping Up,Pulling Hand In
56182,No gesture,Doing other things
74383,Sliding Two Fingers Left,Doing other things
60409,Zooming In With Full Hand,Turning Hand Clockwise
118606,Pushing Two Fingers Away,Pulling Two Fingers In
119219,Rolling Hand Forward,Rolling Hand Backward
133885,Swiping Right,Pulling Two Fingers In
53244,Turning Hand Clockwise,Shaking Hand
82740,Turning Hand Clockwise,Turning Hand Counterclockwise
45905,Pulling Two Fingers In,Doing other things
34323,Doing other things,Zooming Out With Full Hand
128029,Sliding Two Fingers Up,Pushing Two Fingers Away
69725,Pulling Hand In,Pulling Two Fingers In
88017,Swiping Right,Doing other things
143334,Zooming Out With Full Hand,Doing other things
79226,Shaking Hand,Doing other things
79532,Pulling Two Fingers In,Doing other things
15175,Swiping Up,Swiping Down
2817,Sliding Two Fingers Up,Sliding Two Fingers Down
26249,Swiping Down,Pushing Two Fingers Away
6528,Turning Hand Counterclockwise,Swiping Down
17092,Sliding Two Fingers Down,Sliding Two Fingers Up
142263,Swiping Down,Thumb Down
127135,Zooming In With Full Hand,Zooming Out With Two Fingers
132481,Zooming Out With Two Fingers,Sliding Two Fingers Right
3136,Doing other things,Thumb Down
88176,Sliding Two Fingers Right,Thumb Up
63734,Pulling Two Fingers In,Swiping Right
6734,Rolling Hand Backward,Doing other things
89976,Pulling Two Fingers In,Doing other things
124670,Pushing Hand Away,Stop Sign
8280,Shaking Hand,Turning Hand Counterclockwise
14982,Zooming In With Full Hand,Shaking Hand
8269,Zooming Out With Full Hand,Zooming In With Full Hand
57830,Sliding Two Fingers Left,Swiping Right
6146,Sliding Two Fingers Left,Swiping Left
12590,Rolling Hand Forward,Rolling Hand Backward
52440,Pushing Hand Away,Stop Sign
31708,Pushing Hand Away,No gesture
84158,Zooming In With Full Hand,Thumb Down
141839,Doing other things,Swiping Left
35813,Zooming Out With Full Hand,Zooming In With Two Fingers
93499,Swiping Left,Sliding Two Fingers Left
123216,Swiping Down,No gesture
109728,Sliding Two Fingers Up,Sliding Two Fingers Down
60488,Zooming In With Two Fingers,Doing other things
60423,Swiping Up,Sliding Two Fingers Down
125447,Sliding Two Fingers Right,Sliding Two Fingers Left
1757,Swiping Right,Swiping Up
20571,Pulling Hand In,Pulling Two Fingers In
137724,Sliding Two Fingers Right,Sliding Two Fingers Left
121333,Doing other things,Rolling Hand Forward
10199,Sliding Two Fingers Up,Pushing Two Fingers Away
86347,Thumb Down,Swiping Left
91811,Swiping Right,Swiping Down
94845,Zooming In With Full Hand,Zooming Out With Full Hand
30745,Drumming Fingers,Rolling Hand Backward
35774,Pulling Two Fingers In,Doing other things
16165,Shaking Hand,Swiping Up
28215,Rolling Hand Backward,Rolling Hand Forward
8746,Doing other things,Thumb Up
382,Turning Hand Clockwise,Doing other things
137649,Zooming Out With Full Hand,Turning Hand Counterclockwise
58201,Pulling Two Fingers In,Pulling Hand In
135435,Pushing Two Fingers Away,Swiping Up
55504,Swiping Down,No gesture
39167,Zooming In With Full Hand,Turning Hand Clockwise
134361,Swiping Right,No gesture
1331,Rolling Hand Forward,Rolling Hand Backward
8757,Rolling Hand Forward,Doing other things
139422,Zooming Out With Full Hand,Zooming In With Full Hand
10395,Sliding Two Fingers Up,Sliding Two Fingers Right
137111,Doing other things,Swiping Left
14769,Pushing Two Fingers Away,Sliding Two Fingers Right
100090,Doing other things,Swiping Right
144661,Rolling Hand Backward,Rolling Hand Forward
73204,Zooming In With Two Fingers,Zooming Out With Two Fingers
89714,Sliding Two Fingers Down,No gesture
782,No gesture,Pulling Two Fingers In
124949,Doing other things,Sliding Two Fingers Up
47546,Swiping Left,Swiping Right
116465,Pushing Two Fingers Away,Sliding Two Fingers Right
97711,Rolling Hand Backward,Thumb Down
25472,Sliding Two Fingers Left,Sliding Two Fingers Right
88551,No gesture,Doing other things
22291,Thumb Up,Sliding Two Fingers Left
59861,Rolling Hand Forward,Rolling Hand Backward
133619,Rolling Hand Forward,Rolling Hand Backward
14878,Swiping Right,Sliding Two Fingers Right
112694,Sliding Two Fingers Right,Swiping Right
79496,Sliding Two Fingers Up,Pushing Hand Away
83001,Swiping Left,Shaking Hand
2081,Sliding Two Fingers Up,Swiping Down
64503,Sliding Two Fingers Right,Zooming Out With Two Fingers
143486,Doing other things,Sliding Two Fingers Up
33997,Rolling Hand Forward,Swiping Left
6785,Rolling Hand Forward,Rolling Hand Backward
5437,Sliding Two Fingers Down,No gesture
95447,Zooming In With Full Hand,Zooming Out With Full Hand
144074,Pushing Hand Away,Doing other things
16683,Zooming Out With Full Hand,Zooming In With Full Hand
100420,Sliding Two Fingers Left,Sliding Two Fingers Right
133167,No gesture,Swiping Down
119841,Rolling Hand Backward,Rolling Hand Forward
59121,Zooming In With Full Hand,Shaking Hand
145455,Swiping Right,Shaking Hand
120839,Doing other things,Pulling Two Fingers In
14816,No gesture,Doing other things
48392,Rolling Hand Backward,Rolling Hand Forward
104765,No gesture,Swiping Right
120549,Thumb Down,Swiping Down
38122,No gesture,Swiping Left
119810,Turning Hand Counterclockwise,Turning Hand Clockwise
143613,Swiping Up,Swiping Down
125345,Swiping Up,No gesture
118537,Zooming Out With Full Hand,Zooming In With Full Hand
42493,Sliding Two Fingers Left,No gesture
72119,Swiping Right,Doing other things
48105,Turning Hand Clockwise,Turning Hand Counterclockwise
105379,Zooming Out With Two Fingers,Drumming Fingers
168,Drumming Fingers,Zooming In With Full Hand
96529,Sliding Two Fingers Up,Doing other things
25855,Zooming In With Two Fingers,Zooming Out With Two Fingers
57556,Sliding Two Fingers Up,Pushing Two Fingers Away
63305,Swiping Down,No gesture
12279,Swiping Left,Swiping Right
10254,Doing other things,Drumming Fingers
50855,Pushing Two Fingers Away,Swiping Left
112559,Sliding Two Fingers Up,Sliding Two Fingers Down
139172,Sliding Two Fingers Right,Doing other things
114485,Turning Hand Clockwise,Doing other things
96341,Pushing Two Fingers Away,Drumming Fingers
58852,Turning Hand Counterclockwise,Shaking Hand
38278,Sliding Two Fingers Left,Doing other things
121288,Pulling Hand In,Shaking Hand
141587,Rolling Hand Forward,Thumb Down
5565,Doing other things,Rolling Hand Forward
81127,Sliding Two Fingers Left,Sliding Two Fingers Right
83541,Sliding Two Fingers Up,Sliding Two Fingers Down
120144,Sliding Two Fingers Left,Pulling Two Fingers In
107634,Pushing Hand Away,Stop Sign
56559,Sliding Two Fingers Up,Doing other things
82443,Swiping Right,Zooming Out With Full Hand
5063,Doing other things,Zooming In With Full Hand
89935,Doing other things,Rolling Hand Forward
147845,Thumb Up,Swiping Down
130739,Sliding Two Fingers Right,Thumb Up
48995,Zooming Out With Two Fingers,Pushing Two Fingers Away
119437,Rolling Hand Forward,Rolling Hand Backward
120701,Swiping Down,No gesture
46456,Pushing Two Fingers Away,Thumb Up
80453,Swiping Right,Swiping Left
120077,Doing other things,Pushing Hand Away
38801,Swiping Left,Swiping Right
64438,Rolling Hand Backward,Zooming In With Full Hand
140482,Swiping Left,Swiping Right
127375,Rolling Hand Forward,Rolling Hand Backward
62007,No gesture,Swiping Down
22431,Zooming Out With Two Fingers,Zooming In With Two Fingers
86841,Rolling Hand Backward,Doing other things
8488,Zooming Out With Full Hand,Zooming In With Full Hand
77484,Pushing Hand Away,Doing other things
12808,Pulling Hand In,Rolling Hand Forward
140867,Pushing Hand Away,Stop Sign
38646,Rolling Hand Backward,Rolling Hand Forward
21804,Sliding Two Fingers Left,Sliding Two Fingers Right
98511,Drumming Fingers,Zooming In With Two Fingers
724,Stop Sign,Pushing Hand Away
136254,Zooming Out With Two Fingers,Doing other things
75091,Swiping Left,Zooming Out With Two Fingers
15569,Swiping Up,Doing other things
11531,Sliding Two Fingers Left,Thumb Up
18131,Turning Hand Counterclockwise,Turning Hand Clockwise
75371,Sliding Two Fingers Down,Pushing Two Fingers Away
571,Swiping Down,Drumming Fingers
143392,Zooming In With Two Fingers,Zooming Out With Two Fingers
103742,Zooming In With Two Fingers,Drumming Fingers
76544,Sliding Two Fingers Left,Sliding Two Fingers Right
11316,Sliding Two Fingers Right,Swiping Left
92867,Pulling Two Fingers In,Doing other things
52561,Sliding Two Fingers Down,No gesture
70009,Swiping Down,Rolling Hand Backward
2181,Zooming Out With Full Hand,Zooming In With Full Hand
7816,Turning Hand Counterclockwise,Rolling Hand Backward
103151,Sliding Two Fingers Down,No gesture
129029,No gesture,Sliding Two Fingers Up
20245,Pulling Two Fingers In,Doing other things
38321,Swiping Right,Thumb Down
61076,Pulling Two Fingers In,Pulling Hand In
17185,Zooming Out With Full Hand,Zooming In With Two Fingers
30346,Turning Hand Clockwise,Shaking Hand
128659,Swiping Down,No gesture
98741,Sliding Two Fingers Up,Sliding Two Fingers Down
119555,Swiping Up,Shaking Hand
142107,Swiping Up,Rolling Hand Forward
74037,Turning Hand Counterclockwise,Sliding Two Fingers Left
50453,Sliding Two Fingers Left,Sliding Two Fingers Right
106099,Stop Sign,Pushing Hand Away
48759,Swiping Right,No gesture
132993,Drumming Fingers,Rolling Hand Backward
65110,Swiping Down,Swiping Right
31661,Doing other things,Rolling Hand Backward
137837,Sliding Two Fingers Down,No gesture
137987,Doing other things,Rolling Hand Backward
133907,Stop Sign,Swiping Down
61464,Doing other things,Pulling Two Fingers In
100823,Pulling Hand In,Turning Hand Counterclockwise
138697,Pulling Hand In,Doing other things
76017,Swiping Up,Swiping Right
58309,Sliding Two Fingers Right,Doing other things
94904,Shaking Hand,Turning Hand Counterclockwise
143754,Doing other things,Turning Hand Clockwise
107402,Turning Hand Clockwise,Turning Hand Counterclockwise
12613,Swiping Up,Pulling Hand In
89781,Turning Hand Counterclockwise,Turning Hand Clockwise
34906,Swiping Down,No gesture
96545,Pulling Two Fingers In,Zooming Out With Two Fingers
40322,Turning Hand Clockwise,Zooming In With Full Hand
82677,Pulling Hand In,Swiping Up
140440,Sliding Two Fingers Left,Swiping Left
15301,Doing other things,Pulling Hand In
51134,Thumb Up,Pushing Two Fingers Away
136724,Swiping Up,Pulling Hand In
54487,Swiping Down,No gesture
81711,Swiping Up,Doing other things
136922,Rolling Hand Forward,Rolling Hand Backward
12941,Sliding Two Fingers Right,Zooming In With Two Fingers
47241,Sliding Two Fingers Left,Zooming In With Two Fingers
29437,Zooming In With Full Hand,Shaking Hand
94451,Pulling Two Fingers In,Rolling Hand Forward
20858,Swiping Right,Sliding Two Fingers Up
78055,Sliding Two Fingers Right,Thumb Up
5753,Rolling Hand Forward,Doing other things
95653,Swiping Right,Thumb Up
7061,Swiping Down,Swiping Right
81230,Doing other things,Sliding Two Fingers Down
69588,Thumb Down,Swiping Left
8051,Turning Hand Clockwise,Turning Hand Counterclockwise
113290,Zooming Out With Full Hand,Turning Hand Clockwise
135256,Zooming Out With Two Fingers,Zooming In With Two Fingers
105685,Swiping Up,Pulling Hand In
2258,Pulling Hand In,No gesture
143859,Shaking Hand,Sliding Two Fingers Left
110191,Rolling Hand Forward,Pulling Two Fingers In
121406,Shaking Hand,Swiping Up
35861,No gesture,Thumb Up
106459,Pulling Hand In,Thumb Up
114197,Sliding Two Fingers Left,Sliding Two Fingers Right
53234,Turning Hand Clockwise,Thumb Down
6376,Pulling Hand In,Pulling Two Fingers In
19155,Swiping Left,No gesture
69395,Turning Hand Clockwise,Shaking Hand
129594,Zooming Out With Two Fingers,Sliding Two Fingers Down
124921,Rolling Hand Forward,Rolling Hand Backward
21674,Swiping Left,Swiping Right
932,Sliding Two Fingers Right,Doing other things
52064,Rolling Hand Backward,Rolling Hand Forward
30208,Zooming Out With Full Hand,Swiping Down
110968,Doing other things,Drumming Fingers
19902,Swiping Right,No gesture
37275,Zooming In With Full Hand,Zooming Out With Two Fingers
17951,Sliding Two Fingers Down,No gesture
146015,Pulling Two Fingers In,Pulling Hand In
45721,Swiping Left,Sliding Two Fingers Left
85591,No gesture,Thumb Up
128576,Thumb Up,Sliding Two Fingers Right
100691,Sliding Two Fingers Down,Thumb Up
28643,Sliding Two Fingers Right,No gesture
63954,No gesture,Doing other things
78889,Rolling Hand Backward,Doing other things
60050,Zooming Out With Two Fingers,Zooming In With Two Fingers
81512,Doing other things,No gesture
140975,Doing other things,Rolling Hand Forward
121337,Swiping Up,Rolling Hand Forward
41170,Swiping Down,No gesture
146091,Swiping Right,Swiping Left
125636,Sliding Two Fingers Right,Swiping Right
43759,Turning Hand Counterclockwise,Shaking Hand
74587,Sliding Two Fingers Down,Swiping Left
119401,Pulling Hand In,Shaking Hand
80499,Zooming Out With Full Hand,Zooming In With Full Hand
146659,Pushing Hand Away,Stop Sign
20776,Zooming In With Full Hand,Turning Hand Counterclockwise
39173,Pulling Two Fingers In,Pulling Hand In
80183,Zooming Out With Two Fingers,Zooming Out With Full Hand
125443,Stop Sign,Pushing Hand Away
50926,Rolling Hand Backward,Rolling Hand Forward
43708,Zooming In With Full Hand,Swiping Up
83069,Turning Hand Counterclockwise,Sliding Two Fingers Right
42626,Shaking Hand,Thumb Down
15333,Thumb Up,Doing other things
11732,Turning Hand Counterclockwise,Doing other things
67160,Swiping Up,Swiping Left
122016,Swiping Left,Swiping Right
21711,Sliding Two Fingers Down,Doing other things
67408,Rolling Hand Forward,Rolling Hand Backward
56020,Rolling Hand Forward,Rolling Hand Backward
114497,Rolling Hand Backward,Swiping Down
49023,Zooming Out With Full Hand,Zooming In With Full Hand
143768,Sliding Two Fingers Down,Pushing Two Fingers Away
97773,Zooming In With Full Hand,Turning Hand Counterclockwise
104953,Pushing Two Fingers Away,Pulling Two Fingers In
4711,Zooming In With Two Fingers,Zooming Out With Two Fingers
45636,Sliding Two Fingers Right,Swiping Left
32159,Swiping Left,Thumb Up
49345,Turning Hand Clockwise,Doing other things
71848,Swiping Down,Doing other things
130067,Zooming In With Two Fingers,Zooming Out With Two Fingers
38216,Swiping Down,Rolling Hand Forward
143841,Pulling Hand In,No gesture
88575,Swiping Down,Pushing Hand Away
124358,Rolling Hand Forward,Rolling Hand Backward
20489,Sliding Two Fingers Right,Pushing Hand Away
111826,Zooming Out With Two Fingers,Pushing Hand Away
146874,Zooming In With Two Fingers,Zooming Out With Two Fingers
25190,Pushing Two Fingers Away,Sliding Two Fingers Down
46589,Zooming In With Two Fingers,Thumb Down
48134,Sliding Two Fingers Down,Swiping Left
136542,Doing other things,Swiping Left
141149,Sliding Two Fingers Right,Sliding Two Fingers Left
20983,Rolling Hand Backward,Rolling Hand Forward
86995,Swiping Right,Drumming Fingers
79571,Turning Hand Clockwise,Swiping Left
30660,Sliding Two Fingers Up,Pushing Two Fingers Away
70155,Zooming In With Full Hand,Rolling Hand Forward
48515,Turning Hand Counterclockwise,Turning Hand Clockwise
114723,Swiping Right,Sliding Two Fingers Right
57148,Thumb Down,Swiping Up
18242,Zooming In With Two Fingers,Thumb Up
131849,Swiping Right,Sliding Two Fingers Right
72076,Sliding Two Fingers Up,Pushing Two Fingers Away
50984,Sliding Two Fingers Down,Swiping Right
97921,Sliding Two Fingers Down,Swiping Left
62600,Rolling Hand Forward,Rolling Hand Backward
10937,Zooming Out With Two Fingers,Rolling Hand Forward
82710,Shaking Hand,Zooming In With Full Hand
4067,Swiping Left,Swiping Right
100789,Swiping Down,Doing other things
11384,Turning Hand Counterclockwise,Swiping Up
63667,No gesture,Swiping Left
4357,Swiping Left,Doing other things
101399,Sliding Two Fingers Right,Sliding Two Fingers Left
82805,Swiping Up,No gesture
31599,Swiping Right,No gesture
145294,Swiping Down,Doing other things
39370,Thumb Down,Drumming Fingers
100126,Swiping Left,Sliding Two Fingers Right
5794,Zooming Out With Two Fingers,Zooming In With Two Fingers
58624,Swiping Down,Swiping Left
6575,Swiping Right,No gesture
15971,Thumb Down,Zooming Out With Two Fingers
55407,Swiping Up,Shaking Hand
42747,Turning Hand Counterclockwise,Shaking Hand
35274,Sliding Two Fingers Up,Pushing Two Fingers Away
133292,Turning Hand Clockwise,Swiping Left
110703,Swiping Down,Drumming Fingers
56697,Shaking Hand,No gesture
39712,Sliding Two Fingers Left,Thumb Up
141157,Sliding Two Fingers Left,Sliding Two Fingers Right
34788,Pulling Two Fingers In,Swiping Right
33691,Swiping Right,Doing other things
20216,Pulling Hand In,Pulling Two Fingers In
64113,Rolling Hand Backward,Rolling Hand Forward
143608,Sliding Two Fingers Down,No gesture
75397,Sliding Two Fingers Down,Pushing Two Fingers Away
87256,Zooming In With Full Hand,Drumming Fingers
7069,Swiping Left,Swiping Up
62711,Turning Hand Clockwise,Turning Hand Counterclockwise
91332,Doing other things,No gesture
33140,No gesture,Sliding Two Fingers Left
138359,Zooming Out With Two Fingers,Sliding Two Fingers Left
3476,Swiping Up,Swiping Right
113718,Swiping Down,Pushing Hand Away
112800,Pushing Hand Away,Doing other things
129020,Swiping Right,Swiping Left
77278,Pulling Hand In,Doing other things
100445,Sliding Two Fingers Left,Sliding Two Fingers Right
118957,Sliding Two Fingers Left,Sliding Two Fingers Right
37868,Pushing Hand Away,Stop Sign
121695,Pushing Hand Away,Stop Sign
60197,Pushing Hand Away,Doing other things
67217,Zooming Out With Two Fingers,Pushing Two Fingers Away
66586,Turning Hand Clockwise,Swiping Up
61463,Sliding Two Fingers Right,Rolling Hand Backward
68360,Turning Hand Clockwise,Stop Sign
37788,Swiping Up,Rolling Hand Backward
139440,Swiping Down,Drumming Fingers
145718,Pulling Two Fingers In,No gesture
38661,Swiping Up,Turning Hand Counterclockwise
7787,Swiping Left,Pulling Hand In
115413,Turning Hand Clockwise,Zooming In With Full Hand
6355,Shaking Hand,Swiping Down
16369,Thumb Up,Pulling Two Fingers In
23029,Sliding Two Fingers Down,Swiping Down
18263,Swiping Up,Pulling Hand In
71282,Pulling Hand In,Pulling Two Fingers In
40805,Pulling Hand In,Doing other things
19678,Sliding Two Fingers Left,Swiping Left
29329,Swiping Up,Pulling Hand In
80958,Zooming Out With Two Fingers,Zooming In With Two Fingers
43799,Zooming Out With Full Hand,Turning Hand Clockwise
142359,Zooming Out With Full Hand,Shaking Hand
62595,Doing other things,Sliding Two Fingers Left
117675,Zooming Out With Full Hand,Turning Hand Clockwise
80673,Zooming Out With Two Fingers,Zooming In With Two Fingers
109610,Doing other things,Sliding Two Fingers Right
91157,Rolling Hand Forward,Rolling Hand Backward
5492,Doing other things,Swiping Left
9296,Pulling Two Fingers In,Pulling Hand In
41594,Pushing Two Fingers Away,Sliding Two Fingers Down
66226,Sliding Two Fingers Left,Sliding Two Fingers Right
100433,Pushing Hand Away,Stop Sign
85004,Swiping Right,Doing other things
67047,Swiping Down,Pulling Two Fingers In
84330,Zooming Out With Two Fingers,Zooming In With Two Fingers
103444,Sliding Two Fingers Right,Sliding Two Fingers Left
89205,Shaking Hand,Turning Hand Clockwise
130225,Turning Hand Counterclockwise,Doing other things
57909,Swiping Left,Swiping Down
85063,Swiping Right,No gesture
58186,Zooming Out With Two Fingers,Shaking Hand
106723,Swiping Right,Swiping Down
66815,Stop Sign,Pushing Hand Away
67890,Zooming Out With Full Hand,Thumb Down
80412,Shaking Hand,Doing other things
61758,Sliding Two Fingers Down,Pushing Two Fingers Away
16916,Zooming In With Two Fingers,Zooming Out With Two Fingers
71410,Drumming Fingers,Sliding Two Fingers Up
131094,Turning Hand Clockwise,Turning Hand Counterclockwise
3240,Pushing Two Fingers Away,Thumb Down
11304,Rolling Hand Forward,Rolling Hand Backward
53647,Sliding Two Fingers Left,Rolling Hand Backward
58666,Sliding Two Fingers Right,Doing other things
81628,Sliding Two Fingers Left,Swiping Left
21181,Zooming In With Full Hand,Zooming Out With Full Hand
134095,Swiping Up,Doing other things
39010,Pushing Two Fingers Away,Doing other things
80687,Rolling Hand Forward,Rolling Hand Backward
106107,Doing other things,Swiping Right
35529,No gesture,Swiping Up
144279,No gesture,Pulling Two Fingers In
27241,Turning Hand Clockwise,Turning Hand Counterclockwise
67173,Zooming Out With Full Hand,Zooming In With Full Hand
337,Zooming Out With Full Hand,Pushing Two Fingers Away
106145,Pushing Hand Away,Stop Sign
119233,Sliding Two Fingers Up,Sliding Two Fingers Down
124609,Sliding Two Fingers Down,Thumb Up
90076,Swiping Up,Sliding Two Fingers Down
78962,Pushing Hand Away,Sliding Two Fingers Up
115157,Zooming In With Two Fingers,Zooming Out With Two Fingers
69385,Pushing Two Fingers Away,No gesture
19990,Swiping Up,Pulling Hand In
1358,Pushing Two Fingers Away,Pulling Two Fingers In
136858,Pulling Two Fingers In,Swiping Left
137163,Turning Hand Clockwise,Turning Hand Counterclockwise
42611,Pushing Two Fingers Away,Swiping Right
137067,Turning Hand Clockwise,Turning Hand Counterclockwise
56406,Thumb Up,Swiping Left
46096,Sliding Two Fingers Left,Doing other things
118591,Turning Hand Clockwise,Turning Hand Counterclockwise
98255,Zooming In With Two Fingers,Zooming Out With Two Fingers
54015,Doing other things,Zooming In With Full Hand
83129,Swiping Right,Sliding Two Fingers Left
30402,Rolling Hand Backward,Pulling Two Fingers In
133781,Turning Hand Clockwise,Turning Hand Counterclockwise
136456,Sliding Two Fingers Down,Sliding Two Fingers Up
75863,No gesture,Doing other things
128830,No gesture,Doing other things
41337,Zooming In With Full Hand,Zooming Out With Full Hand
77652,Zooming In With Full Hand,Pulling Hand In
32329,Swiping Up,No gesture
139187,Swiping Left,Sliding Two Fingers Right
85145,Doing other things,Rolling Hand Backward
68641,Pushing Two Fingers Away,Swiping Up
139463,Pushing Two Fingers Away,Zooming In With Full Hand
102198,Swiping Down,Doing other things
9385,Sliding Two Fingers Up,Pushing Two Fingers Away
83890,Swiping Down,Rolling Hand Forward
39697,Sliding Two Fingers Right,Swiping Left
68244,Swiping Down,Doing other things
32552,Shaking Hand,Doing other things
135027,Rolling Hand Backward,Rolling Hand Forward
47301,Swiping Left,Swiping Right
125356,Turning Hand Clockwise,Turning Hand Counterclockwise
110655,Sliding Two Fingers Down,Swiping Down
69400,Rolling Hand Forward,Rolling Hand Backward
48815,Sliding Two Fingers Right,Rolling Hand Forward
64906,Pulling Hand In,Pulling Two Fingers In
115194,Zooming Out With Two Fingers,Zooming Out With Full Hand
56392,Turning Hand Clockwise,Turning Hand Counterclockwise
58205,Pulling Two Fingers In,Pulling Hand In
121266,Swiping Left,Sliding Two Fingers Left
93850,Swiping Right,Swiping Down
33994,Turning Hand Counterclockwise,Turning Hand Clockwise
125003,Sliding Two Fingers Up,Sliding Two Fingers Down
54061,Sliding Two Fingers Up,Thumb Up
107478,Sliding Two Fingers Up,Sliding Two Fingers Down
106306,Stop Sign,Pushing Hand Away
128179,Sliding Two Fingers Up,Pulling Hand In
16778,No gesture,Pulling Two Fingers In
106622,Sliding Two Fingers Right,No gesture
138569,Rolling Hand Forward,Rolling Hand Backward
65584,Zooming Out With Two Fingers,Pulling Two Fingers In
7474,Swiping Right,Swiping Left
88437,Shaking Hand,Turning Hand Clockwise
136547,Pulling Hand In,Swiping Up
63976,Zooming In With Full Hand,Zooming Out With Full Hand
38919,Doing other things,Zooming In With Two Fingers
109193,Pushing Two Fingers Away,Sliding Two Fingers Down
67693,Sliding Two Fingers Down,Sliding Two Fingers Up
96537,Swiping Down,Pulling Two Fingers In
100510,Sliding Two Fingers Left,Sliding Two Fingers Right
43370,Sliding Two Fingers Up,Sliding Two Fingers Down
64621,Swiping Right,Swiping Left
61131,Rolling Hand Forward,Rolling Hand Backward
40859,Zooming In With Full Hand,Zooming Out With Full Hand
101813,Swiping Left,No gesture
42412,Doing other things,No gesture
97188,Swiping Left,No gesture
143515,Swiping Right,No gesture
68503,Turning Hand Clockwise,Turning Hand Counterclockwise
2359,Sliding Two Fingers Right,Doing other things
40876,Zooming In With Full Hand,Zooming Out With Two Fingers
108862,Swiping Left,Rolling Hand Forward
31590,No gesture,Doing other things
112306,Sliding Two Fingers Left,Thumb Up
137776,Swiping Up,Sliding Two Fingers Up
6863,Pushing Two Fingers Away,Doing other things
119521,Swiping Down,Swiping Left
82738,Swiping Right,Swiping Left
59787,Swiping Down,No gesture
60354,Sliding Two Fingers Up,Doing other things
109911,Zooming Out With Two Fingers,Zooming Out With Full Hand
138453,Pulling Hand In,Swiping Left
8822,Swiping Right,Sliding Two Fingers Right
144616,Thumb Up,Sliding Two Fingers Down
76413,Thumb Down,Doing other things
101167,Swiping Left,No gesture
26995,Zooming In With Two Fingers,Zooming Out With Two Fingers
77773,Drumming Fingers,Zooming In With Two Fingers
138207,Sliding Two Fingers Left,Sliding Two Fingers Right
61099,Turning Hand Counterclockwise,Turning Hand Clockwise
15781,Swiping Up,Pulling Hand In
59735,Thumb Up,Swiping Left
122998,Pulling Hand In,Swiping Up
68539,Swiping Left,No gesture
28714,Shaking Hand,Swiping Right
44186,Swiping Up,Pulling Hand In
142415,Swiping Right,No gesture
54740,Swiping Down,Stop Sign
37899,Zooming In With Full Hand,Thumb Up
49143,Swiping Right,Thumb Up
101865,Zooming Out With Full Hand,Zooming In With Full Hand
24485,Sliding Two Fingers Up,Doing other things
68483,Sliding Two Fingers Right,Doing other things
11645,Zooming Out With Full Hand,Zooming In With Full Hand
59245,Swiping Right,No gesture
71084,Rolling Hand Forward,Rolling Hand Backward
71624,Sliding Two Fingers Right,Swiping Right
18196,Swiping Down,Doing other things
58343,Sliding Two Fingers Left,No gesture
103127,Drumming Fingers,Rolling Hand Forward
19950,Swiping Right,No gesture
28785,Sliding Two Fingers Right,No gesture
103875,Rolling Hand Backward,Rolling Hand Forward
125078,Drumming Fingers,Doing other things
41016,Stop Sign,Shaking Hand
101432,Zooming In With Full Hand,Pulling Hand In
111342,Sliding Two Fingers Up,Sliding Two Fingers Down
26781,Zooming Out With Full Hand,Zooming Out With Two Fingers
92921,Stop Sign,Pushing Hand Away
38649,Pushing Two Fingers Away,Sliding Two Fingers Up
21791,Swiping Left,Swiping Right
65142,Pushing Two Fingers Away,No gesture
51794,Sliding Two Fingers Left,Sliding Two Fingers Right
103885,Swiping Left,Swiping Right
45216,Swiping Down,No gesture
16796,Rolling Hand Backward,Rolling Hand Forward
20932,Swiping Left,No gesture
57212,Rolling Hand Backward,No gesture
8214,Zooming In With Full Hand,Swiping Right
75419,Sliding Two Fingers Right,No gesture
14273,Rolling Hand Forward,Rolling Hand Backward
77722,Sliding Two Fingers Left,Sliding Two Fingers Right
118716,Swiping Up,Pulling Hand In
107244,Thumb Down,Doing other things
52024,Zooming Out With Two Fingers,Pulling Two Fingers In
124727,Sliding Two Fingers Up,Doing other things
19279,Swiping Down,Sliding Two Fingers Down
53780,Swiping Up,Pulling Hand In
27377,Zooming In With Full Hand,Zooming In With Two Fingers
29942,Rolling Hand Forward,Rolling Hand Backward
48971,No gesture,Doing other things
43398,No gesture,Doing other things
41969,Pulling Two Fingers In,Pulling Hand In
36518,Sliding Two Fingers Left,Doing other things
91637,Drumming Fingers,Doing other things
88898,Zooming In With Two Fingers,Swiping Up
109882,Rolling Hand Backward,Rolling Hand Forward
28968,Swiping Left,Sliding Two Fingers Right
123679,Zooming In With Two Fingers,Zooming Out With Two Fingers
7275,Doing other things,Pulling Hand In
18871,Sliding Two Fingers Up,Sliding Two Fingers Down
10836,Drumming Fingers,Swiping Down
84351,Sliding Two Fingers Down,Sliding Two Fingers Up
128244,Shaking Hand,Zooming Out With Full Hand
9836,Swiping Down,No gesture
56586,Pushing Two Fingers Away,Doing other things
10054,Turning Hand Clockwise,Turning Hand Counterclockwise
121106,Swiping Right,Doing other things
144509,Sliding Two Fingers Left,Sliding Two Fingers Right
140584,Pulling Hand In,Doing other things
6377,Sliding Two Fingers Down,Pushing Two Fingers Away
136007,Pulling Two Fingers In,Pushing Hand Away
63270,Sliding Two Fingers Right,No gesture
90408,Swiping Left,Stop Sign
123970,Turning Hand Clockwise,Turning Hand Counterclockwise
99427,Swiping Right,Shaking Hand
33697,Sliding Two Fingers Left,No gesture
6806,Sliding Two Fingers Right,Sliding Two Fingers Left
93355,Sliding Two Fingers Left,No gesture
29120,Swiping Up,No gesture
60795,Sliding Two Fingers Up,Sliding Two Fingers Down
16801,Sliding Two Fingers Down,Swiping Up
65043,Pulling Hand In,Swiping Down
33368,Sliding Two Fingers Down,No gesture
106101,No gesture,Swiping Down
6181,Swiping Up,Rolling Hand Backward
2053,Pulling Hand In,Rolling Hand Backward
77034,Sliding Two Fingers Down,Sliding Two Fingers Up
35418,Zooming In With Two Fingers,Doing other things
58894,Thumb Down,Pushing Two Fingers Away
88602,Sliding Two Fingers Left,Rolling Hand Backward
83760,Rolling Hand Forward,Rolling Hand Backward
146506,Zooming Out With Two Fingers,Zooming In With Two Fingers
115775,Shaking Hand,Swiping Right
127673,Swiping Right,Pulling Hand In
35590,Zooming In With Two Fingers,Zooming Out With Two Fingers
71566,Turning Hand Counterclockwise,Swiping Up
117195,Sliding Two Fingers Left,No gesture
79104,Pushing Hand Away,Stop Sign
74524,Rolling Hand Backward,Doing other things
73970,Shaking Hand,Pushing Hand Away
128862,Pushing Two Fingers Away,Turning Hand Clockwise
49846,Zooming In With Full Hand,Zooming In With Two Fingers
6512,Sliding Two Fingers Up,Sliding Two Fingers Down
49878,No gesture,Swiping Left
19971,Swiping Up,Sliding Two Fingers Left
57396,Zooming In With Two Fingers,Zooming Out With Two Fingers
119398,Rolling Hand Forward,Rolling Hand Backward
82672,Turning Hand Clockwise,Pulling Hand In
16477,Zooming In With Full Hand,Zooming Out With Full Hand
7978,Swiping Right,Swiping Left
6651,Zooming In With Two Fingers,Zooming Out With Two Fingers
9492,Pushing Hand Away,Rolling Hand Backward
11993,Swiping Up,Pulling Hand In
128130,Sliding Two Fingers Left,Sliding Two Fingers Right
57505,Zooming Out With Full Hand,Zooming In With Full Hand
78103,Rolling Hand Backward,Rolling Hand Forward
73011,Swiping Left,Sliding Two Fingers Right
147649,Sliding Two Fingers Up,Sliding Two Fingers Down
88728,Sliding Two Fingers Right,Sliding Two Fingers Left
83010,Sliding Two Fingers Left,Sliding Two Fingers Right
108064,Swiping Up,Pulling Hand In
84970,Sliding Two Fingers Right,No gesture
81081,Turning Hand Counterclockwise,Shaking Hand
28114,Rolling Hand Forward,Rolling Hand Backward
130188,Zooming Out With Full Hand,Swiping Left
15475,Sliding Two Fingers Left,Swiping Left
59852,Sliding Two Fingers Down,Sliding Two Fingers Up
40808,Sliding Two Fingers Down,Zooming Out With Two Fingers
112616,Doing other things,Zooming Out With Two Fingers
1035,Zooming In With Two Fingers,Zooming Out With Two Fingers
28923,Zooming Out With Full Hand,Zooming In With Full Hand
49903,Turning Hand Clockwise,Turning Hand Counterclockwise
12337,Zooming Out With Full Hand,Sliding Two Fingers Down
116685,No gesture,Doing other things
55160,No gesture,Zooming Out With Full Hand
25603,Pulling Hand In,Doing other things
145624,Rolling Hand Forward,Thumb Up
140637,Sliding Two Fingers Left,Sliding Two Fingers Right
123123,Stop Sign,Pushing Hand Away
145721,Zooming In With Two Fingers,Zooming Out With Two Fingers
72139,Sliding Two Fingers Down,Pushing Two Fingers Away
136717,Sliding Two Fingers Left,No gesture
92233,Swiping Left,Doing other things
18874,Turning Hand Counterclockwise,Shaking Hand
16280,Swiping Left,Rolling Hand Backward
135887,Shaking Hand,Pushing Hand Away
107477,Stop Sign,Pulling Hand In
88553,Sliding Two Fingers Down,Pushing Two Fingers Away
20600,Swiping Right,No gesture
57601,Doing other things,No gesture
105275,Turning Hand Clockwise,Doing other things
19956,Sliding Two Fingers Up,Drumming Fingers
31871,Sliding Two Fingers Right,Sliding Two Fingers Left
27804,Zooming In With Two Fingers,Doing other things
31359,Pushing Hand Away,Pulling Two Fingers In
129230,Doing other things,Zooming In With Full Hand
91893,Zooming In With Two Fingers,Sliding Two Fingers Right
133258,Swiping Right,Shaking Hand
61339,Rolling Hand Forward,Doing other things
77622,Pushing Hand Away,Pulling Two Fingers In
32122,Zooming In With Two Fingers,Zooming Out With Two Fingers
82530,No gesture,Pulling Two Fingers In
56479,Zooming Out With Two Fingers,Zooming In With Two Fingers
109121,Sliding Two Fingers Right,Sliding Two Fingers Left
124431,Drumming Fingers,Turning Hand Clockwise
142061,Swiping Right,No gesture
51149,Sliding Two Fingers Down,Doing other things
136445,Swiping Right,Sliding Two Fingers Left
123816,Pushing Hand Away,Stop Sign
143381,Turning Hand Counterclockwise,Turning Hand Clockwise
63636,Pulling Two Fingers In,Doing other things
19596,Pulling Two Fingers In,Pulling Hand In
129064,Sliding Two Fingers Right,Pushing Two Fingers Away
9493,Pushing Hand Away,Swiping Up
69284,Pulling Hand In,Doing other things
95116,Sliding Two Fingers Up,Swiping Up
4762,Drumming Fingers,Swiping Down
13546,No gesture,Pulling Two Fingers In
115271,Swiping Up,Sliding Two Fingers Right
34514,Zooming Out With Two Fingers,Zooming Out With Full Hand
41431,Sliding Two Fingers Up,Sliding Two Fingers Down
103730,Swiping Left,Sliding Two Fingers Left
127031,Stop Sign,Pushing Hand Away
60839,Turning Hand Clockwise,Zooming In With Full Hand
6312,Swiping Left,Doing other things
109056,Doing other things,Pulling Two Fingers In
79143,Pulling Hand In,Swiping Up
54707,Pushing Two Fingers Away,Doing other things
93593,Sliding Two Fingers Left,Sliding Two Fingers Right
133439,Turning Hand Counterclockwise,Shaking Hand
8119,Sliding Two Fingers Down,No gesture
75337,No gesture,Swiping Left
129393,Swiping Down,Sliding Two Fingers Down
63617,Zooming In With Full Hand,Zooming Out With Full Hand
18800,Swiping Right,Doing other things
75249,Doing other things,Pushing Hand Away
3376,No gesture,Doing other things
38173,Pushing Two Fingers Away,Sliding Two Fingers Right
21255,Sliding Two Fingers Up,Pushing Two Fingers Away
26113,Turning Hand Clockwise,Zooming In With Full Hand
22599,Sliding Two Fingers Left,Swiping Left
101588,No gesture,Sliding Two Fingers Up
46351,Zooming Out With Full Hand,Zooming In With Full Hand
120506,Sliding Two Fingers Down,Sliding Two Fingers Up
40971,Doing other things,Pulling Two Fingers In
29643,Pulling Two Fingers In,Doing other things
87432,Doing other things,Pulling Two Fingers In
36947,Zooming Out With Full Hand,Zooming In With Full Hand
98501,Rolling Hand Forward,No gesture
107112,Swiping Right,Swiping Left
89764,Turning Hand Counterclockwise,Pushing Two Fingers Away
119709,Pulling Hand In,Thumb Down
124445,Sliding Two Fingers Down,Sliding Two Fingers Up
81753,Sliding Two Fingers Down,Swiping Left
83806,Swiping Down,No gesture
16884,Zooming Out With Full Hand,Zooming In With Full Hand
88047,Sliding Two Fingers Down,Drumming Fingers
57192,Rolling Hand Forward,Rolling Hand Backward
33482,Pushing Hand Away,Stop Sign
40378,Sliding Two Fingers Left,Sliding Two Fingers Down
101067,Swiping Left,Pulling Hand In
134368,Zooming In With Two Fingers,Zooming Out With Two Fingers
121975,Swiping Down,No gesture
43028,Pushing Hand Away,Rolling Hand Backward
114096,Turning Hand Counterclockwise,Turning Hand Clockwise
100580,Sliding Two Fingers Down,Pushing Two Fingers Away
63158,Rolling Hand Forward,Swiping Down
96152,Zooming Out With Full Hand,No gesture
131968,Swiping Down,Doing other things
63555,Thumb Up,Doing other things
146539,Pushing Two Fingers Away,No gesture
44902,Rolling Hand Forward,Doing other things
104183,Sliding Two Fingers Down,Swiping Left
102399,Zooming Out With Two Fingers,Zooming In With Two Fingers
38093,Swiping Left,Swiping Right
27685,Swiping Left,No gesture
102937,Sliding Two Fingers Right,Sliding Two Fingers Left
81504,Pulling Two Fingers In,Doing other things
84160,Pulling Hand In,Swiping Up
127339,Doing other things,Zooming Out With Two Fingers
107499,Sliding Two Fingers Right,Pulling Two Fingers In
37238,Shaking Hand,Turning Hand Counterclockwise
59910,Thumb Up,Swiping Right
111665,Sliding Two Fingers Left,Swiping Right
13149,Pushing Hand Away,Stop Sign
45773,Turning Hand Counterclockwise,Shaking Hand
16310,Sliding Two Fingers Down,Pushing Two Fingers Away
75138,Swiping Right,Doing other things
52043,Swiping Right,Sliding Two Fingers Right
98407,Swiping Right,Doing other things
139219,Sliding Two Fingers Right,No gesture
42217,Pushing Two Fingers Away,Thumb Up
261,Zooming Out With Full Hand,Zooming In With Full Hand
90442,Sliding Two Fingers Left,Doing other things
19969,Pulling Two Fingers In,Pulling Hand In
18807,Zooming Out With Two Fingers,Sliding Two Fingers Right
147022,Zooming Out With Two Fingers,Zooming In With Two Fingers
122693,Pushing Two Fingers Away,Sliding Two Fingers Down
128076,No gesture,Swiping Up
9360,Stop Sign,Pushing Hand Away
115683,Zooming Out With Full Hand,Zooming In With Full Hand
4924,Sliding Two Fingers Left,Doing other things
20041,Sliding Two Fingers Down,Pushing Two Fingers Away
4676,Sliding Two Fingers Down,No gesture
31901,Turning Hand Counterclockwise,Shaking Hand
95528,Turning Hand Clockwise,Swiping Right
145157,Rolling Hand Backward,Zooming In With Full Hand
118514,Zooming Out With Two Fingers,Zooming In With Two Fingers
70385,Sliding Two Fingers Down,No gesture
130744,Doing other things,Swiping Left
32568,Pulling Hand In,No gesture
13203,Doing other things,Sliding Two Fingers Down
23335,Sliding Two Fingers Right,No gesture
16246,Pulling Two Fingers In,Sliding Two Fingers Down
5596,Sliding Two Fingers Left,Drumming Fingers
128359,Thumb Down,Rolling Hand Forward
538,Rolling Hand Forward,Rolling Hand Backward
31425,Drumming Fingers,Sliding Two Fingers Up
74315,Zooming In With Two Fingers,Turning Hand Counterclockwise
46173,Drumming Fingers,Doing other things
101528,Sliding Two Fingers Down,Sliding Two Fingers Up
74650,Sliding Two Fingers Up,No gesture
7137,Sliding Two Fingers Down,Pulling Two Fingers In
143043,Sliding Two Fingers Up,Pushing Two Fingers Away
63969,Zooming In With Full Hand,Turning Hand Counterclockwise
51028,Swiping Up,Turning Hand Clockwise
111331,Sliding Two Fingers Left,Swiping Left
31985,Sliding Two Fingers Left,Sliding Two Fingers Right
95467,Swiping Down,Swiping Right
136632,Pulling Two Fingers In,No gesture
10334,Pulling Two Fingers In,Pushing Two Fingers Away
82885,Sliding Two Fingers Left,No gesture
116096,Swiping Left,Sliding Two Fingers Right
47818,Swiping Right,Rolling Hand Backward
19598,Sliding Two Fingers Down,Sliding Two Fingers Up
43053,Pulling Hand In,Shaking Hand
132842,Sliding Two Fingers Up,Pulling Two Fingers In
123812,Thumb Up,Sliding Two Fingers Left
91918,Zooming Out With Two Fingers,Zooming In With Two Fingers
111953,Swiping Down,Doing other things
15729,Turning Hand Clockwise,Zooming Out With Full Hand
123155,Sliding Two Fingers Right,Rolling Hand Forward
64833,Zooming In With Two Fingers,Zooming Out With Two Fingers
97635,Swiping Right,Swiping Left
88550,Swiping Down,No gesture
76993,Sliding Two Fingers Down,Zooming In With Two Fingers
98365,Pushing Two Fingers Away,Sliding Two Fingers Down
123274,Doing other things,Zooming Out With Two Fingers
117149,Doing other things,Drumming Fingers
10102,Pushing Hand Away,Pulling Hand In
126667,Pushing Hand Away,Stop Sign
17894,Sliding Two Fingers Up,Sliding Two Fingers Down
83172,Sliding Two Fingers Up,Sliding Two Fingers Down
94226,Pulling Two Fingers In,Pushing Hand Away
108780,Stop Sign,Swiping Down
69500,Rolling Hand Backward,Doing other things
22981,Zooming In With Full Hand,Zooming Out With Full Hand
34794,Pulling Hand In,Pulling Two Fingers In
66549,Swiping Up,Swiping Left
115527,Sliding Two Fingers Down,Swiping Left
80712,Pushing Two Fingers Away,Doing other things
14255,Swiping Down,Rolling Hand Backward
54086,Pulling Hand In,Doing other things
55774,Zooming In With Two Fingers,Zooming Out With Two Fingers
34708,Swiping Right,No gesture
96001,Zooming In With Two Fingers,Zooming In With Full Hand
24834,Turning Hand Clockwise,Turning Hand Counterclockwise
18368,Sliding Two Fingers Left,Sliding Two Fingers Right
42152,Sliding Two Fingers Left,Thumb Up
35470,Sliding Two Fingers Down,Swiping Left
20181,Thumb Up,Thumb Down
137052,Pulling Hand In,Pulling Two Fingers In
108831,No gesture,Swiping Up
26546,No gesture,Swiping Right
116450,Sliding Two Fingers Down,Doing other things
7862,Stop Sign,Pushing Hand Away
85934,Sliding Two Fingers Up,Sliding Two Fingers Down
50004,Pushing Two Fingers Away,Sliding Two Fingers Up
6938,No gesture,Sliding Two Fingers Down
131617,Sliding Two Fingers Up,Sliding Two Fingers Down
96149,Pushing Hand Away,No gesture
99926,Swiping Left,Pulling Two Fingers In
9376,Rolling Hand Backward,Rolling Hand Forward
130975,Rolling Hand Backward,Doing other things
67018,Turning Hand Counterclockwise,Zooming In With Full Hand
34610,Turning Hand Clockwise,Turning Hand Counterclockwise
49351,Pulling Hand In,Doing other things
145726,Swiping Right,Shaking Hand
74820,Sliding Two Fingers Left,Sliding Two Fingers Right
31072,Sliding Two Fingers Left,Sliding Two Fingers Right
56529,Pushing Hand Away,Stop Sign
107956,Rolling Hand Backward,Rolling Hand Forward
35464,Swiping Right,Sliding Two Fingers Right
102064,Zooming Out With Full Hand,Zooming In With Full Hand
82535,Swiping Up,Sliding Two Fingers Up
78570,Sliding Two Fingers Down,Pushing Two Fingers Away
27002,Swiping Left,Shaking Hand
33308,Pushing Hand Away,Stop Sign
72544,Doing other things,Swiping Left
122830,Pulling Hand In,Thumb Up
64990,Pulling Two Fingers In,No gesture
71739,No gesture,Swiping Down
24169,Rolling Hand Forward,Rolling Hand Backward
84684,Swiping Down,Sliding Two Fingers Right
22571,Swiping Right,Doing other things
122698,Swiping Right,No gesture
62719,Swiping Left,No gesture
9960,Swiping Right,Doing other things
37819,Shaking Hand,Swiping Up
88483,Pushing Two Fingers Away,Sliding Two Fingers Down
55431,Zooming Out With Two Fingers,Zooming In With Two Fingers
34393,Sliding Two Fingers Up,Sliding Two Fingers Down
97010,Swiping Up,Doing other things
54298,Swiping Left,No gesture
75145,Rolling Hand Forward,Rolling Hand Backward
139861,No gesture,Swiping Left
32204,Thumb Up,Pulling Two Fingers In
67724,Zooming In With Two Fingers,Pulling Two Fingers In
92026,Turning Hand Clockwise,Turning Hand Counterclockwise
91899,Sliding Two Fingers Up,Sliding Two Fingers Down
39579,Doing other things,Thumb Up
18315,Turning Hand Counterclockwise,Swiping Up
101042,Sliding Two Fingers Down,Sliding Two Fingers Up
91609,Swiping Left,No gesture
127806,Sliding Two Fingers Up,Zooming Out With Two Fingers
40398,Zooming Out With Two Fingers,Zooming In With Two Fingers
79502,Sliding Two Fingers Down,Swiping Down
95647,Pulling Two Fingers In,Swiping Right
77417,Swiping Left,Swiping Right
22946,Swiping Down,No gesture
32583,Zooming Out With Full Hand,Zooming In With Full Hand
146752,Pushing Two Fingers Away,Drumming Fingers
144797,Pulling Two Fingers In,Pulling Hand In
25921,Shaking Hand,No gesture
16273,Zooming In With Full Hand,Turning Hand Counterclockwise
71345,Swiping Up,Sliding Two Fingers Right
9390,Turning Hand Clockwise,Zooming In With Full Hand
87656,Swiping Left,Sliding Two Fingers Left
103193,Sliding Two Fingers Down,No gesture
946,Sliding Two Fingers Right,Doing other things
133527,Doing other things,Pulling Hand In
139069,Swiping Down,Sliding Two Fingers Down
82930,Zooming Out With Full Hand,Pushing Two Fingers Away
65341,Zooming Out With Full Hand,Pulling Two Fingers In
131987,Sliding Two Fingers Down,No gesture
24086,Turning Hand Clockwise,Shaking Hand
103890,Sliding Two Fingers Down,Sliding Two Fingers Up
77099,Rolling Hand Forward,No gesture
97250,Zooming Out With Two Fingers,Turning Hand Clockwise
19937,Sliding Two Fingers Left,Swiping Left
145070,Sliding Two Fingers Down,Pushing Hand Away
74844,Pulling Hand In,Turning Hand Clockwise
29254,Zooming Out With Full Hand,Pushing Hand Away
116800,No gesture,Rolling Hand Backward
61385,Zooming Out With Full Hand,Zooming In With Full Hand
124985,Zooming Out With Full Hand,Drumming Fingers
136564,Zooming In With Two Fingers,Doing other things
17503,Zooming In With Full Hand,Zooming Out With Full Hand
54990,Turning Hand Counterclockwise,Pulling Hand In
123721,Swiping Up,Sliding Two Fingers Up
39384,Swiping Down,No gesture
66370,Zooming In With Full Hand,Turning Hand Counterclockwise
11339,Doing other things,Sliding Two Fingers Up
110854,Swiping Down,Sliding Two Fingers Down
29477,Pulling Two Fingers In,Doing other things
101837,Doing other things,Rolling Hand Forward
115089,Sliding Two Fingers Up,Pushing Two Fingers Away
111516,Turning Hand Clockwise,Swiping Left
133029,Swiping Right,No gesture
2824,Zooming Out With Full Hand,Zooming In With Full Hand
9607,Zooming In With Full Hand,Zooming Out With Full Hand
144372,Thumb Down,Swiping Right
47775,Sliding Two Fingers Up,No gesture
108966,Zooming Out With Full Hand,Drumming Fingers
2552,Doing other things,Turning Hand Clockwise
115458,Swiping Down,Doing other things
12016,Stop Sign,Pushing Hand Away
89975,Swiping Up,Pulling Hand In
99099,Swiping Left,Doing other things
20166,Swiping Up,No gesture
141111,Zooming Out With Full Hand,Zooming In With Two Fingers
34311,Zooming Out With Full Hand,Zooming In With Full Hand
145517,Swiping Up,Sliding Two Fingers Right
143356,Sliding Two Fingers Up,Doing other things
997,Sliding Two Fingers Down,Sliding Two Fingers Up
90872,Sliding Two Fingers Up,Rolling Hand Backward
25486,Stop Sign,Pushing Hand Away
118888,Doing other things,Rolling Hand Backward
104518,Shaking Hand,Zooming Out With Full Hand
68141,Zooming In With Two Fingers,Zooming Out With Two Fingers
31175,Sliding Two Fingers Left,Sliding Two Fingers Right
56428,Swiping Up,Pulling Hand In
115731,Rolling Hand Forward,Thumb Down
60925,Sliding Two Fingers Down,No gesture
122554,Drumming Fingers,Swiping Right
64446,Swiping Down,No gesture
140946,Swiping Right,Sliding Two Fingers Right
25947,Zooming In With Two Fingers,Drumming Fingers
97801,No gesture,Swiping Down
69479,Thumb Up,Swiping Left
62106,Rolling Hand Backward,Rolling Hand Forward
144388,Sliding Two Fingers Right,Sliding Two Fingers Left
31873,Swiping Right,No gesture
33124,Swiping Right,Turning Hand Counterclockwise
61686,Swiping Right,Swiping Left
95442,Drumming Fingers,Shaking Hand
116769,Swiping Left,Swiping Right
49778,Zooming Out With Full Hand,Zooming In With Full Hand
32526,Pulling Hand In,Doing other things
101419,Sliding Two Fingers Down,Pulling Two Fingers In
11610,Rolling Hand Forward,Rolling Hand Backward
61160,Doing other things,Thumb Up
107847,Swiping Left,Swiping Up
117446,Pushing Two Fingers Away,Zooming Out With Two Fingers
83285,Rolling Hand Backward,Rolling Hand Forward
134366,Sliding Two Fingers Left,Sliding Two Fingers Right
143649,Zooming In With Full Hand,Rolling Hand Backward
19606,Swiping Up,Turning Hand Counterclockwise
102067,Turning Hand Clockwise,Turning Hand Counterclockwise
90580,Doing other things,Sliding Two Fingers Up
72624,Swiping Down,Drumming Fingers
106200,Thumb Down,Doing other things
148052,Sliding Two Fingers Right,No gesture
28701,Swiping Left,Sliding Two Fingers Left
62478,Sliding Two Fingers Left,Turning Hand Clockwise
68362,Pushing Two Fingers Away,Zooming Out With Full Hand
100438,Swiping Down,No gesture
85227,Rolling Hand Backward,Rolling Hand Forward
33012,Swiping Down,Rolling Hand Backward
3680,Pulling Hand In,Pulling Two Fingers In
125735,Drumming Fingers,No gesture
45987,Sliding Two Fingers Left,Swiping Left
5169,Sliding Two Fingers Right,Pushing Two Fingers Away
15681,Swiping Down,Pushing Two Fingers Away
103183,Thumb Down,Doing other things
19320,Rolling Hand Backward,Rolling Hand Forward
121886,Zooming In With Two Fingers,Zooming Out With Full Hand
123144,Turning Hand Clockwise,Turning Hand Counterclockwise
110354,Zooming Out With Full Hand,Zooming In With Full Hand
143373,Swiping Right,No gesture
24694,Turning Hand Counterclockwise,Shaking Hand
68299,Sliding Two Fingers Right,Sliding Two Fingers Left
147398,Rolling Hand Backward,Rolling Hand Forward
43579,Pulling Two Fingers In,Pushing Two Fingers Away
52142,Stop Sign,Pushing Hand Away
56134,Doing other things,Swiping Up
22404,Zooming Out With Full Hand,Zooming In With Full Hand
147325,Pulling Two Fingers In,Swiping Up
58399,Pushing Hand Away,Stop Sign
96171,Zooming Out With Full Hand,Zooming In With Full Hand
133370,Sliding Two Fingers Right,Rolling Hand Backward
24427,Pulling Hand In,Swiping Up
33778,Swiping Left,No gesture
133689,Pulling Hand In,Swiping Up
126027,Shaking Hand,Swiping Down
143358,Doing other things,Zooming In With Full Hand
115747,Swiping Up,No gesture
25534,Swiping Right,No gesture
32017,Sliding Two Fingers Left,No gesture
5506,Swiping Left,Swiping Right
95711,Rolling Hand Forward,Rolling Hand Backward
146458,Pushing Two Fingers Away,Pulling Two Fingers In
3667,Pushing Two Fingers Away,Sliding Two Fingers Up
44325,Sliding Two Fingers Left,Swiping Left
21961,Swiping Left,No gesture
63368,Rolling Hand Forward,Doing other things
14648,Turning Hand Counterclockwise,Pushing Hand Away
134892,Thumb Up,Sliding Two Fingers Left
102053,Swiping Right,Swiping Left
49511,Rolling Hand Forward,Swiping Right
132473,Zooming In With Full Hand,Doing other things
77262,Sliding Two Fingers Down,Pushing Two Fingers Away
82692,Swiping Up,Pulling Hand In
94477,Pulling Hand In,No gesture
116179,Doing other things,Turning Hand Clockwise
143281,Pulling Two Fingers In,Doing other things
109255,Rolling Hand Forward,Rolling Hand Backward
143917,Rolling Hand Forward,Doing other things
22175,Sliding Two Fingers Right,No gesture
1530,No gesture,Swiping Down
27779,Rolling Hand Forward,Swiping Up
94560,Doing other things,Turning Hand Counterclockwise
63890,Sliding Two Fingers Right,Thumb Up
113268,Turning Hand Clockwise,Pulling Hand In
96387,Swiping Down,Pulling Hand In
90132,Sliding Two Fingers Down,Sliding Two Fingers Up
47539,Sliding Two Fingers Up,Sliding Two Fingers Down
119435,Sliding Two Fingers Left,Sliding Two Fingers Right
63437,Turning Hand Clockwise,Shaking Hand
10174,Sliding Two Fingers Down,Doing other things
50818,Zooming In With Two Fingers,Sliding Two Fingers Up
31731,Pushing Two Fingers Away,Sliding Two Fingers Down
45761,Sliding Two Fingers Right,Swiping Right
112128,Zooming In With Two Fingers,Shaking Hand
78646,No gesture,Swiping Up
43000,Zooming Out With Full Hand,Zooming In With Full Hand
74464,Turning Hand Clockwise,Turning Hand Counterclockwise
13557,Rolling Hand Backward,Rolling Hand Forward
87324,Swiping Down,No gesture
99311,Sliding Two Fingers Up,No gesture
68343,Sliding Two Fingers Down,Pushing Two Fingers Away
110535,Doing other things,Turning Hand Clockwise
35299,Rolling Hand Backward,Doing other things
77415,Sliding Two Fingers Left,Swiping Right
141421,No gesture,Pulling Two Fingers In
138825,Sliding Two Fingers Down,No gesture
32841,Doing other things,No gesture
141474,Swiping Left,Swiping Right
51884,Zooming In With Full Hand,Zooming Out With Full Hand
2492,Zooming In With Two Fingers,Zooming Out With Two Fingers
90173,Sliding Two Fingers Down,Sliding Two Fingers Up
114932,Turning Hand Counterclockwise,Zooming Out With Full Hand
53681,Doing other things,Rolling Hand Forward
99554,Sliding Two Fingers Up,Pushing Two Fingers Away
63448,Zooming Out With Two Fingers,Zooming In With Two Fingers
11089,Sliding Two Fingers Right,Sliding Two Fingers Left
29856,Rolling Hand Backward,Shaking Hand
101743,Swiping Down,Sliding Two Fingers Down
63669,Doing other things,No gesture
25375,Zooming In With Two Fingers,Shaking Hand
119994,Drumming Fingers,Pushing Two Fingers Away
16651,Sliding Two Fingers Right,Doing other things
132182,Stop Sign,Pushing Hand Away
41952,Rolling Hand Forward,Rolling Hand Backward
69900,Swiping Right,Doing other things
61359,Zooming Out With Full Hand,Shaking Hand
107651,Swiping Left,Swiping Right
38618,Zooming Out With Two Fingers,Swiping Down
3109,Pulling Hand In,Pulling Two Fingers In
15377,Sliding Two Fingers Left,Swiping Left
23353,Pulling Two Fingers In,No gesture
46646,Shaking Hand,Pulling Two Fingers In
16163,Pushing Hand Away,Stop Sign
31322,Zooming Out With Full Hand,Sliding Two Fingers Left
59085,Shaking Hand,Turning Hand Clockwise
39804,Pushing Hand Away,Doing other things
25322,Sliding Two Fingers Down,No gesture
115923,Doing other things,Sliding Two Fingers Down
82711,Rolling Hand Backward,Rolling Hand Forward
147295,No gesture,Swiping Down
52957,Doing other things,Pulling Two Fingers In
88998,Doing other things,Pulling Two Fingers In
42023,Doing other things,Swiping Left
124329,Sliding Two Fingers Right,Drumming Fingers
14701,Swiping Left,Doing other things
13458,Sliding Two Fingers Right,No gesture
110084,Pushing Hand Away,Swiping Down
36477,Sliding Two Fingers Right,Swiping Left
142679,Sliding Two Fingers Down,Sliding Two Fingers Up
2069,Shaking Hand,Pulling Hand In
126253,Zooming Out With Full Hand,Doing other things
26174,Zooming In With Two Fingers,Zooming Out With Full Hand
65554,Pushing Hand Away,Stop Sign
37593,Zooming In With Two Fingers,Zooming Out With Two Fingers
53600,Sliding Two Fingers Left,Swiping Left
146981,Pushing Hand Away,Stop Sign
113088,Sliding Two Fingers Down,Sliding Two Fingers Right
87282,Swiping Up,Pulling Two Fingers In
106655,Sliding Two Fingers Left,Swiping Left
74027,Swiping Down,Pushing Hand Away
9466,Pulling Hand In,Swiping Up
97792,Sliding Two Fingers Down,Doing other things
122043,No gesture,Swiping Left
57440,Sliding Two Fingers Left,Swiping Left
56040,Thumb Up,Swiping Right
112084,Sliding Two Fingers Up,Swiping Down
88112,Turning Hand Clockwise,Turning Hand Counterclockwise
1912,Pulling Two Fingers In,Doing other things
20082,Swiping Right,Sliding Two Fingers Down
120403,Zooming Out With Two Fingers,Zooming In With Two Fingers
142162,Drumming Fingers,Zooming Out With Two Fingers
72748,Thumb Up,Doing other things
110862,Zooming Out With Two Fingers,Zooming In With Two Fingers
94427,Sliding Two Fingers Down,Sliding Two Fingers Up
18743,Thumb Up,Sliding Two Fingers Left
136591,Turning Hand Clockwise,Pushing Hand Away
146107,Thumb Up,No gesture
38985,Pushing Hand Away,Swiping Left
61406,Zooming In With Two Fingers,Rolling Hand Backward
14135,Doing other things,Pushing Two Fingers Away
133410,Sliding Two Fingers Up,Sliding Two Fingers Down
60833,Swiping Right,Swiping Left
109513,Turning Hand Counterclockwise,Zooming In With Full Hand
28393,Swiping Left,No gesture
14593,Drumming Fingers,Pushing Two Fingers Away
82890,Turning Hand Counterclockwise,Doing other things
54810,Pulling Two Fingers In,No gesture
137658,Swiping Right,Sliding Two Fingers Right
27913,Swiping Down,Doing other things
84257,Swiping Right,Swiping Left
126004,Zooming In With Two Fingers,Thumb Up
46139,Pushing Two Fingers Away,Sliding Two Fingers Left
105642,Thumb Down,Doing other things
145100,Sliding Two Fingers Down,Swiping Left
114525,Shaking Hand,Doing other things
97771,Turning Hand Clockwise,Turning Hand Counterclockwise
133141,Thumb Down,Rolling Hand Backward
138633,Swiping Left,Sliding Two Fingers Right
136282,Thumb Down,Doing other things
63884,Rolling Hand Backward,Drumming Fingers
90307,Sliding Two Fingers Up,Thumb Up
52107,Pulling Two Fingers In,Thumb Up
47442,Sliding Two Fingers Down,Sliding Two Fingers Up
68715,Zooming Out With Two Fingers,Zooming Out With Full Hand
12374,Stop Sign,Pushing Hand Away
8133,Stop Sign,Pushing Hand Away
36980,Stop Sign,Pushing Hand Away
108725,Zooming In With Two Fingers,Thumb Up
88078,Sliding Two Fingers Left,Doing other things
84173,Rolling Hand Backward,Rolling Hand Forward
138667,Sliding Two Fingers Down,No gesture
8238,Zooming Out With Full Hand,Zooming In With Full Hand
59607,Pushing Two Fingers Away,Pulling Two Fingers In
59116,Swiping Left,Thumb Up
48930,Rolling Hand Forward,Rolling Hand Backward
90578,Turning Hand Clockwise,Turning Hand Counterclockwise
91603,Zooming Out With Full Hand,Zooming In With Full Hand
135301,Rolling Hand Backward,Rolling Hand Forward
4710,Shaking Hand,Pulling Two Fingers In
71556,No gesture,Swiping Left
11943,Swiping Down,Shaking Hand
16013,No gesture,Doing other things
102235,Swiping Down,No gesture
86661,Pulling Hand In,Turning Hand Counterclockwise
32986,Pulling Two Fingers In,Pushing Hand Away
79427,Drumming Fingers,Sliding Two Fingers Left
55525,Sliding Two Fingers Down,Pushing Two Fingers Away
32129,Swiping Left,No gesture
100821,Zooming In With Full Hand,Turning Hand Counterclockwise
16712,Pushing Two Fingers Away,Sliding Two Fingers Up
117436,Pulling Hand In,Swiping Up
41038,Zooming Out With Two Fingers,Zooming Out With Full Hand
120521,Pushing Two Fingers Away,Sliding Two Fingers Up
43563,Swiping Right,Swiping Left
43232,Pulling Hand In,Pulling Two Fingers In
5795,Swiping Up,Swiping Down
128655,Doing other things,Sliding Two Fingers Right
14047,Swiping Down,Stop Sign
84533,Pushing Hand Away,Stop Sign
66866,Thumb Down,Doing other things
35872,Swiping Up,Pulling Hand In
58434,Sliding Two Fingers Left,Thumb Up
93969,Swiping Right,No gesture
107205,Pushing Two Fingers Away,Pulling Two Fingers In
39856,Swiping Right,Thumb Down
26399,Rolling Hand Forward,Rolling Hand Backward
61747,Swiping Left,Swiping Right
92205,Swiping Down,Doing other things
123087,Turning Hand Counterclockwise,Shaking Hand
52424,Sliding Two Fingers Up,Sliding Two Fingers Down
87426,Thumb Up,Pulling Two Fingers In
43383,Sliding Two Fingers Right,Swiping Up
22117,Sliding Two Fingers Up,Sliding Two Fingers Down
140653,Swiping Down,Sliding Two Fingers Left
47839,Pulling Hand In,Swiping Up
88384,Sliding Two Fingers Down,Swiping Right
63578,Pulling Two Fingers In,Pulling Hand In
62434,Swiping Right,Swiping Down
43392,Sliding Two Fingers Down,Sliding Two Fingers Up
144652,Zooming Out With Two Fingers,Zooming In With Two Fingers
72069,Swiping Down,Rolling Hand Backward
33558,No gesture,Rolling Hand Backward
86135,Stop Sign,Swiping Down
24855,Swiping Right,No gesture
96083,Swiping Right,Swiping Down
60968,Sliding Two Fingers Right,Doing other things
98267,Doing other things,Turning Hand Clockwise
106080,Turning Hand Clockwise,Turning Hand Counterclockwise
115661,Swiping Up,Swiping Down
107086,Zooming In With Two Fingers,No gesture
68888,Sliding Two Fingers Down,Swiping Down
104970,Sliding Two Fingers Down,Pushing Two Fingers Away
29918,Swiping Right,No gesture
34309,Sliding Two Fingers Right,Swiping Right
89314,Swiping Left,Sliding Two Fingers Right
80955,Rolling Hand Backward,Doing other things
65727,Zooming Out With Two Fingers,Sliding Two Fingers Right
48459,Stop Sign,Pushing Hand Away
121992,Sliding Two Fingers Left,Pushing Two Fingers Away
64965,Zooming Out With Full Hand,Turning Hand Clockwise
92007,Sliding Two Fingers Up,Swiping Down
137900,Rolling Hand Forward,Rolling Hand Backward
47470,Shaking Hand,Zooming In With Full Hand
94480,Zooming In With Two Fingers,Zooming Out With Two Fingers
57409,Zooming Out With Full Hand,Shaking Hand
64984,Pushing Hand Away,Stop Sign
68823,Rolling Hand Forward,Rolling Hand Backward
117306,Doing other things,Swiping Right
55584,Doing other things,Swiping Down
2443,Doing other things,Sliding Two Fingers Up
103960,Pulling Hand In,Pulling Two Fingers In
90050,Swiping Up,Swiping Left
41576,Sliding Two Fingers Right,Sliding Two Fingers Left
3351,Rolling Hand Backward,Rolling Hand Forward
109296,Pushing Two Fingers Away,Pushing Hand Away
134736,Swiping Down,Doing other things
6585,Zooming Out With Full Hand,Zooming In With Full Hand
116059,Turning Hand Clockwise,No gesture
41680,Sliding Two Fingers Down,Pushing Two Fingers Away
79943,Swiping Left,No gesture
95212,Pushing Two Fingers Away,Sliding Two Fingers Down
4912,Turning Hand Counterclockwise,Rolling Hand Backward
69545,Rolling Hand Forward,Rolling Hand Backward
122642,Doing other things,Turning Hand Counterclockwise
43760,Swiping Up,Sliding Two Fingers Up
55010,Doing other things,Zooming In With Full Hand
46615,Swiping Down,Rolling Hand Backward
1861,Swiping Up,Swiping Right
44092,Zooming Out With Full Hand,Zooming In With Full Hand
147048,Rolling Hand Forward,Rolling Hand Backward
58335,Sliding Two Fingers Left,Sliding Two Fingers Right
34089,Zooming In With Full Hand,Pushing Hand Away
123020,Pushing Hand Away,Doing other things
41616,No gesture,Doing other things
83133,Shaking Hand,Pulling Two Fingers In
127013,Pulling Hand In,Pulling Two Fingers In
77346,Swiping Up,Pulling Hand In
103900,Pulling Hand In,Doing other things
26320,Rolling Hand Forward,Doing other things
138852,Pulling Hand In,Sliding Two Fingers Right
23944,Swiping Right,Swiping Down
21311,Rolling Hand Forward,Rolling Hand Backward
74562,Doing other things,Shaking Hand
141762,Pushing Two Fingers Away,No gesture
109460,Sliding Two Fingers Down,Sliding Two Fingers Up
83722,Rolling Hand Backward,Rolling Hand Forward
114749,Swiping Right,Drumming Fingers
29823,No gesture,Swiping Down
46162,Stop Sign,Pushing Hand Away
67021,No gesture,Sliding Two Fingers Right
67595,Sliding Two Fingers Left,Sliding Two Fingers Right
63291,Pushing Two Fingers Away,Drumming Fingers
79782,Swiping Down,Pushing Hand Away
73557,Sliding Two Fingers Up,Sliding Two Fingers Down
98049,Zooming Out With Full Hand,Zooming In With Full Hand
84263,Turning Hand Counterclockwise,Turning Hand Clockwise
75065,Zooming Out With Two Fingers,Zooming In With Two Fingers
54417,Swiping Up,Sliding Two Fingers Right
133111,Doing other things,Sliding Two Fingers Up
43049,Doing other things,Rolling Hand Forward
44918,No gesture,Swiping Right
135273,Zooming In With Two Fingers,Drumming Fingers
132436,Zooming In With Two Fingers,Sliding Two Fingers Left
63732,Zooming Out With Full Hand,Zooming In With Full Hand
70978,Swiping Up,Zooming Out With Two Fingers
34903,Rolling Hand Forward,Swiping Up
103754,Stop Sign,Pushing Hand Away
47043,Swiping Right,Swiping Left
28390,Drumming Fingers,Swiping Down
99446,Sliding Two Fingers Left,No gesture
80781,Swiping Up,No gesture
2252,Sliding Two Fingers Down,Doing other things
2216,No gesture,Swiping Down
136038,Doing other things,Rolling Hand Backward
34705,Swiping Right,No gesture
16120,Zooming In With Full Hand,Turning Hand Counterclockwise
76736,Swiping Up,Pulling Hand In
98509,Sliding Two Fingers Down,Sliding Two Fingers Up
46816,Zooming In With Full Hand,Stop Sign
136824,Pushing Hand Away,Zooming In With Full Hand
64909,Pulling Hand In,Doing other things
77066,Swiping Down,Swiping Right
146189,Sliding Two Fingers Right,Thumb Up
222,Turning Hand Clockwise,Turning Hand Counterclockwise
35885,Zooming Out With Two Fingers,Zooming In With Two Fingers
1426,Doing other things,Pushing Two Fingers Away
116356,Turning Hand Clockwise,Turning Hand Counterclockwise
41441,Zooming In With Full Hand,Shaking Hand
42042,Sliding Two Fingers Left,Sliding Two Fingers Right
38687,Stop Sign,Pushing Hand Away
116502,Pushing Hand Away,Doing other things
6754,Swiping Left,Doing other things
35352,Rolling Hand Forward,Rolling Hand Backward
41801,Rolling Hand Forward,Rolling Hand Backward
78735,Zooming Out With Two Fingers,Zooming In With Two Fingers
47646,Turning Hand Clockwise,Turning Hand Counterclockwise
58189,Sliding Two Fingers Right,Doing other things
113286,Stop Sign,Pushing Hand Away
61704,Pushing Hand Away,Doing other things
20890,Turning Hand Clockwise,Shaking Hand
18772,Sliding Two Fingers Up,Sliding Two Fingers Down
91292,Zooming In With Two Fingers,Zooming Out With Two Fingers
134563,Doing other things,Sliding Two Fingers Right
50704,Sliding Two Fingers Down,Swiping Up
127165,Sliding Two Fingers Up,Sliding Two Fingers Down
135977,Rolling Hand Forward,Rolling Hand Backward
31826,Doing other things,Shaking Hand
36678,Sliding Two Fingers Right,No gesture
23932,Sliding Two Fingers Left,Sliding Two Fingers Right
92267,Sliding Two Fingers Left,Sliding Two Fingers Right
72460,Pushing Two Fingers Away,Shaking Hand
88538,Sliding Two Fingers Right,Doing other things
13333,Stop Sign,Pushing Hand Away
61994,Zooming In With Two Fingers,Zooming Out With Two Fingers
40011,Sliding Two Fingers Up,Pulling Two Fingers In
33313,Swiping Up,Pushing Two Fingers Away
73483,Turning Hand Counterclockwise,Turning Hand Clockwise
37009,Swiping Right,No gesture
80766,Turning Hand Counterclockwise,Shaking Hand
101498,Pulling Hand In,Shaking Hand
147485,Pushing Two Fingers Away,Rolling Hand Forward
11335,Doing other things,Pulling Two Fingers In
76143,Sliding Two Fingers Left,Sliding Two Fingers Right
38803,Turning Hand Clockwise,Turning Hand Counterclockwise
107500,Drumming Fingers,Doing other things
60253,Pulling Hand In,Swiping Up
94536,Sliding Two Fingers Left,Sliding Two Fingers Right
8554,Thumb Down,Doing other things
19291,Sliding Two Fingers Right,Swiping Left
14861,Drumming Fingers,Swiping Right
67285,Turning Hand Clockwise,Turning Hand Counterclockwise
78912,Stop Sign,Pushing Hand Away
131143,Rolling Hand Backward,Rolling Hand Forward
6721,Zooming Out With Full Hand,Doing other things
77743,Swiping Right,Swiping Left
98325,Sliding Two Fingers Left,Sliding Two Fingers Up
15883,Pushing Two Fingers Away,Pulling Two Fingers In
89969,Swiping Up,Swiping Left
132949,Pulling Hand In,Pulling Two Fingers In
48227,Zooming Out With Two Fingers,Doing other things
143637,Pulling Two Fingers In,Zooming In With Full Hand
3104,Swiping Right,Swiping Left
50131,Turning Hand Clockwise,Turning Hand Counterclockwise
40210,Swiping Up,Swiping Down
103513,Pulling Two Fingers In,Swiping Right
47892,Sliding Two Fingers Left,Sliding Two Fingers Right
130501,Sliding Two Fingers Left,Swiping Right
83042,Pushing Hand Away,Stop Sign
94420,Zooming Out With Two Fingers,Zooming In With Two Fingers
92796,Sliding Two Fingers Right,Swiping Left
51978,Swiping Right,Doing other things
127913,Pushing Two Fingers Away,Sliding Two Fingers Left
47758,Zooming Out With Two Fingers,Zooming In With Two Fingers
125690,Rolling Hand Backward,Rolling Hand Forward
103995,Zooming Out With Two Fingers,Doing other things
79862,Pulling Hand In,Pulling Two Fingers In
119719,Swiping Left,Swiping Right
146969,Sliding Two Fingers Left,Swiping Left
48812,Doing other things,Swiping Right
134788,No gesture,Doing other things
114482,Pulling Hand In,Sliding Two Fingers Down
64851,No gesture,Doing other things
144172,Doing other things,Pulling Two Fingers In
24393,Zooming In With Two Fingers,Zooming Out With Two Fingers
138372,Turning Hand Counterclockwise,No gesture
133484,Zooming In With Two Fingers,Pulling Two Fingers In
58573,Zooming In With Two Fingers,Doing other things
56385,Stop Sign,Pushing Hand Away
34176,Sliding Two Fingers Right,Doing other things
89272,Doing other things,Sliding Two Fingers Right
95542,Swiping Right,Doing other things
112643,Turning Hand Counterclockwise,Turning Hand Clockwise
118533,Pushing Hand Away,Pushing Two Fingers Away
117564,Swiping Left,Swiping Right
119097,Rolling Hand Backward,Rolling Hand Forward
74721,Zooming In With Two Fingers,Zooming Out With Two Fingers
140535,Sliding Two Fingers Right,Pulling Two Fingers In
113378,Sliding Two Fingers Left,Doing other things
50288,Swiping Up,Rolling Hand Forward
34938,Sliding Two Fingers Up,Sliding Two Fingers Down
17327,Sliding Two Fingers Left,Sliding Two Fingers Right
37448,Pushing Two Fingers Away,Thumb Up
14337,Sliding Two Fingers Right,Doing other things
40969,Zooming In With Two Fingers,Doing other things
87182,Sliding Two Fingers Down,Sliding Two Fingers Up
89834,Sliding Two Fingers Down,No gesture
57898,Sliding Two Fingers Down,Swiping Right
106017,Zooming In With Two Fingers,Zooming Out With Two Fingers
127708,Doing other things,Shaking Hand
136523,Turning Hand Counterclockwise,Turning Hand Clockwise
1360,Sliding Two Fingers Up,Pushing Two Fingers Away
101308,Swiping Right,Rolling Hand Backward
116765,Drumming Fingers,Zooming In With Two Fingers
66390,Zooming Out With Two Fingers,Shaking Hand
56140,Rolling Hand Forward,Sliding Two Fingers Right
145951,Sliding Two Fingers Up,Drumming Fingers
74076,Pushing Hand Away,Stop Sign
106247,Sliding Two Fingers Right,Sliding Two Fingers Left
90463,Swiping Left,Rolling Hand Backward
34983,Pulling Hand In,Shaking Hand
129179,Swiping Left,Doing other things
110596,Turning Hand Counterclockwise,Turning Hand Clockwise
11453,Shaking Hand,Zooming In With Full Hand
113754,Swiping Up,Pulling Hand In
22363,Sliding Two Fingers Right,Swiping Left
43581,Pushing Two Fingers Away,Sliding Two Fingers Up
53223,Sliding Two Fingers Down,Swiping Down
94239,Zooming Out With Two Fingers,Zooming In With Two Fingers
115873,Doing other things,Thumb Up
76833,Sliding Two Fingers Up,Sliding Two Fingers Left
11074,Stop Sign,Pushing Hand Away
81344,Zooming Out With Full Hand,Zooming In With Full Hand
56411,Sliding Two Fingers Down,Pushing Two Fingers Away
113582,Sliding Two Fingers Down,Sliding Two Fingers Up
2465,Doing other things,Swiping Left
27515,Turning Hand Counterclockwise,Turning Hand Clockwise
8042,Doing other things,Swiping Right
13394,Pushing Two Fingers Away,Doing other things
84219,Sliding Two Fingers Left,Sliding Two Fingers Right
110447,Doing other things,Swiping Down
65925,Stop Sign,Pushing Hand Away
97676,Zooming Out With Full Hand,Zooming In With Full Hand
33810,Rolling Hand Backward,Rolling Hand Forward
57368,Swiping Left,No gesture
108992,Sliding Two Fingers Left,Rolling Hand Backward
42634,No gesture,Sliding Two Fingers Right
101279,Sliding Two Fingers Left,Swiping Left
145398,Sliding Two Fingers Up,Sliding Two Fingers Down
34180,Zooming Out With Full Hand,Zooming In With Full Hand
68657,Pulling Two Fingers In,Pulling Hand In
83879,Turning Hand Clockwise,Swiping Down
116078,Zooming In With Full Hand,Zooming Out With Full Hand
80770,Zooming Out With Two Fingers,Doing other things
110012,Zooming In With Two Fingers,Zooming Out With Two Fingers
13292,Swiping Down,Rolling Hand Backward
127274,Swiping Down,Drumming Fingers
62911,Sliding Two Fingers Up,Pushing Two Fingers Away
30858,Pulling Hand In,Swiping Up
43379,Swiping Up,Doing other things
75325,Shaking Hand,Pushing Hand Away
88607,Pushing Two Fingers Away,Sliding Two Fingers Up
29406,Rolling Hand Backward,Rolling Hand Forward
142110,Rolling Hand Forward,No gesture
20634,Sliding Two Fingers Right,Swiping Left
80204,Rolling Hand Backward,Rolling Hand Forward
131385,Zooming Out With Full Hand,Zooming In With Full Hand
7842,Pulling Two Fingers In,Pushing Hand Away
31033,Rolling Hand Forward,No gesture
77951,Turning Hand Counterclockwise,Turning Hand Clockwise
103858,Drumming Fingers,Swiping Right
108227,Pulling Two Fingers In,Pushing Two Fingers Away
146267,Zooming Out With Two Fingers,Zooming In With Two Fingers
94037,Pushing Hand Away,Shaking Hand
78906,Doing other things,Sliding Two Fingers Right
121505,Zooming In With Full Hand,Turning Hand Clockwise
128060,Zooming In With Two Fingers,Pushing Two Fingers Away
16239,Sliding Two Fingers Right,Swiping Right
7120,Thumb Up,Doing other things
44921,Sliding Two Fingers Right,No gesture
95280,Sliding Two Fingers Down,Pushing Two Fingers Away
142710,Swiping Right,Doing other things
59831,Rolling Hand Forward,Rolling Hand Backward
94267,Sliding Two Fingers Up,Sliding Two Fingers Right
530,Swiping Left,No gesture
33680,Swiping Left,Doing other things
108882,Sliding Two Fingers Down,Zooming Out With Two Fingers
30354,Turning Hand Clockwise,Shaking Hand
43178,Pulling Two Fingers In,Pushing Two Fingers Away
35193,Zooming Out With Full Hand,Zooming In With Full Hand
145774,Sliding Two Fingers Left,No gesture
11998,Zooming In With Two Fingers,Zooming Out With Two Fingers
127706,Sliding Two Fingers Down,Sliding Two Fingers Up
49084,Shaking Hand,Turning Hand Clockwise
100003,Thumb Up,Sliding Two Fingers Down
144062,Sliding Two Fingers Up,Pushing Two Fingers Away
102717,Stop Sign,Pushing Hand Away
7129,Sliding Two Fingers Right,Swiping Left
8603,Swiping Right,Sliding Two Fingers Down
104869,Drumming Fingers,Pulling Two Fingers In
78475,Doing other things,Sliding Two Fingers Right
28807,Sliding Two Fingers Up,Sliding Two Fingers Down
98473,Zooming Out With Two Fingers,Zooming In With Two Fingers
29906,Rolling Hand Forward,Sliding Two Fingers Up
108303,Swiping Down,Doing other things
44686,Turning Hand Clockwise,Turning Hand Counterclockwise
102484,Pushing Hand Away,Stop Sign
111098,Thumb Down,No gesture
102470,Pushing Two Fingers Away,Thumb Up
48633,Sliding Two Fingers Left,Sliding Two Fingers Right
78065,Pushing Two Fingers Away,Thumb Up
23718,Turning Hand Clockwise,Turning Hand Counterclockwise
29078,Drumming Fingers,Thumb Down
115612,Doing other things,Zooming In With Full Hand
71062,Zooming Out With Full Hand,Zooming In With Full Hand
60907,Swiping Left,No gesture
31210,Swiping Up,Swiping Left
78162,Stop Sign,Swiping Left
41817,Thumb Up,Doing other things
55352,Sliding Two Fingers Down,No gesture
35899,Swiping Right,No gesture
118414,Sliding Two Fingers Left,Sliding Two Fingers Right
45172,Zooming Out With Full Hand,Zooming In With Full Hand
101101,Swiping Left,Swiping Right
68084,Sliding Two Fingers Right,Rolling Hand Backward
34729,Zooming In With Full Hand,Zooming Out With Full Hand
68411,Swiping Left,Pulling Hand In
13995,Swiping Up,Thumb Down
131613,Swiping Left,Doing other things
75285,Swiping Right,Rolling Hand Backward
81780,Zooming In With Two Fingers,Zooming Out With Two Fingers
148065,Drumming Fingers,Pushing Two Fingers Away
109995,Stop Sign,Pushing Hand Away
65153,Turning Hand Counterclockwise,Turning Hand Clockwise
132762,Sliding Two Fingers Up,Sliding Two Fingers Down
140497,Shaking Hand,Turning Hand Counterclockwise
103501,Rolling Hand Backward,Zooming Out With Full Hand
63800,Zooming In With Full Hand,Shaking Hand
123833,Sliding Two Fingers Left,Sliding Two Fingers Right
46165,No gesture,Sliding Two Fingers Right
91877,Sliding Two Fingers Down,Sliding Two Fingers Up
7659,Swiping Up,Swiping Down
123479,Turning Hand Clockwise,Shaking Hand
90947,Swiping Left,Doing other things
54841,Sliding Two Fingers Right,No gesture
37454,Rolling Hand Forward,Rolling Hand Backward
74167,Swiping Left,Swiping Right
141700,Sliding Two Fingers Up,Doing other things
43685,Zooming In With Two Fingers,Zooming Out With Two Fingers
65959,Sliding Two Fingers Left,Doing other things
87134,Swiping Down,Stop Sign
53652,Swiping Down,Stop Sign
116994,Doing other things,Rolling Hand Backward
56328,Zooming Out With Two Fingers,Zooming In With Two Fingers
1480,Zooming Out With Full Hand,Doing other things
17369,Stop Sign,Pushing Hand Away
49867,Zooming In With Two Fingers,Zooming Out With Two Fingers
26470,Sliding Two Fingers Down,Thumb Up
39331,Pushing Two Fingers Away,Pulling Two Fingers In
30721,Pulling Hand In,Pulling Two Fingers In
126344,Swiping Down,Doing other things
50327,Shaking Hand,Stop Sign
71819,Swiping Up,Stop Sign
138026,Zooming Out With Full Hand,Zooming In With Full Hand
60550,Zooming Out With Two Fingers,Zooming In With Two Fingers
67088,Stop Sign,Pushing Hand Away
19460,Rolling Hand Backward,Pulling Hand In
91324,Rolling Hand Backward,Rolling Hand Forward
10200,Pulling Hand In,Rolling Hand Backward
19252,Sliding Two Fingers Down,Pushing Two Fingers Away
98879,Doing other things,Thumb Up
73555,Swiping Down,No gesture
134151,No gesture,Doing other things
111212,Shaking Hand,Pushing Hand Away
135644,Sliding Two Fingers Right,Doing other things
62289,Pushing Hand Away,Swiping Down
108232,Pulling Two Fingers In,Doing other things
92043,Zooming Out With Two Fingers,No gesture
12423,Pushing Two Fingers Away,Pulling Hand In
129069,Pushing Hand Away,Pulling Two Fingers In
11392,Sliding Two Fingers Down,Sliding Two Fingers Up
41905,Swiping Left,Rolling Hand Forward
13350,No gesture,Swiping Right
3885,Rolling Hand Backward,Rolling Hand Forward
59155,Shaking Hand,Swiping Left
92139,Swiping Left,Swiping Right
33453,Doing other things,Thumb Down
81756,Sliding Two Fingers Right,Pushing Two Fingers Away
70253,Pushing Two Fingers Away,Doing other things
105847,Stop Sign,Pushing Hand Away
86133,Zooming In With Full Hand,Pulling Two Fingers In
19772,Zooming Out With Full Hand,Zooming In With Full Hand
13021,Sliding Two Fingers Down,Swiping Down
81852,Swiping Left,Swiping Right
92695,Zooming Out With Two Fingers,Zooming In With Full Hand
56887,Thumb Down,Doing other things
59068,Rolling Hand Backward,Rolling Hand Forward
111601,Zooming Out With Two Fingers,Drumming Fingers
24011,Sliding Two Fingers Up,Sliding Two Fingers Down
103789,Swiping Down,Sliding Two Fingers Down
90729,Swiping Right,No gesture
131227,Sliding Two Fingers Down,Swiping Down
95392,Zooming In With Full Hand,Doing other things
133225,Shaking Hand,Swiping Left
60260,Zooming Out With Full Hand,Zooming In With Full Hand
96524,Pushing Two Fingers Away,Sliding Two Fingers Down
81277,Swiping Right,Swiping Left
87120,Rolling Hand Forward,Rolling Hand Backward
8311,No gesture,Sliding Two Fingers Down
27041,Sliding Two Fingers Up,Sliding Two Fingers Down
127668,Sliding Two Fingers Down,Swiping Left
110563,Swiping Left,Sliding Two Fingers Left
104501,Stop Sign,No gesture
136112,Sliding Two Fingers Down,Sliding Two Fingers Up
98373,No gesture,Swiping Down
9700,Thumb Down,Rolling Hand Backward
44162,No gesture,Swiping Left
82617,Swiping Right,Swiping Left
90638,Shaking Hand,Swiping Up
130099,Turning Hand Counterclockwise,Sliding Two Fingers Left
145043,Rolling Hand Backward,Swiping Left
19267,Sliding Two Fingers Right,No gesture
135220,Shaking Hand,Doing other things
140222,Pushing Two Fingers Away,Swiping Up
53246,No gesture,Sliding Two Fingers Right
68613,Pulling Two Fingers In,Doing other things
117536,Thumb Up,No gesture
38605,Sliding Two Fingers Left,Doing other things
147012,Pushing Two Fingers Away,Swiping Right
324,Swiping Left,Doing other things
110127,Swiping Left,Sliding Two Fingers Left
10409,Turning Hand Clockwise,Shaking Hand
46788,Stop Sign,Zooming In With Full Hand
63053,Sliding Two Fingers Right,Pushing Two Fingers Away
119350,Swiping Up,Pulling Hand In
80367,Swiping Up,Swiping Down
79605,Pulling Hand In,Swiping Down
37337,Zooming In With Full Hand,Zooming In With Two Fingers
142882,Zooming In With Two Fingers,Drumming Fingers
89978,Swiping Down,Pushing Hand Away
72951,Rolling Hand Forward,Rolling Hand Backward
19493,Swiping Right,Swiping Left
132972,Zooming In With Full Hand,Turning Hand Clockwise
142579,Sliding Two Fingers Down,Pushing Two Fingers Away
101890,Pushing Two Fingers Away,Zooming Out With Two Fingers
22136,Swiping Up,Pulling Hand In
33681,Rolling Hand Backward,Doing other things
143243,Turning Hand Clockwise,Pulling Hand In
11104,Zooming Out With Full Hand,Drumming Fingers
124381,Pushing Two Fingers Away,Pushing Hand Away
40263,Pulling Hand In,Pushing Two Fingers Away
23069,Swiping Right,Doing other things
145161,Zooming In With Full Hand,Shaking Hand
14137,Rolling Hand Backward,No gesture
130915,Thumb Up,Swiping Left
128261,Rolling Hand Forward,Rolling Hand Backward
12421,Pulling Hand In,Swiping Left
117951,Turning Hand Clockwise,Sliding Two Fingers Left
121825,Zooming In With Two Fingers,Zooming Out With Two Fingers
70655,Doing other things,Thumb Down
136720,Rolling Hand Forward,Rolling Hand Backward
1550,Pushing Hand Away,Thumb Down
83610,Pulling Hand In,Shaking Hand
42148,Rolling Hand Backward,Doing other things
100594,Turning Hand Clockwise,Zooming In With Full Hand
111105,Swiping Down,Thumb Down
135795,Shaking Hand,Turning Hand Clockwise
16335,Swiping Left,Sliding Two Fingers Down
69041,Pulling Two Fingers In,No gesture
72961,Sliding Two Fingers Right,No gesture
147259,Sliding Two Fingers Left,Sliding Two Fingers Right
76423,Swiping Down,Thumb Up
47788,Sliding Two Fingers Down,Sliding Two Fingers Up
90844,Pulling Hand In,Swiping Up
40794,Zooming In With Full Hand,Zooming Out With Full Hand
145357,Pulling Hand In,Rolling Hand Backward
87178,Sliding Two Fingers Right,Sliding Two Fingers Left
128605,Pushing Two Fingers Away,Swiping Left
110492,Turning Hand Clockwise,Turning Hand Counterclockwise
21806,Doing other things,Shaking Hand
24947,Zooming Out With Full Hand,Turning Hand Counterclockwise
35132,Rolling Hand Forward,Rolling Hand Backward
89678,Sliding Two Fingers Up,Pushing Two Fingers Away
69383,Shaking Hand,Drumming Fingers
66623,Turning Hand Clockwise,Shaking Hand
95570,Sliding Two Fingers Left,Swiping Left
16491,Swiping Up,Doing other things
51929,No gesture,Swiping Left
36698,No gesture,Doing other things
83155,Pushing Two Fingers Away,Sliding Two Fingers Left
33902,Zooming In With Two Fingers,Zooming Out With Two Fingers
16765,Pushing Two Fingers Away,Sliding Two Fingers Down
93894,Sliding Two Fingers Down,Pulling Hand In
45811,Sliding Two Fingers Right,Swiping Left
89734,Sliding Two Fingers Left,Sliding Two Fingers Right
130806,Swiping Down,Swiping Up
128012,Sliding Two Fingers Left,Sliding Two Fingers Right
127526,Sliding Two Fingers Left,Sliding Two Fingers Right
69119,Zooming Out With Two Fingers,Zooming In With Two Fingers
41145,Zooming Out With Two Fingers,Pushing Two Fingers Away
6824,Zooming Out With Two Fingers,Zooming In With Two Fingers
125286,Swiping Left,Swiping Right
20271,Doing other things,Rolling Hand Backward
71894,Swiping Up,No gesture
110627,Thumb Down,Thumb Up
89464,Shaking Hand,Swiping Down
81601,Turning Hand Clockwise,Turning Hand Counterclockwise
95229,Sliding Two Fingers Up,Pushing Two Fingers Away
34923,Doing other things,Zooming Out With Full Hand
83473,Zooming In With Full Hand,Zooming In With Two Fingers
40590,Doing other things,Thumb Down
115406,Sliding Two Fingers Up,Sliding Two Fingers Down
52821,Swiping Down,No gesture
31952,Swiping Right,Swiping Left
6866,Zooming Out With Full Hand,Turning Hand Clockwise
139989,Sliding Two Fingers Right,Swiping Left
96862,Turning Hand Clockwise,Turning Hand Counterclockwise
53112,Shaking Hand,Doing other things
109120,Swiping Left,Thumb Up
96790,Swiping Down,Sliding Two Fingers Up
117148,Rolling Hand Backward,Rolling Hand Forward
44118,Drumming Fingers,Rolling Hand Backward
38747,Sliding Two Fingers Left,Doing other things
97435,Zooming In With Full Hand,Turning Hand Counterclockwise
34503,Rolling Hand Forward,Rolling Hand Backward
76762,Pushing Two Fingers Away,Zooming In With Two Fingers
43597,Zooming Out With Full Hand,Zooming In With Full Hand
102196,Turning Hand Clockwise,Shaking Hand
130351,Zooming Out With Full Hand,Zooming In With Full Hand
127934,Zooming In With Two Fingers,Zooming Out With Two Fingers
23404,Swiping Down,Stop Sign
72233,Swiping Right,Sliding Two Fingers Right
124486,Sliding Two Fingers Down,Sliding Two Fingers Up
35035,Sliding Two Fingers Up,Swiping Down
76158,Pulling Hand In,Turning Hand Clockwise
17345,Stop Sign,Pushing Hand Away
14706,Pushing Hand Away,Sliding Two Fingers Right
124862,Doing other things,Rolling Hand Backward
42386,Swiping Down,Rolling Hand Forward
9817,Doing other things,Pulling Hand In
49139,Turning Hand Clockwise,Turning Hand Counterclockwise
78037,Pushing Hand Away,Drumming Fingers
86540,Doing other things,Pulling Two Fingers In
10710,Pushing Two Fingers Away,Sliding Two Fingers Down
85833,Sliding Two Fingers Up,Sliding Two Fingers Down
14323,Turning Hand Clockwise,Shaking Hand
52656,Pushing Two Fingers Away,Pulling Two Fingers In
137502,Thumb Up,Doing other things
83641,Swiping Down,Sliding Two Fingers Down
23287,Swiping Right,Shaking Hand
121987,Swiping Left,Sliding Two Fingers Left
95724,Rolling Hand Forward,Rolling Hand Backward
91277,Turning Hand Counterclockwise,Turning Hand Clockwise
106776,Swiping Down,Stop Sign
102558,Swiping Right,No gesture
45592,Thumb Down,Doing other things
140755,Rolling Hand Backward,Doing other things
96962,Doing other things,Zooming In With Full Hand
96471,Zooming Out With Full Hand,Zooming In With Full Hand
121110,Pushing Hand Away,Stop Sign
145700,Sliding Two Fingers Down,Sliding Two Fingers Up
62973,Sliding Two Fingers Up,Pulling Two Fingers In
49784,Pulling Two Fingers In,Pulling Hand In
57985,Sliding Two Fingers Left,Doing other things
118088,Swiping Left,No gesture
116464,Rolling Hand Backward,Rolling Hand Forward
40216,Swiping Down,Doing other things
80656,No gesture,Pushing Hand Away
87348,Doing other things,Sliding Two Fingers Left
128870,Pulling Two Fingers In,Turning Hand Clockwise
128269,Zooming Out With Full Hand,Zooming In With Full Hand
86683,Zooming In With Full Hand,Zooming Out With Full Hand
60814,Sliding Two Fingers Up,Swiping Down
121743,Shaking Hand,Swiping Left
4444,Pulling Hand In,Pulling Two Fingers In
128064,Rolling Hand Forward,Rolling Hand Backward
89300,Sliding Two Fingers Left,Swiping Right
69527,Rolling Hand Backward,Rolling Hand Forward
125010,Pushing Two Fingers Away,Swiping Right
46596,Zooming Out With Full Hand,Shaking Hand
41176,Thumb Up,Swiping Down
90188,Turning Hand Counterclockwise,Zooming Out With Full Hand
98986,Turning Hand Counterclockwise,Rolling Hand Forward
84664,Shaking Hand,Turning Hand Counterclockwise
74530,Rolling Hand Forward,Rolling Hand Backward
834,Zooming In With Two Fingers,Sliding Two Fingers Up
21246,Turning Hand Counterclockwise,Turning Hand Clockwise
83953,Swiping Right,Swiping Left
111333,Doing other things,Thumb Up
107692,Swiping Down,Drumming Fingers
103859,No gesture,Swiping Left
102013,Zooming In With Two Fingers,Zooming Out With Full Hand
7249,Swiping Right,Sliding Two Fingers Down
9375,Pulling Two Fingers In,Sliding Two Fingers Down
98061,Swiping Left,Sliding Two Fingers Left
133915,Sliding Two Fingers Down,Swiping Down
126204,Sliding Two Fingers Right,Sliding Two Fingers Left
15921,Pushing Two Fingers Away,Sliding Two Fingers Right
87564,Turning Hand Counterclockwise,Turning Hand Clockwise
76442,Turning Hand Counterclockwise,Doing other things
142580,Pushing Hand Away,Sliding Two Fingers Up
14164,Sliding Two Fingers Up,Swiping Up
102978,Swiping Right,Sliding Two Fingers Right
29104,Rolling Hand Forward,Rolling Hand Backward
88559,Sliding Two Fingers Right,Swiping Left
12762,Rolling Hand Backward,Rolling Hand Forward
77424,Shaking Hand,Zooming In With Full Hand
70313,Rolling Hand Forward,Rolling Hand Backward
46116,Sliding Two Fingers Down,Sliding Two Fingers Up
46395,No gesture,Doing other things
55262,Sliding Two Fingers Left,Sliding Two Fingers Right
42901,Sliding Two Fingers Down,Sliding Two Fingers Up
11710,Pulling Hand In,Sliding Two Fingers Right
67379,Zooming In With Full Hand,Doing other things
6000,Pulling Hand In,Doing other things
111591,Zooming Out With Full Hand,Zooming In With Full Hand
71585,Zooming Out With Full Hand,Zooming Out With Two Fingers
147475,Rolling Hand Backward,Rolling Hand Forward
84656,No gesture,Sliding Two Fingers Left
758,Shaking Hand,Turning Hand Counterclockwise
27959,Doing other things,Turning Hand Clockwise
65372,Sliding Two Fingers Left,Sliding Two Fingers Right
94635,Rolling Hand Backward,Rolling Hand Forward
107187,Pulling Two Fingers In,Swiping Left
111767,Turning Hand Clockwise,Turning Hand Counterclockwise
114968,Zooming Out With Full Hand,Shaking Hand
60035,Sliding Two Fingers Up,Sliding Two Fingers Down
130579,Swiping Left,Swiping Up
2641,Shaking Hand,Doing other things
109580,Rolling Hand Forward,Rolling Hand Backward
55492,Zooming In With Two Fingers,Zooming Out With Two Fingers
94672,Doing other things,Rolling Hand Backward
42083,Zooming In With Two Fingers,Drumming Fingers
140498,Zooming In With Full Hand,Zooming Out With Full Hand
108210,Swiping Left,Doing other things
124961,Swiping Up,Pulling Hand In
50307,Sliding Two Fingers Up,Drumming Fingers
77730,Zooming Out With Full Hand,Shaking Hand
67274,Sliding Two Fingers Right,Thumb Up
77321,Rolling Hand Forward,Rolling Hand Backward
51455,Pulling Hand In,Sliding Two Fingers Down
77574,Zooming Out With Full Hand,Zooming In With Full Hand
118256,Swiping Up,Swiping Down
117799,Rolling Hand Forward,Rolling Hand Backward
522,Swiping Up,Doing other things
38762,Swiping Left,Swiping Right
16591,Swiping Right,Swiping Left
65143,Shaking Hand,Thumb Up
58349,Pulling Hand In,Thumb Up
88421,Swiping Down,Pushing Hand Away
70022,Swiping Right,No gesture
83997,Zooming Out With Full Hand,Zooming In With Full Hand
52442,Zooming In With Two Fingers,Zooming In With Full Hand
85497,No gesture,Sliding Two Fingers Right
57330,No gesture,Doing other things
118903,Pushing Two Fingers Away,Pulling Hand In
43484,Rolling Hand Backward,Rolling Hand Forward
8541,Sliding Two Fingers Left,Sliding Two Fingers Right
87992,Swiping Left,Swiping Right
135804,No gesture,Doing other things
78024,Zooming In With Full Hand,Drumming Fingers
116251,Sliding Two Fingers Up,Zooming In With Two Fingers
88700,Sliding Two Fingers Down,Pulling Hand In
52927,Sliding Two Fingers Left,Sliding Two Fingers Right
41399,Swiping Up,Thumb Up
71199,Zooming In With Two Fingers,Zooming Out With Two Fingers
72955,Swiping Right,No gesture
125359,Swiping Up,Swiping Down
133308,Zooming Out With Two Fingers,Zooming In With Two Fingers
120817,Sliding Two Fingers Left,Sliding Two Fingers Right
64655,Swiping Left,Rolling Hand Forward
80577,Pulling Hand In,Pulling Two Fingers In
19305,Doing other things,Shaking Hand
100982,Swiping Down,Shaking Hand
143673,Sliding Two Fingers Right,Swiping Up
132611,Sliding Two Fingers Up,Drumming Fingers
70241,Rolling Hand Backward,Rolling Hand Forward
47643,Sliding Two Fingers Right,Doing other things
119348,Swiping Left,Thumb Up
70977,Thumb Up,No gesture
24322,Swiping Right,Swiping Left
77039,Sliding Two Fingers Down,Sliding Two Fingers Up
71145,Doing other things,Rolling Hand Backward
77148,Swiping Up,Thumb Down
128310,Swiping Right,Doing other things
137527,Swiping Down,Stop Sign
79464,Turning Hand Clockwise,Thumb Up
107510,Rolling Hand Forward,Swiping Down
55845,Stop Sign,No gesture
98036,Rolling Hand Backward,Doing other things
121608,Drumming Fingers,Turning Hand Clockwise
80788,Doing other things,Rolling Hand Forward
134174,Pushing Two Fingers Away,Pushing Hand Away
127986,Rolling Hand Forward,Rolling Hand Backward
38444,Swiping Up,Swiping Down
92012,Zooming In With Two Fingers,Zooming Out With Two Fingers
7415,Pushing Two Fingers Away,Doing other things
102954,Swiping Left,Swiping Right
144970,Rolling Hand Forward,Rolling Hand Backward
30245,Swiping Left,Pulling Two Fingers In
6228,No gesture,Doing other things
66921,Swiping Left,Sliding Two Fingers Right
44416,Sliding Two Fingers Left,Sliding Two Fingers Right
109597,Swiping Up,Pulling Hand In
108993,No gesture,Doing other things
59189,Sliding Two Fingers Left,Sliding Two Fingers Right
29050,Zooming Out With Full Hand,Zooming In With Full Hand
33123,Swiping Left,Sliding Two Fingers Left
35904,Swiping Right,Sliding Two Fingers Right
19447,Doing other things,Shaking Hand
51297,Swiping Right,Sliding Two Fingers Left
112824,Pulling Hand In,Sliding Two Fingers Down
135923,Rolling Hand Backward,Sliding Two Fingers Down
59628,Sliding Two Fingers Left,Doing other things
116386,Zooming Out With Full Hand,Zooming In With Full Hand
85712,Turning Hand Counterclockwise,Turning Hand Clockwise
96146,Swiping Right,Sliding Two Fingers Left
113316,Sliding Two Fingers Right,Sliding Two Fingers Left
124403,Swiping Up,Drumming Fingers
71875,Swiping Up,Turning Hand Counterclockwise
124459,Shaking Hand,Swiping Right
119515,Zooming Out With Two Fingers,Zooming In With Two Fingers
143472,Swiping Right,No gesture
146493,Turning Hand Clockwise,Swiping Up
120401,Pushing Hand Away,Stop Sign
53802,Shaking Hand,Doing other things
143626,Zooming In With Full Hand,Drumming Fingers
32453,Pulling Hand In,Thumb Up
60952,Sliding Two Fingers Down,Sliding Two Fingers Up
117561,Sliding Two Fingers Down,Sliding Two Fingers Up
138875,Turning Hand Clockwise,Turning Hand Counterclockwise
2422,Pulling Hand In,Rolling Hand Backward
32722,Swiping Right,Doing other things
120512,Turning Hand Counterclockwise,Thumb Up
40410,Sliding Two Fingers Up,Swiping Down
66881,Swiping Right,Pulling Two Fingers In
70866,Sliding Two Fingers Down,Rolling Hand Backward
143572,Swiping Down,Doing other things
146998,Rolling Hand Forward,Rolling Hand Backward
114058,Rolling Hand Forward,Rolling Hand Backward
28831,Doing other things,Shaking Hand
71298,Pushing Two Fingers Away,Zooming Out With Full Hand
95287,Pushing Two Fingers Away,Swiping Right
137742,Zooming Out With Two Fingers,Drumming Fingers
2065,Sliding Two Fingers Down,Swiping Right
1100,Drumming Fingers,Sliding Two Fingers Right
128780,Zooming Out With Two Fingers,Zooming Out With Full Hand
3601,Rolling Hand Forward,No gesture
106289,Sliding Two Fingers Down,Doing other things
42294,Sliding Two Fingers Right,Swiping Right
125820,Shaking Hand,Sliding Two Fingers Right
70902,No gesture,Swiping Left
131238,Sliding Two Fingers Right,Swiping Right
120198,Swiping Right,Doing other things
19621,Swiping Left,Sliding Two Fingers Right
94165,Stop Sign,Swiping Up
104156,Swiping Down,No gesture
88331,Rolling Hand Forward,Rolling Hand Backward
112552,Rolling Hand Forward,Rolling Hand Backward
2750,Zooming Out With Full Hand,Thumb Down
147270,Thumb Down,Doing other things
125870,Swiping Down,No gesture
20924,Sliding Two Fingers Right,Swiping Right
63207,Sliding Two Fingers Up,Pushing Two Fingers Away
68183,Turning Hand Clockwise,Turning Hand Counterclockwise
31509,Zooming Out With Full Hand,Zooming In With Full Hand
63638,Zooming Out With Full Hand,Zooming In With Full Hand
4455,Rolling Hand Forward,Pulling Hand In
87733,No gesture,Swiping Down
14807,Stop Sign,Zooming Out With Full Hand
69323,Sliding Two Fingers Down,Sliding Two Fingers Up
96894,Rolling Hand Backward,Rolling Hand Forward
83727,Sliding Two Fingers Up,Pushing Two Fingers Away
90364,Swiping Left,Pulling Two Fingers In
136258,Sliding Two Fingers Down,No gesture
52547,Rolling Hand Backward,Rolling Hand Forward
104236,Shaking Hand,Swiping Down
78336,Sliding Two Fingers Right,Rolling Hand Forward
133576,Swiping Down,Stop Sign
9671,Rolling Hand Backward,Rolling Hand Forward
4746,Swiping Right,No gesture
81023,No gesture,Sliding Two Fingers Right
68850,Turning Hand Counterclockwise,Turning Hand Clockwise
106778,Sliding Two Fingers Left,Sliding Two Fingers Right
50409,Stop Sign,Pushing Hand Away
64368,Turning Hand Counterclockwise,Swiping Up
42542,Zooming Out With Two Fingers,Zooming In With Full Hand
111531,Zooming Out With Full Hand,Zooming In With Full Hand
64796,Shaking Hand,Stop Sign
60934,Turning Hand Counterclockwise,Turning Hand Clockwise
52282,Sliding Two Fingers Left,Sliding Two Fingers Right
58379,No gesture,Thumb Up
34810,Swiping Down,Pushing Hand Away
28560,Pulling Hand In,No gesture
82356,Sliding Two Fingers Left,Swiping Left
70449,Rolling Hand Forward,Rolling Hand Backward
135176,Sliding Two Fingers Right,Thumb Up
131789,Doing other things,Pushing Two Fingers Away
38461,Rolling Hand Forward,Rolling Hand Backward
76850,Swiping Down,Drumming Fingers
95023,Turning Hand Counterclockwise,Shaking Hand
53198,Swiping Down,Doing other things
122071,Turning Hand Clockwise,Swiping Right
15237,Thumb Down,Swiping Right
37075,Swiping Up,Pulling Hand In
112978,Stop Sign,Pushing Hand Away
12617,Pushing Two Fingers Away,Pushing Hand Away
31639,Zooming In With Two Fingers,Zooming Out With Full Hand
50415,Zooming Out With Full Hand,Zooming In With Full Hand
2495,Turning Hand Counterclockwise,Turning Hand Clockwise
143592,Pulling Hand In,Swiping Left
58847,Zooming In With Full Hand,Stop Sign
86071,Swiping Down,Sliding Two Fingers Left
86114,Doing other things,Swiping Up
101860,Zooming In With Two Fingers,Zooming Out With Full Hand
113374,Rolling Hand Forward,Zooming Out With Full Hand
73371,Swiping Down,Zooming Out With Full Hand
8649,Pushing Two Fingers Away,Sliding Two Fingers Up
19811,Zooming In With Two Fingers,Stop Sign
84277,Sliding Two Fingers Down,Turning Hand Counterclockwise
61727,Zooming In With Two Fingers,Zooming Out With Two Fingers
107583,Turning Hand Counterclockwise,Shaking Hand
147150,Pulling Hand In,Thumb Up
80563,Pushing Hand Away,Shaking Hand
93976,Rolling Hand Backward,Rolling Hand Forward
128236,Sliding Two Fingers Down,Sliding Two Fingers Up
27487,Pushing Hand Away,Stop Sign
25210,Rolling Hand Backward,Rolling Hand Forward
46574,Sliding Two Fingers Down,Swiping Down
124672,Turning Hand Clockwise,Swiping Up
98883,Zooming In With Full Hand,Turning Hand Clockwise
25866,Pulling Hand In,Swiping Up
33802,Shaking Hand,Turning Hand Clockwise
55844,No gesture,Doing other things
71394,Turning Hand Clockwise,Turning Hand Counterclockwise
3083,Turning Hand Clockwise,Turning Hand Counterclockwise
116004,Rolling Hand Backward,Rolling Hand Forward
106456,Doing other things,Zooming In With Full Hand
54539,Pushing Hand Away,Stop Sign
117990,Rolling Hand Backward,Rolling Hand Forward
69965,Zooming Out With Two Fingers,Zooming In With Two Fingers
1685,Zooming In With Full Hand,Zooming Out With Full Hand
39879,Turning Hand Clockwise,Pulling Hand In
49129,Sliding Two Fingers Up,Pushing Two Fingers Away
31167,Sliding Two Fingers Down,No gesture
70876,Zooming In With Full Hand,Doing other things
26093,Rolling Hand Forward,Rolling Hand Backward
39692,Sliding Two Fingers Up,Drumming Fingers
42968,Zooming In With Two Fingers,Zooming Out With Two Fingers
98058,Swiping Down,Stop Sign
140422,Doing other things,Pulling Two Fingers In
117497,Rolling Hand Backward,Rolling Hand Forward
68831,Doing other things,Thumb Down
144619,Sliding Two Fingers Right,Sliding Two Fingers Left
144936,Sliding Two Fingers Left,Doing other things
138539,Swiping Down,Stop Sign
138498,Sliding Two Fingers Right,No gesture
58230,Pushing Hand Away,Doing other things
20024,Zooming In With Two Fingers,Zooming Out With Two Fingers
3034,Zooming Out With Full Hand,Turning Hand Counterclockwise
101288,Swiping Right,Thumb Down
61366,Sliding Two Fingers Left,Sliding Two Fingers Right
133162,Zooming Out With Full Hand,Zooming In With Full Hand
139524,Sliding Two Fingers Right,Doing other things
84798,Swiping Down,Swiping Up
22253,Zooming In With Two Fingers,Zooming Out With Two Fingers
146044,Pushing Two Fingers Away,Sliding Two Fingers Down
18232,Doing other things,Thumb Up
51358,Thumb Up,Rolling Hand Forward
54633,Rolling Hand Forward,Rolling Hand Backward
5343,Zooming Out With Two Fingers,Zooming In With Two Fingers
110391,Swiping Right,Swiping Left
144301,Zooming Out With Two Fingers,Shaking Hand
59148,Pulling Hand In,Pulling Two Fingers In
91828,Swiping Left,Sliding Two Fingers Right
77687,Shaking Hand,No gesture
63831,Sliding Two Fingers Down,Swiping Down
6127,No gesture,Rolling Hand Backward
6120,Sliding Two Fingers Left,Sliding Two Fingers Right
15895,No gesture,Sliding Two Fingers Right
78111,Sliding Two Fingers Down,Drumming Fingers
136927,Zooming Out With Full Hand,Zooming In With Full Hand
68542,Doing other things,Rolling Hand Backward
84875,Sliding Two Fingers Down,Doing other things
86056,Sliding Two Fingers Down,Doing other things
54379,Sliding Two Fingers Down,Zooming Out With Two Fingers
73101,Drumming Fingers,Swiping Down
105424,Sliding Two Fingers Down,Doing other things
53641,Sliding Two Fingers Down,Swiping Down
60863,Thumb Up,Doing other things
57908,Thumb Down,Swiping Left
67611,Pulling Hand In,Pulling Two Fingers In
49101,Zooming Out With Full Hand,Zooming In With Full Hand
70031,Zooming Out With Two Fingers,Zooming In With Two Fingers
134077,Zooming Out With Two Fingers,Doing other things
70979,Sliding Two Fingers Left,Sliding Two Fingers Right
43469,Turning Hand Counterclockwise,Doing other things
144497,Zooming In With Full Hand,Zooming Out With Full Hand
119575,Sliding Two Fingers Up,Sliding Two Fingers Down
67574,Stop Sign,Pushing Hand Away
1755,Sliding Two Fingers Down,Zooming Out With Two Fingers
14994,Zooming In With Full Hand,Rolling Hand Forward
19159,Swiping Right,Doing other things
2984,Shaking Hand,Pushing Hand Away
102221,Sliding Two Fingers Up,Sliding Two Fingers Down
147058,Swiping Right,Sliding Two Fingers Left
108755,Rolling Hand Backward,Rolling Hand Forward
132652,Sliding Two Fingers Up,Pushing Two Fingers Away
122921,Turning Hand Counterclockwise,Shaking Hand
107104,Swiping Right,No gesture
124223,Sliding Two Fingers Right,No gesture
51316,Rolling Hand Backward,Rolling Hand Forward
1997,Sliding Two Fingers Right,Swiping Up
72413,Swiping Up,Sliding Two Fingers Left
69749,Turning Hand Clockwise,Swiping Right
133529,No gesture,Pulling Two Fingers In
64088,Sliding Two Fingers Left,Thumb Up
128787,Shaking Hand,Doing other things
80363,Swiping Right,Swiping Down
141537,Sliding Two Fingers Right,Sliding Two Fingers Left
48190,Rolling Hand Forward,Rolling Hand Backward
111209,Swiping Up,Thumb Up
126627,Swiping Right,Sliding Two Fingers Right
109336,Sliding Two Fingers Left,Sliding Two Fingers Right
33809,Rolling Hand Backward,Rolling Hand Forward
111121,Stop Sign,Swiping Down
87559,Turning Hand Clockwise,Swiping Left
59906,Rolling Hand Backward,Rolling Hand Forward
101298,No gesture,Thumb Up
65094,Swiping Left,Swiping Down
83658,Zooming Out With Full Hand,Shaking Hand
8419,Swiping Right,Shaking Hand
93171,Drumming Fingers,Rolling Hand Backward
33441,Pushing Hand Away,No gesture
38504,Rolling Hand Backward,Doing other things
103903,Swiping Left,Thumb Up
63957,Sliding Two Fingers Up,No gesture
45407,Rolling Hand Backward,Swiping Down
49253,Pulling Hand In,Swiping Up
120635,Turning Hand Clockwise,Thumb Down
56334,Sliding Two Fingers Left,Sliding Two Fingers Right
32538,Turning Hand Clockwise,Turning Hand Counterclockwise
65351,Zooming Out With Full Hand,Zooming In With Full Hand
53667,Sliding Two Fingers Down,Pushing Two Fingers Away
9164,Turning Hand Clockwise,Turning Hand Counterclockwise
120366,No gesture,Doing other things
62194,Sliding Two Fingers Left,Swiping Left
691,Swiping Up,Zooming Out With Two Fingers
4975,Pushing Hand Away,Stop Sign
98404,Swiping Up,Swiping Down
95007,Doing other things,Rolling Hand Forward
41291,Shaking Hand,Swiping Up
45513,Sliding Two Fingers Left,Sliding Two Fingers Right
29708,Sliding Two Fingers Up,Swiping Down
87763,Zooming Out With Two Fingers,Thumb Up
137110,Swiping Left,Pulling Hand In
7632,Swiping Right,Swiping Left
147239,Zooming In With Full Hand,Shaking Hand
92856,Rolling Hand Backward,Rolling Hand Forward
103002,Stop Sign,Pulling Two Fingers In
102432,Sliding Two Fingers Down,Pushing Two Fingers Away
142186,Shaking Hand,Turning Hand Counterclockwise
12243,Thumb Up,Sliding Two Fingers Left
42093,Doing other things,Rolling Hand Backward
102584,Zooming Out With Two Fingers,Shaking Hand
145622,No gesture,Swiping Up
136315,Stop Sign,Pushing Hand Away
54170,Turning Hand Counterclockwise,Turning Hand Clockwise
137899,Zooming In With Full Hand,Shaking Hand
81475,Turning Hand Clockwise,Zooming In With Full Hand
58537,Zooming In With Two Fingers,Zooming Out With Two Fingers
104231,Pulling Hand In,Swiping Up
58168,Doing other things,Zooming In With Full Hand
81641,Sliding Two Fingers Left,Swiping Right
77860,Swiping Right,Doing other things
72380,Sliding Two Fingers Down,Swiping Left
91189,Pushing Two Fingers Away,Doing other things
30387,Thumb Up,Swiping Down
38703,Zooming In With Two Fingers,Zooming In With Full Hand
85213,Swiping Left,Shaking Hand
25539,Pulling Two Fingers In,Doing other things
56691,Sliding Two Fingers Left,No gesture
95127,Zooming Out With Two Fingers,Zooming In With Two Fingers
15690,Turning Hand Counterclockwise,Rolling Hand Backward
107668,Sliding Two Fingers Down,Pushing Two Fingers Away
49083,Turning Hand Counterclockwise,Thumb Down
115456,Swiping Right,No gesture
30846,Sliding Two Fingers Down,Swiping Down
147161,Doing other things,Pushing Hand Away
67253,Pushing Two Fingers Away,Swiping Down
110465,Thumb Down,Turning Hand Clockwise
97022,No gesture,Swiping Left
36734,Doing other things,Pushing Two Fingers Away
142428,Zooming Out With Two Fingers,Zooming In With Two Fingers
4696,Pushing Two Fingers Away,Zooming Out With Two Fingers
38204,Sliding Two Fingers Left,Sliding Two Fingers Right
22509,Drumming Fingers,Sliding Two Fingers Down
143295,Zooming Out With Two Fingers,No gesture
59977,Doing other things,No gesture
55573,Sliding Two Fingers Down,Sliding Two Fingers Up
10033,Sliding Two Fingers Right,Thumb Up
68165,Turning Hand Counterclockwise,Shaking Hand
125565,Pulling Hand In,Shaking Hand
3584,Sliding Two Fingers Left,Sliding Two Fingers Right
39103,Swiping Down,Rolling Hand Backward
95475,Sliding Two Fingers Down,Sliding Two Fingers Left
106402,Drumming Fingers,Rolling Hand Backward
2405,Shaking Hand,Stop Sign
35871,Zooming Out With Two Fingers,Sliding Two Fingers Down
33633,Stop Sign,Shaking Hand
6671,Swiping Right,Swiping Down
72342,Pushing Hand Away,Doing other things
36946,Turning Hand Clockwise,Turning Hand Counterclockwise
17657,Zooming Out With Full Hand,Zooming In With Full Hand
134190,Zooming In With Two Fingers,Zooming Out With Two Fingers
136355,Turning Hand Clockwise,Turning Hand Counterclockwise
11225,Swiping Right,Pushing Two Fingers Away
18982,No gesture,Doing other things
117578,Sliding Two Fingers Left,Sliding Two Fingers Right
122318,Pushing Hand Away,No gesture
116823,Swiping Left,Thumb Down
54785,Rolling Hand Backward,Sliding Two Fingers Right
124474,Zooming Out With Full Hand,Zooming Out With Two Fingers
145902,Rolling Hand Forward,Doing other things
108228,Swiping Up,Sliding Two Fingers Right
115723,Sliding Two Fingers Down,No gesture
69532,Thumb Up,Sliding Two Fingers Down
72597,Swiping Left,Swiping Right
123233,Swiping Left,Sliding Two Fingers Left
20856,Swiping Left,Sliding Two Fingers Left
123460,Swiping Up,Pulling Hand In
140273,Sliding Two Fingers Up,Zooming Out With Two Fingers
133147,Zooming Out With Full Hand,Zooming In With Full Hand
88495,Rolling Hand Forward,Doing other things
66418,Zooming Out With Full Hand,Pulling Two Fingers In
31225,Sliding Two Fingers Right,Sliding Two Fingers Down
101765,Pushing Two Fingers Away,Pulling Two Fingers In
26463,Sliding Two Fingers Left,Thumb Up
59721,No gesture,Turning Hand Clockwise
130287,Swiping Left,No gesture
31529,Swiping Left,Swiping Up
130382,Zooming Out With Two Fingers,Doing other things
108139,Thumb Down,Drumming Fingers
41389,Zooming In With Full Hand,Pushing Hand Away
44328,Sliding Two Fingers Left,Sliding Two Fingers Right
51920,Pulling Hand In,Swiping Up
126709,Thumb Up,Pushing Two Fingers Away
112406,Sliding Two Fingers Up,No gesture
63603,Sliding Two Fingers Up,Swiping Down
20264,Swiping Up,Pulling Hand In
102040,Sliding Two Fingers Up,Pushing Two Fingers Away
137124,Sliding Two Fingers Left,Thumb Up
12781,Swiping Up,Swiping Down
51091,Swiping Left,Pushing Hand Away
80502,Swiping Up,No gesture
38957,Sliding Two Fingers Down,Pushing Two Fingers Away
11857,Sliding Two Fingers Down,Doing other things
139458,Zooming Out With Two Fingers,Zooming In With Two Fingers
78046,Rolling Hand Forward,Rolling Hand Backward
129374,Swiping Up,Swiping Left
41838,Turning Hand Clockwise,Shaking Hand
19422,Pushing Two Fingers Away,No gesture
85579,Sliding Two Fingers Up,Drumming Fingers
32775,Rolling Hand Backward,Thumb Down
108076,Shaking Hand,Zooming In With Full Hand
13003,Swiping Down,Swiping Up
136086,Sliding Two Fingers Left,Swiping Right
41800,Doing other things,Rolling Hand Backward
126612,Pulling Two Fingers In,Doing other things
52146,Zooming In With Two Fingers,Doing other things
85873,Sliding Two Fingers Right,No gesture
23939,Turning Hand Clockwise,Turning Hand Counterclockwise
21645,Sliding Two Fingers Right,Thumb Up
10108,Swiping Up,Swiping Down
5154,Rolling Hand Forward,Rolling Hand Backward
18857,Swiping Left,Sliding Two Fingers Left
84367,Sliding Two Fingers Left,Sliding Two Fingers Right
69517,Pushing Hand Away,Stop Sign
82917,Pushing Hand Away,Pushing Two Fingers Away
31517,Sliding Two Fingers Right,Sliding Two Fingers Left
64734,Pushing Hand Away,No gesture
115790,Sliding Two Fingers Left,Sliding Two Fingers Right
44571,Zooming Out With Full Hand,Drumming Fingers
4540,Sliding Two Fingers Up,Sliding Two Fingers Down
85152,Doing other things,Pulling Hand In
68227,Zooming In With Two Fingers,Zooming Out With Two Fingers
58988,Rolling Hand Backward,Rolling Hand Forward
43890,Stop Sign,Pushing Two Fingers Away
39844,Doing other things,No gesture
70490,Zooming Out With Full Hand,Stop Sign
107817,Stop Sign,Pushing Hand Away
82474,Turning Hand Counterclockwise,Turning Hand Clockwise
99776,Pushing Two Fingers Away,Pushing Hand Away
11793,No gesture,Zooming Out With Two Fingers
85638,Sliding Two Fingers Left,No gesture
91945,No gesture,Doing other things
127155,Rolling Hand Backward,Rolling Hand Forward
81660,Sliding Two Fingers Left,Pulling Two Fingers In
48817,Turning Hand Clockwise,Turning Hand Counterclockwise
81596,Zooming In With Full Hand,Zooming In With Two Fingers
51785,Swiping Up,Sliding Two Fingers Up
13002,Rolling Hand Forward,Rolling Hand Backward
41103,Zooming In With Full Hand,Zooming Out With Full Hand
40649,Sliding Two Fingers Right,No gesture
24606,Shaking Hand,Turning Hand Counterclockwise
112942,Rolling Hand Forward,Doing other things
89030,Drumming Fingers,Doing other things
59282,Zooming In With Two Fingers,Zooming Out With Two Fingers
117666,Sliding Two Fingers Down,Swiping Down
28472,Rolling Hand Backward,Rolling Hand Forward
99773,Shaking Hand,Doing other things
28942,Swiping Down,No gesture
112749,Sliding Two Fingers Up,Sliding Two Fingers Down
96636,Doing other things,Zooming In With Full Hand
52340,Turning Hand Counterclockwise,Turning Hand Clockwise
136593,Doing other things,Sliding Two Fingers Down
6088,Sliding Two Fingers Down,Swiping Down
71267,Zooming In With Two Fingers,Zooming Out With Two Fingers
8493,Zooming Out With Two Fingers,Doing other things
20729,Pulling Hand In,Pulling Two Fingers In
90519,Thumb Up,Rolling Hand Backward
100132,Doing other things,Pulling Two Fingers In
3981,Sliding Two Fingers Down,Thumb Up
111360,Sliding Two Fingers Right,Sliding Two Fingers Left
51571,Swiping Right,Doing other things
146365,Thumb Up,Pushing Two Fingers Away
59292,No gesture,Swiping Right
107914,Zooming Out With Full Hand,Zooming In With Full Hand
11004,Stop Sign,Swiping Up
131803,Pulling Two Fingers In,Thumb Up
64165,Doing other things,Pushing Hand Away
93395,Sliding Two Fingers Right,Sliding Two Fingers Left
45726,Sliding Two Fingers Right,No gesture
73878,Doing other things,No gesture
121732,Sliding Two Fingers Left,Sliding Two Fingers Right
126407,Pulling Hand In,Thumb Up
5361,Pulling Hand In,Pulling Two Fingers In
110424,Zooming In With Full Hand,Turning Hand Clockwise
53734,Shaking Hand,Swiping Up
103209,Zooming Out With Full Hand,Zooming In With Full Hand
118457,Swiping Left,Pulling Two Fingers In
86561,Swiping Left,Swiping Right
38000,Stop Sign,Swiping Down
34484,Pushing Two Fingers Away,Pushing Hand Away
32067,Swiping Up,Sliding Two Fingers Up
103704,Sliding Two Fingers Down,No gesture
90603,Sliding Two Fingers Up,Pushing Two Fingers Away
102693,Sliding Two Fingers Right,Swiping Right
99396,Pulling Hand In,Doing other things
136646,Rolling Hand Forward,Doing other things
135381,Sliding Two Fingers Up,Pushing Two Fingers Away
94047,Zooming Out With Full Hand,Doing other things
18284,Sliding Two Fingers Up,Sliding Two Fingers Down
100970,Rolling Hand Forward,Turning Hand Counterclockwise
147149,Doing other things,Turning Hand Clockwise
103179,Swiping Right,No gesture
147146,Swiping Right,No gesture
42031,Zooming In With Full Hand,Swiping Right
128390,Sliding Two Fingers Up,Sliding Two Fingers Down
15538,Sliding Two Fingers Right,Doing other things
485,Thumb Down,Doing other things
41687,Doing other things,Pulling Two Fingers In
110745,Sliding Two Fingers Left,Sliding Two Fingers Right
146665,Zooming In With Two Fingers,Zooming Out With Two Fingers
49951,Pulling Hand In,Pulling Two Fingers In
114911,Swiping Left,Swiping Right
37365,Turning Hand Clockwise,Doing other things
137751,Zooming Out With Full Hand,Zooming In With Two Fingers
50395,Shaking Hand,Swiping Right
296,Rolling Hand Forward,Doing other things
89315,Swiping Down,Stop Sign
77842,Swiping Down,Drumming Fingers
120974,Sliding Two Fingers Right,Sliding Two Fingers Left
118021,Swiping Down,No gesture
56203,Swiping Right,Sliding Two Fingers Right
39302,Swiping Left,Doing other things
80506,Sliding Two Fingers Up,Drumming Fingers
27206,Zooming Out With Full Hand,Swiping Down
115460,Swiping Right,No gesture
116588,Rolling Hand Backward,Rolling Hand Forward
19375,Turning Hand Clockwise,Pulling Hand In
80718,Swiping Up,Sliding Two Fingers Down
85209,Sliding Two Fingers Left,Sliding Two Fingers Right
5952,Zooming In With Full Hand,Shaking Hand
103168,Zooming In With Two Fingers,Zooming Out With Two Fingers
114978,Swiping Up,Pulling Hand In
53569,Sliding Two Fingers Up,Drumming Fingers
132606,Sliding Two Fingers Right,Swiping Right
71563,Swiping Left,No gesture
14754,Shaking Hand,Stop Sign
62150,Drumming Fingers,Pulling Two Fingers In
88614,Sliding Two Fingers Left,Sliding Two Fingers Right
101773,Swiping Up,Doing other things
34581,Swiping Up,Sliding Two Fingers Right
42714,Sliding Two Fingers Right,Swiping Left
86605,Swiping Down,No gesture
33770,Rolling Hand Forward,Rolling Hand Backward
77841,Turning Hand Clockwise,Turning Hand Counterclockwise
117648,Zooming Out With Two Fingers,Zooming In With Two Fingers
21314,Swiping Down,Swiping Left
24666,Zooming Out With Full Hand,Sliding Two Fingers Right
37986,Doing other things,Rolling Hand Backward
91941,Turning Hand Counterclockwise,Doing other things
50744,Pulling Two Fingers In,Pushing Hand Away
8718,Zooming In With Two Fingers,Doing other things
133494,Pulling Hand In,Turning Hand Counterclockwise
51829,Sliding Two Fingers Down,Drumming Fingers
63504,Stop Sign,Pushing Hand Away
112947,Swiping Right,Zooming In With Full Hand
110294,Rolling Hand Forward,Rolling Hand Backward
140908,Swiping Up,Doing other things
75256,Rolling Hand Forward,Turning Hand Counterclockwise
2387,Zooming In With Full Hand,Zooming Out With Full Hand
103762,Sliding Two Fingers Down,Swiping Right
1235,Pushing Two Fingers Away,Doing other things
2269,Zooming In With Two Fingers,Zooming Out With Two Fingers
39531,Rolling Hand Backward,Rolling Hand Forward
39324,Swiping Right,No gesture
57541,Pulling Two Fingers In,Doing other things
111808,Stop Sign,Zooming In With Full Hand
124260,No gesture,Doing other things
38279,Sliding Two Fingers Right,Doing other things
76331,Thumb Up,Swiping Left
130034,Swiping Left,No gesture
12879,Thumb Up,No gesture
99428,Swiping Up,Doing other things
103769,Swiping Right,No gesture
61465,Zooming Out With Full Hand,Zooming In With Full Hand
18705,Pushing Hand Away,Stop Sign
77598,Sliding Two Fingers Left,No gesture
51802,Sliding Two Fingers Up,Swiping Down
62367,Sliding Two Fingers Right,Swiping Down
120424,Zooming Out With Full Hand,Zooming In With Full Hand
10117,Doing other things,No gesture
63690,Zooming Out With Two Fingers,Zooming Out With Full Hand
107184,Rolling Hand Forward,Rolling Hand Backward
115091,Sliding Two Fingers Left,Shaking Hand
94116,Turning Hand Clockwise,Turning Hand Counterclockwise
92018,Swiping Right,No gesture
15855,Pulling Hand In,Zooming In With Full Hand
98211,Thumb Up,Pulling Hand In
146770,Sliding Two Fingers Left,No gesture
11287,Sliding Two Fingers Down,Swiping Down
100480,Zooming Out With Full Hand,Zooming In With Full Hand
57054,Swiping Right,Swiping Left
122919,Rolling Hand Backward,Doing other things
41925,Stop Sign,Pushing Hand Away
144496,Swiping Left,Doing other things
66133,Swiping Right,Sliding Two Fingers Left
79786,Pulling Hand In,Swiping Left
9846,Sliding Two Fingers Up,Doing other things
71809,Turning Hand Clockwise,Shaking Hand
76536,Swiping Up,Pulling Hand In
129062,Sliding Two Fingers Down,Sliding Two Fingers Up
56159,Thumb Up,Sliding Two Fingers Right
6656,Sliding Two Fingers Up,Sliding Two Fingers Down
56339,Swiping Left,Swiping Right
34162,Rolling Hand Forward,No gesture
15906,Pulling Hand In,Pushing Hand Away
110100,Rolling Hand Backward,Thumb Up
8743,Zooming Out With Full Hand,Sliding Two Fingers Up
51832,No gesture,Doing other things
34501,Swiping Left,Swiping Right
102614,Shaking Hand,Zooming In With Full Hand
115724,Zooming Out With Full Hand,No gesture
130569,Turning Hand Clockwise,Turning Hand Counterclockwise
120971,Zooming Out With Two Fingers,Zooming In With Two Fingers
64506,Turning Hand Clockwise,Pulling Hand In
144298,Pulling Hand In,Swiping Up
132604,Shaking Hand,Doing other things
105881,Turning Hand Counterclockwise,Turning Hand Clockwise
117838,Swiping Left,Swiping Right
19344,Turning Hand Clockwise,Swiping Right
118259,Zooming Out With Full Hand,Doing other things
8733,Rolling Hand Backward,Rolling Hand Forward
42721,No gesture,Swiping Left
19945,Rolling Hand Backward,Rolling Hand Forward
89968,Doing other things,Pulling Two Fingers In
25499,Zooming In With Two Fingers,Zooming Out With Two Fingers
60131,Sliding Two Fingers Up,Swiping Down
82801,Turning Hand Clockwise,Turning Hand Counterclockwise
3763,Sliding Two Fingers Down,Sliding Two Fingers Up
50289,Turning Hand Clockwise,Turning Hand Counterclockwise
89334,Zooming Out With Full Hand,Zooming In With Full Hand
84638,Swiping Right,Swiping Left
97492,Zooming In With Full Hand,Sliding Two Fingers Right
26153,Swiping Down,Sliding Two Fingers Down
107318,Swiping Down,Pushing Hand Away
62812,Drumming Fingers,Doing other things
88993,Swiping Up,No gesture
25110,Doing other things,Zooming In With Full Hand
124281,Sliding Two Fingers Down,Sliding Two Fingers Up
140376,Zooming Out With Full Hand,Zooming In With Full Hand
17803,Doing other things,Thumb Up
39154,Zooming In With Two Fingers,Zooming Out With Two Fingers
33270,Pulling Two Fingers In,Pushing Two Fingers Away
15159,Swiping Down,Swiping Up
79942,Shaking Hand,Pulling Two Fingers In
138311,Pulling Hand In,Turning Hand Counterclockwise
110807,Stop Sign,Pushing Hand Away
49168,Pulling Two Fingers In,Doing other things
65066,Rolling Hand Backward,Rolling Hand Forward
109333,Shaking Hand,Turning Hand Counterclockwise
66342,Swiping Up,Rolling Hand Forward
98180,Stop Sign,Pushing Hand Away
5724,Swiping Right,Swiping Left
108188,Shaking Hand,Zooming Out With Full Hand
50523,Pulling Two Fingers In,Sliding Two Fingers Down
97337,Rolling Hand Backward,Rolling Hand Forward
56082,Swiping Up,No gesture
141286,Swiping Down,Pushing Hand Away
86737,Swiping Left,No gesture
143682,Sliding Two Fingers Down,Swiping Left
3850,Swiping Right,Sliding Two Fingers Right
84868,Sliding Two Fingers Left,Sliding Two Fingers Right
20352,Rolling Hand Backward,Rolling Hand Forward
96504,Drumming Fingers,Rolling Hand Backward
37641,Swiping Down,Pulling Two Fingers In
54152,Zooming In With Full Hand,Zooming Out With Full Hand
55639,Pushing Two Fingers Away,Swiping Down
49771,Swiping Down,Doing other things
7319,No gesture,Doing other things
115697,Zooming In With Two Fingers,Sliding Two Fingers Up
58737,Zooming Out With Full Hand,Shaking Hand
83356,Swiping Down,Shaking Hand
8308,Rolling Hand Forward,Rolling Hand Backward
94687,Swiping Left,Swiping Right
98265,Sliding Two Fingers Right,No gesture
35473,Pushing Two Fingers Away,Swiping Up
6263,Zooming Out With Two Fingers,Zooming Out With Full Hand
94653,Sliding Two Fingers Left,Doing other things
137476,Sliding Two Fingers Up,Pushing Two Fingers Away
100579,Rolling Hand Backward,Rolling Hand Forward
92323,Sliding Two Fingers Left,Sliding Two Fingers Right
66202,Swiping Right,Swiping Left
28156,Swiping Left,Pulling Two Fingers In
27199,Pushing Hand Away,Swiping Down
99060,Zooming In With Two Fingers,Zooming In With Full Hand
69439,Sliding Two Fingers Down,Sliding Two Fingers Right
29545,Sliding Two Fingers Up,Stop Sign
47825,Rolling Hand Forward,Rolling Hand Backward
147378,Swiping Left,Rolling Hand Backward
40698,Pushing Two Fingers Away,Pushing Hand Away
98773,Zooming In With Full Hand,Pushing Hand Away
13817,Zooming In With Full Hand,Zooming Out With Full Hand
26034,Zooming In With Two Fingers,Zooming Out With Two Fingers
86180,Sliding Two Fingers Up,Thumb Up
41239,Shaking Hand,Drumming Fingers
40558,Rolling Hand Forward,Rolling Hand Backward
135871,Sliding Two Fingers Down,Swiping Left
64670,Zooming In With Full Hand,Shaking Hand
114855,Doing other things,Pushing Two Fingers Away
3494,No gesture,Doing other things
139256,Sliding Two Fingers Down,Swiping Up
1205,Swiping Down,Sliding Two Fingers Right
143644,Swiping Left,No gesture
71207,Thumb Down,Turning Hand Clockwise
98633,Sliding Two Fingers Down,Swiping Left
135074,Turning Hand Clockwise,Rolling Hand Backward
103699,Swiping Left,No gesture
106095,Swiping Down,Sliding Two Fingers Left
77301,Sliding Two Fingers Left,Sliding Two Fingers Right
144730,Turning Hand Clockwise,Shaking Hand
144120,Sliding Two Fingers Left,Sliding Two Fingers Right
71179,Swiping Down,Pushing Hand Away
112518,Rolling Hand Backward,Rolling Hand Forward
121316,Rolling Hand Forward,Turning Hand Clockwise
123822,Turning Hand Clockwise,Turning Hand Counterclockwise
45322,Turning Hand Counterclockwise,Shaking Hand
116509,Pulling Hand In,No gesture
96119,Zooming Out With Two Fingers,Zooming In With Two Fingers
89964,Swiping Up,Pulling Hand In
103757,Swiping Down,Drumming Fingers
46289,No gesture,Swiping Right
42722,Pushing Two Fingers Away,Pulling Two Fingers In
6372,Doing other things,Swiping Right
51862,Sliding Two Fingers Up,Pushing Two Fingers Away
30801,Turning Hand Clockwise,Turning Hand Counterclockwise
119426,Rolling Hand Forward,Rolling Hand Backward
89709,Rolling Hand Forward,Rolling Hand Backward
33886,Doing other things,Pushing Hand Away
85095,Sliding Two Fingers Right,Swiping Right
48929,Doing other things,Sliding Two Fingers Left
108029,Swiping Down,Swiping Right
96712,Zooming In With Two Fingers,Zooming Out With Two Fingers
115230,Drumming Fingers,Rolling Hand Backward
127810,Stop Sign,Pushing Hand Away
27480,Swiping Up,Sliding Two Fingers Up
61236,Zooming Out With Full Hand,Rolling Hand Backward
29455,Pushing Hand Away,Stop Sign
83655,Doing other things,Pulling Two Fingers In
37477,Sliding Two Fingers Up,Doing other things
32382,No gesture,Swiping Left
110889,Zooming In With Two Fingers,Zooming Out With Two Fingers
104002,Doing other things,Thumb Up
86618,Rolling Hand Forward,Rolling Hand Backward
123147,Sliding Two Fingers Up,Sliding Two Fingers Down
23836,Rolling Hand Forward,Swiping Left
116254,Stop Sign,Pushing Hand Away
36615,Swiping Right,Swiping Left
58010,Stop Sign,Swiping Down
74869,Zooming Out With Full Hand,Zooming In With Full Hand
142742,Sliding Two Fingers Down,Sliding Two Fingers Up
27892,No gesture,Swiping Up
87273,Doing other things,Turning Hand Clockwise
99410,Turning Hand Counterclockwise,Turning Hand Clockwise
92446,Sliding Two Fingers Left,Sliding Two Fingers Right
81393,Zooming Out With Full Hand,Zooming In With Full Hand
111504,Stop Sign,Doing other things
129169,Sliding Two Fingers Left,Sliding Two Fingers Right
92826,Sliding Two Fingers Left,Sliding Two Fingers Right
120060,Zooming Out With Full Hand,Zooming In With Full Hand
113305,Sliding Two Fingers Left,Sliding Two Fingers Right
60781,Sliding Two Fingers Left,Thumb Up
1983,Rolling Hand Backward,Rolling Hand Forward
13731,Turning Hand Clockwise,Turning Hand Counterclockwise
14633,Doing other things,Turning Hand Counterclockwise
30518,Swiping Down,No gesture
110318,Thumb Up,No gesture
40937,Sliding Two Fingers Right,Sliding Two Fingers Left
91596,Turning Hand Clockwise,Turning Hand Counterclockwise
39657,Zooming In With Two Fingers,Zooming Out With Two Fingers
47143,Sliding Two Fingers Down,Pushing Hand Away
30771,Drumming Fingers,Swiping Down
11973,Thumb Up,Turning Hand Counterclockwise
5623,Zooming Out With Full Hand,Doing other things
146055,Rolling Hand Forward,Rolling Hand Backward
119467,Swiping Down,Swiping Up
65425,Sliding Two Fingers Left,Pushing Hand Away
7374,Thumb Down,Doing other things
44360,Sliding Two Fingers Left,Swiping Right
93279,Doing other things,Zooming In With Full Hand
84419,Swiping Up,Swiping Down
122066,Sliding Two Fingers Up,Thumb Up
10061,Doing other things,Turning Hand Counterclockwise
38576,Stop Sign,Pushing Hand Away
90722,Swiping Down,No gesture
19439,Zooming In With Two Fingers,Doing other things
13103,Rolling Hand Backward,Swiping Down
24124,Turning Hand Clockwise,Shaking Hand
143467,Zooming In With Full Hand,Zooming Out With Full Hand
100444,Sliding Two Fingers Up,Pushing Two Fingers Away
94035,Stop Sign,Pushing Hand Away
37520,Turning Hand Clockwise,Pushing Two Fingers Away
124515,Turning Hand Counterclockwise,Swiping Up
108957,Rolling Hand Backward,Rolling Hand Forward
65192,Swiping Down,No gesture
22138,Turning Hand Clockwise,No gesture
70448,Swiping Right,Zooming Out With Two Fingers
119053,Sliding Two Fingers Left,Swiping Right
26917,Swiping Down,Sliding Two Fingers Up
89585,Stop Sign,Pushing Hand Away
98766,Swiping Up,Turning Hand Clockwise
109302,Swiping Down,Drumming Fingers
34799,Drumming Fingers,Zooming In With Full Hand
133459,Drumming Fingers,Sliding Two Fingers Right
28349,Swiping Right,Swiping Left
57809,Pushing Hand Away,Stop Sign
37900,Swiping Up,Swiping Right
117863,Sliding Two Fingers Left,Drumming Fingers
111170,No gesture,Doing other things
124371,Swiping Left,Thumb Up
132485,Stop Sign,Pushing Hand Away
37080,Sliding Two Fingers Left,No gesture
15613,Zooming Out With Full Hand,Zooming In With Full Hand
13959,Doing other things,Drumming Fingers
84697,Turning Hand Counterclockwise,Turning Hand Clockwise
131205,Zooming Out With Full Hand,Turning Hand Clockwise
49647,Sliding Two Fingers Up,No gesture
42120,Turning Hand Counterclockwise,Turning Hand Clockwise
39643,Zooming Out With Full Hand,Zooming In With Full Hand
97560,Swiping Left,Sliding Two Fingers Down
118654,Sliding Two Fingers Left,Swiping Left
18625,Sliding Two Fingers Right,Doing other things
12720,Zooming In With Full Hand,Shaking Hand
80089,Sliding Two Fingers Down,Swiping Down
57744,Pulling Hand In,Swiping Up
23968,Turning Hand Counterclockwise,Zooming In With Full Hand
65817,Turning Hand Clockwise,Turning Hand Counterclockwise
103039,Swiping Right,Zooming Out With Two Fingers
31377,Turning Hand Clockwise,Swiping Right
15634,Shaking Hand,Sliding Two Fingers Down
86396,Turning Hand Counterclockwise,Zooming Out With Full Hand
103004,Swiping Right,Pulling Hand In
106210,Turning Hand Counterclockwise,Turning Hand Clockwise
123906,Sliding Two Fingers Left,Swiping Right
45603,Sliding Two Fingers Right,Swiping Right
123740,Doing other things,Thumb Up
8364,Zooming In With Two Fingers,Swiping Down
136596,Sliding Two Fingers Left,Sliding Two Fingers Right
84741,Zooming In With Two Fingers,Zooming Out With Full Hand
23430,Swiping Right,Doing other things
72663,Rolling Hand Forward,Rolling Hand Backward
46082,Swiping Right,No gesture
66879,Zooming In With Two Fingers,Zooming Out With Two Fingers
73014,Swiping Down,No gesture
8666,Turning Hand Clockwise,Turning Hand Counterclockwise
34160,Rolling Hand Backward,Rolling Hand Forward
129799,Sliding Two Fingers Right,Thumb Up
136528,Sliding Two Fingers Up,Doing other things
44430,Drumming Fingers,Pushing Hand Away
144063,Doing other things,Pushing Hand Away
145231,Pushing Two Fingers Away,Pulling Two Fingers In
85556,Doing other things,Pulling Hand In
11827,Stop Sign,Pushing Hand Away
97060,Swiping Down,No gesture
30910,Turning Hand Counterclockwise,Shaking Hand
11348,Sliding Two Fingers Down,Pushing Two Fingers Away
144114,Doing other things,Swiping Up
39534,Doing other things,No gesture
53872,Thumb Up,No gesture
82874,Swiping Right,No gesture
6788,Swiping Right,Swiping Left
50538,Pulling Two Fingers In,Pulling Hand In
13253,Swiping Right,Sliding Two Fingers Left
79188,Turning Hand Counterclockwise,Shaking Hand
138562,Sliding Two Fingers Left,No gesture
24033,Stop Sign,Pushing Hand Away
140178,Thumb Up,Doing other things
40735,Swiping Right,Swiping Left
76383,Pulling Hand In,Swiping Up
107245,Swiping Right,Swiping Left
136589,Zooming In With Full Hand,Shaking Hand
52252,Rolling Hand Forward,Rolling Hand Backward
87456,Pushing Two Fingers Away,Doing other things
27745,Zooming Out With Full Hand,Zooming In With Full Hand
61514,Sliding Two Fingers Right,Sliding Two Fingers Left
9741,No gesture,Pushing Two Fingers Away
119159,Drumming Fingers,Rolling Hand Backward
39076,Shaking Hand,Pushing Two Fingers Away
55977,Sliding Two Fingers Left,Sliding Two Fingers Right
143998,Zooming Out With Full Hand,Zooming In With Full Hand
28600,Swiping Right,Doing other things
43967,Zooming Out With Full Hand,Zooming In With Full Hand
146134,No gesture,Pulling Two Fingers In
79181,Zooming Out With Full Hand,Zooming In With Full Hand
41317,Rolling Hand Backward,Rolling Hand Forward
140843,Sliding Two Fingers Down,Sliding Two Fingers Up
49969,Swiping Down,No gesture
115242,Doing other things,Pushing Two Fingers Away
108140,Swiping Up,No gesture
20861,Turning Hand Clockwise,Turning Hand Counterclockwise
38200,No gesture,Doing other things
19092,Zooming In With Two Fingers,Sliding Two Fingers Up
50700,Pushing Two Fingers Away,Pulling Hand In
47702,Doing other things,Pulling Two Fingers In
133304,Thumb Down,Sliding Two Fingers Down
82686,Rolling Hand Backward,Rolling Hand Forward
124465,Swiping Right,Zooming Out With Full Hand
56695,Swiping Right,No gesture
91737,Sliding Two Fingers Left,Sliding Two Fingers Right
119037,Pulling Hand In,Doing other things
101656,Turning Hand Clockwise,Turning Hand Counterclockwise
10669,Pulling Two Fingers In,Pushing Hand Away
18929,Swiping Right,No gesture
93259,Rolling Hand Forward,Thumb Up
7533,Doing other things,Pushing Two Fingers Away
68745,No gesture,Swiping Right
85757,Rolling Hand Backward,Rolling Hand Forward
36098,No gesture,Sliding Two Fingers Down
101289,Rolling Hand Forward,Rolling Hand Backward
56833,No gesture,Swiping Left
138243,Sliding Two Fingers Right,Swiping Left
78449,Swiping Down,Swiping Up
122914,Rolling Hand Backward,Rolling Hand Forward
122120,Pulling Two Fingers In,No gesture
80690,Zooming In With Full Hand,Rolling Hand Backward
80910,Zooming In With Two Fingers,Shaking Hand
13790,Swiping Down,Swiping Right
65950,Sliding Two Fingers Down,Thumb Down
73127,Turning Hand Counterclockwise,Shaking Hand
109187,Sliding Two Fingers Left,Sliding Two Fingers Right
124988,Swiping Down,Pulling Hand In
97619,Sliding Two Fingers Up,Doing other things
94406,Zooming In With Full Hand,Doing other things
28531,Turning Hand Clockwise,Turning Hand Counterclockwise
106814,Swiping Left,No gesture
13432,Swiping Left,Sliding Two Fingers Right
35213,No gesture,Swiping Right
137748,Swiping Left,Doing other things
10389,Swiping Right,Swiping Left
77899,Pulling Two Fingers In,Rolling Hand Backward
120707,Zooming Out With Two Fingers,Zooming In With Two Fingers
87537,Zooming In With Two Fingers,Zooming Out With Two Fingers
17167,Sliding Two Fingers Left,Swiping Left
131945,Zooming In With Full Hand,Shaking Hand
133830,Zooming Out With Two Fingers,Pushing Two Fingers Away
45768,Turning Hand Counterclockwise,Turning Hand Clockwise
134926,Swiping Right,Zooming Out With Two Fingers
107876,Sliding Two Fingers Down,Swiping Down
44558,Shaking Hand,Turning Hand Counterclockwise
137504,Swiping Right,Swiping Left
136959,Sliding Two Fingers Down,Doing other things
113439,Turning Hand Clockwise,Turning Hand Counterclockwise
34723,Sliding Two Fingers Down,Sliding Two Fingers Up
65901,Sliding Two Fingers Up,Sliding Two Fingers Down
22173,Pulling Two Fingers In,Pulling Hand In
139284,Pulling Hand In,Swiping Up
3329,Sliding Two Fingers Left,Sliding Two Fingers Right
114289,Swiping Left,Sliding Two Fingers Left
43542,Swiping Down,No gesture
39084,Zooming Out With Two Fingers,Zooming In With Two Fingers
12355,Swiping Down,No gesture
76710,Zooming In With Two Fingers,Zooming Out With Two Fingers
126582,Thumb Down,Pushing Hand Away
62060,Swiping Left,Swiping Right
56421,Sliding Two Fingers Left,Sliding Two Fingers Right
16753,Swiping Right,Doing other things
29324,Rolling Hand Forward,Rolling Hand Backward
72974,Sliding Two Fingers Left,Doing other things
30098,No gesture,Swiping Down
118971,No gesture,Swiping Down
40336,Sliding Two Fingers Up,Pushing Two Fingers Away
78221,No gesture,Rolling Hand Backward
107294,No gesture,Turning Hand Counterclockwise
41650,Swiping Down,Sliding Two Fingers Up
130907,Sliding Two Fingers Down,Pushing Two Fingers Away
51919,No gesture,Sliding Two Fingers Left
100800,No gesture,Pulling Two Fingers In
48170,Stop Sign,Pushing Hand Away
60997,Sliding Two Fingers Up,Swiping Down
123478,Swiping Right,Doing other things
3706,Zooming In With Two Fingers,Zooming Out With Two Fingers
31906,Doing other things,No gesture
32505,Zooming In With Two Fingers,Zooming Out With Two Fingers
62057,Sliding Two Fingers Down,No gesture
14825,Swiping Down,Sliding Two Fingers Up
68199,Sliding Two Fingers Left,Doing other things
62336,Pulling Two Fingers In,Doing other things
7933,Rolling Hand Backward,Rolling Hand Forward
43537,Zooming Out With Two Fingers,Zooming In With Two Fingers
98270,Turning Hand Clockwise,Turning Hand Counterclockwise
48928,Thumb Down,Swiping Down
61720,Stop Sign,Swiping Down
29389,Sliding Two Fingers Up,Swiping Up
47403,Zooming In With Two Fingers,Doing other things
58215,Pulling Two Fingers In,Doing other things
9576,Sliding Two Fingers Left,Swiping Left
4457,Stop Sign,Pushing Hand Away
112172,No gesture,Doing other things
54631,Zooming In With Two Fingers,Zooming In With Full Hand
69598,Zooming Out With Two Fingers,Doing other things
114185,Swiping Left,Sliding Two Fingers Up
121638,Zooming Out With Full Hand,Doing other things
9448,Rolling Hand Backward,Pulling Hand In
127462,Swiping Right,Sliding Two Fingers Right
46426,Pulling Hand In,Swiping Up
99108,Sliding Two Fingers Down,Thumb Up
52652,Turning Hand Clockwise,Turning Hand Counterclockwise
63371,Zooming In With Full Hand,Swiping Down
63073,Sliding Two Fingers Left,Swiping Left
34689,Stop Sign,No gesture
105179,Zooming In With Two Fingers,Zooming Out With Two Fingers
18191,Sliding Two Fingers Down,Swiping Down
121410,Swiping Left,Swiping Right
67180,Zooming Out With Full Hand,Zooming In With Two Fingers
85875,Swiping Up,Shaking Hand
102176,Pushing Hand Away,Stop Sign
27491,Zooming Out With Full Hand,Swiping Left
52949,Sliding Two Fingers Up,Pulling Two Fingers In
115447,Pulling Hand In,Swiping Left
79767,Rolling Hand Forward,Doing other things
53312,Drumming Fingers,Zooming In With Full Hand
56757,Pulling Hand In,Pulling Two Fingers In
10661,Pulling Hand In,Doing other things
129900,Turning Hand Clockwise,Shaking Hand
88460,Pulling Hand In,Shaking Hand
138434,Turning Hand Counterclockwise,Shaking Hand
121002,Stop Sign,Swiping Up
108026,Rolling Hand Forward,Thumb Up
135522,Zooming In With Two Fingers,Zooming Out With Two Fingers
132334,Pulling Hand In,Swiping Up
90941,Drumming Fingers,Doing other things
140425,Pulling Two Fingers In,Zooming Out With Full Hand
137183,Zooming In With Full Hand,Zooming Out With Full Hand
131792,Zooming Out With Two Fingers,Zooming In With Two Fingers
59534,Swiping Left,Swiping Right
34684,Zooming Out With Full Hand,Zooming In With Full Hand
68475,Swiping Up,Pulling Hand In
134395,Stop Sign,Pushing Hand Away
100589,Rolling Hand Forward,Rolling Hand Backward
98447,Zooming Out With Full Hand,Zooming In With Full Hand
22588,Sliding Two Fingers Right,No gesture
74124,Pulling Hand In,Pulling Two Fingers In
86949,Rolling Hand Forward,Rolling Hand Backward
77325,Zooming Out With Full Hand,Zooming Out With Two Fingers
98085,Pushing Two Fingers Away,Pulling Two Fingers In
21605,Sliding Two Fingers Right,Swiping Left
59581,Sliding Two Fingers Down,Pushing Two Fingers Away
1706,Pushing Two Fingers Away,Thumb Down
132571,Swiping Left,Swiping Right
99312,Pushing Two Fingers Away,Doing other things
121201,Zooming In With Full Hand,Turning Hand Counterclockwise
133299,Zooming In With Two Fingers,Zooming Out With Two Fingers
81773,Doing other things,Swiping Down
147748,Pulling Two Fingers In,Pulling Hand In
84008,Zooming Out With Two Fingers,Zooming In With Two Fingers
82648,Pulling Hand In,Doing other things
22041,Doing other things,Zooming In With Full Hand
32964,Sliding Two Fingers Down,Swiping Down
123606,Swiping Right,Pulling Two Fingers In
94874,Swiping Up,Swiping Left
26084,Zooming Out With Two Fingers,Zooming In With Two Fingers
72892,Zooming In With Full Hand,Shaking Hand
143873,Doing other things,Swiping Right
54101,Sliding Two Fingers Left,Turning Hand Clockwise
72608,Swiping Right,Rolling Hand Forward
85199,Zooming Out With Full Hand,Doing other things
14286,Sliding Two Fingers Right,No gesture
83689,Turning Hand Counterclockwise,Turning Hand Clockwise
27372,Zooming Out With Full Hand,Shaking Hand
63226,Doing other things,Swiping Down
66969,Turning Hand Counterclockwise,Turning Hand Clockwise
137297,Swiping Left,No gesture
40690,Stop Sign,Pushing Hand Away
122365,Pulling Hand In,Rolling Hand Backward
34220,Swiping Down,Sliding Two Fingers Down
114752,Zooming In With Two Fingers,Zooming Out With Two Fingers
43226,Zooming In With Full Hand,Zooming Out With Full Hand
93496,Stop Sign,Pushing Hand Away
3499,Pulling Two Fingers In,Pulling Hand In
34590,Rolling Hand Forward,Rolling Hand Backward
4194,Pulling Two Fingers In,Pulling Hand In
18002,Swiping Left,Sliding Two Fingers Left
113821,Swiping Up,Swiping Down
145242,Sliding Two Fingers Down,Thumb Up
3688,Pulling Two Fingers In,Pulling Hand In
147960,Sliding Two Fingers Left,Swiping Right
118048,Swiping Up,Pulling Hand In
3220,Zooming Out With Full Hand,Zooming In With Full Hand
147793,Thumb Down,Turning Hand Counterclockwise
87831,Swiping Down,Rolling Hand Backward
77822,Swiping Down,Doing other things
118011,No gesture,Swiping Left
86859,Pushing Two Fingers Away,Pushing Hand Away
72386,Zooming Out With Two Fingers,Zooming In With Two Fingers
14374,Turning Hand Clockwise,Turning Hand Counterclockwise
133002,Sliding Two Fingers Left,Doing other things
107259,Zooming Out With Full Hand,Zooming In With Full Hand
32077,Rolling Hand Forward,Rolling Hand Backward
102169,Zooming In With Two Fingers,Zooming Out With Two Fingers
128892,Pushing Two Fingers Away,Sliding Two Fingers Up
121923,Doing other things,Swiping Right
54830,No gesture,Swiping Down
103273,Sliding Two Fingers Down,Drumming Fingers
66168,Shaking Hand,Swiping Up
124183,Sliding Two Fingers Right,Doing other things
51052,Swiping Up,Sliding Two Fingers Right
16124,Turning Hand Counterclockwise,Pushing Hand Away
122057,Sliding Two Fingers Down,Sliding Two Fingers Up
134502,No gesture,Swiping Left
142523,Zooming In With Full Hand,Zooming Out With Full Hand
1851,No gesture,Zooming Out With Two Fingers
15101,Sliding Two Fingers Down,Pushing Two Fingers Away
22565,Swiping Right,No gesture
14599,Sliding Two Fingers Up,Pushing Two Fingers Away
83596,Turning Hand Clockwise,Turning Hand Counterclockwise
105342,Turning Hand Counterclockwise,Shaking Hand
147213,Zooming Out With Two Fingers,Zooming In With Two Fingers
115887,Swiping Left,Thumb Up
33061,Sliding Two Fingers Down,Pushing Two Fingers Away
12748,Shaking Hand,Pushing Hand Away
120042,Zooming Out With Two Fingers,Zooming In With Two Fingers
35555,Swiping Up,Doing other things
131775,Swiping Right,No gesture
99627,Thumb Down,Pulling Hand In
63703,Zooming In With Full Hand,Zooming Out With Full Hand
128785,Rolling Hand Backward,Rolling Hand Forward
1310,Swiping Down,Sliding Two Fingers Down
60143,Drumming Fingers,Zooming In With Full Hand
102317,Rolling Hand Forward,Rolling Hand Backward
57394,Zooming Out With Full Hand,Doing other things
108963,Sliding Two Fingers Right,Swiping Right
64521,Stop Sign,Pushing Hand Away
26047,Rolling Hand Backward,Doing other things
102557,Zooming In With Full Hand,Swiping Left
41074,Rolling Hand Forward,Rolling Hand Backward
135429,Sliding Two Fingers Up,Pushing Two Fingers Away
137855,Zooming Out With Two Fingers,Swiping Right
48006,Shaking Hand,Turning Hand Clockwise
10782,Swiping Left,Sliding Two Fingers Up
32958,Turning Hand Counterclockwise,Turning Hand Clockwise
134008,Doing other things,Swiping Left
77272,Shaking Hand,Pushing Hand Away
138159,Zooming Out With Full Hand,Zooming In With Full Hand
31680,No gesture,Doing other things
70486,Swiping Right,Swiping Left
113478,Zooming Out With Full Hand,Shaking Hand
46293,Zooming In With Two Fingers,Zooming In With Full Hand
90652,Pulling Hand In,Turning Hand Clockwise
7458,Pulling Hand In,Swiping Up
32442,Zooming Out With Two Fingers,Zooming Out With Full Hand
60397,Turning Hand Counterclockwise,Shaking Hand
103455,Drumming Fingers,Doing other things
94437,Sliding Two Fingers Down,No gesture
33083,Sliding Two Fingers Left,Sliding Two Fingers Right
68706,Pulling Two Fingers In,Pulling Hand In
104189,Stop Sign,Pushing Hand Away
36248,Turning Hand Counterclockwise,Pulling Hand In
45791,Swiping Down,Stop Sign
23156,Zooming In With Full Hand,Zooming In With Two Fingers
86728,Zooming Out With Full Hand,Zooming In With Full Hand
8935,Pushing Hand Away,Sliding Two Fingers Down
83055,No gesture,Sliding Two Fingers Right
78267,Sliding Two Fingers Up,Shaking Hand
102891,Shaking Hand,Swiping Down
17845,Doing other things,Thumb Down
82604,Swiping Down,Doing other things
90168,Swiping Up,Drumming Fingers
47979,Zooming Out With Full Hand,Zooming In With Full Hand
36912,Shaking Hand,Zooming Out With Full Hand
36614,Turning Hand Counterclockwise,Shaking Hand
69967,Zooming Out With Two Fingers,Zooming In With Two Fingers
13019,Sliding Two Fingers Left,Swiping Left
127765,Stop Sign,Pushing Hand Away
36145,Rolling Hand Forward,Rolling Hand Backward
143439,Sliding Two Fingers Right,Sliding Two Fingers Left
73694,No gesture,Swiping Right
96062,Swiping Down,No gesture
101368,Pulling Hand In,Swiping Up
94569,Sliding Two Fingers Up,Sliding Two Fingers Down
25386,Sliding Two Fingers Right,Sliding Two Fingers Down
9309,Rolling Hand Backward,Swiping Right
113984,Sliding Two Fingers Right,Sliding Two Fingers Left
5671,Zooming Out With Full Hand,Zooming In With Full Hand
129497,Doing other things,Swiping Down
97105,Sliding Two Fingers Down,Doing other things
82451,Doing other things,Thumb Down
108190,Sliding Two Fingers Down,Sliding Two Fingers Up
61499,Doing other things,Turning Hand Clockwise
72080,Thumb Down,Doing other things
15208,Pulling Hand In,Pulling Two Fingers In
99100,Swiping Up,Sliding Two Fingers Down
78518,Sliding Two Fingers Down,Sliding Two Fingers Up
59986,Swiping Down,Drumming Fingers
59186,Shaking Hand,Pushing Hand Away
22496,Turning Hand Counterclockwise,Shaking Hand
74970,Zooming In With Two Fingers,Zooming Out With Two Fingers
2997,Swiping Left,No gesture
37299,Pushing Hand Away,Zooming Out With Full Hand
92434,Swiping Up,Pulling Two Fingers In
5127,Zooming In With Full Hand,Turning Hand Counterclockwise
46159,Pulling Two Fingers In,Swiping Right
92554,Pulling Two Fingers In,Pulling Hand In
105927,Swiping Down,Pushing Hand Away
27584,No gesture,Doing other things
95182,Sliding Two Fingers Right,Swiping Down
121122,Zooming In With Two Fingers,Zooming Out With Two Fingers
126101,Zooming Out With Two Fingers,Zooming In With Two Fingers
114006,Sliding Two Fingers Right,Swiping Right
12793,Shaking Hand,Zooming Out With Two Fingers
47819,Doing other things,Sliding Two Fingers Right
15069,Swiping Left,No gesture
41197,Sliding Two Fingers Up,Sliding Two Fingers Left
127629,Turning Hand Counterclockwise,Turning Hand Clockwise
112218,Pulling Two Fingers In,No gesture
128452,Zooming In With Two Fingers,Zooming Out With Two Fingers
107656,Swiping Up,Pulling Hand In
113862,Rolling Hand Backward,Rolling Hand Forward
26135,Rolling Hand Forward,Rolling Hand Backward
97211,Rolling Hand Backward,Thumb Down
16830,Swiping Right,No gesture
139044,Shaking Hand,Pulling Two Fingers In
6697,Sliding Two Fingers Right,Thumb Down
97058,Turning Hand Counterclockwise,Turning Hand Clockwise
106450,Thumb Down,Swiping Down
4620,Pulling Two Fingers In,Pulling Hand In
111758,Sliding Two Fingers Left,Sliding Two Fingers Right
2324,Doing other things,Swiping Right
7378,Doing other things,Drumming Fingers
65722,Sliding Two Fingers Left,No gesture
125266,Drumming Fingers,Pushing Two Fingers Away
69536,Zooming In With Two Fingers,Zooming Out With Two Fingers
96715,Zooming Out With Two Fingers,Doing other things
38380,Pulling Two Fingers In,Pushing Two Fingers Away
66617,Pulling Hand In,Pulling Two Fingers In
19210,Shaking Hand,Turning Hand Counterclockwise
52845,Zooming In With Full Hand,Shaking Hand
25364,Swiping Down,Sliding Two Fingers Up
28123,Pulling Hand In,Pulling Two Fingers In
142349,Doing other things,Pushing Two Fingers Away
115471,Zooming Out With Two Fingers,Doing other things
98573,Sliding Two Fingers Right,No gesture
28716,Pushing Two Fingers Away,Zooming Out With Full Hand
101951,Swiping Up,Doing other things
78319,Sliding Two Fingers Down,Swiping Up
93228,Zooming Out With Full Hand,Zooming In With Full Hand
83057,Pulling Hand In,Doing other things
97326,Sliding Two Fingers Left,Swiping Up
29774,No gesture,Swiping Right
73021,Rolling Hand Forward,Doing other things
63556,Pushing Two Fingers Away,Thumb Up
115954,Pulling Two Fingers In,No gesture
102440,Sliding Two Fingers Up,Swiping Down
98460,Sliding Two Fingers Left,Sliding Two Fingers Right
19746,Rolling Hand Backward,Swiping Right
85381,Pulling Hand In,No gesture
111636,No gesture,Doing other things
51135,Sliding Two Fingers Up,Swiping Down
64284,Doing other things,Zooming Out With Full Hand
37978,Zooming Out With Full Hand,Zooming In With Full Hand
132467,Doing other things,Sliding Two Fingers Up
14396,Swiping Right,Sliding Two Fingers Down
56303,Sliding Two Fingers Left,Doing other things
91836,Sliding Two Fingers Right,Doing other things
108616,Zooming Out With Two Fingers,Zooming Out With Full Hand
29524,Doing other things,Zooming In With Full Hand
69883,Zooming Out With Full Hand,Zooming In With Full Hand
94147,Shaking Hand,Zooming Out With Full Hand
36288,Zooming Out With Two Fingers,Zooming In With Two Fingers
84091,Pushing Two Fingers Away,Sliding Two Fingers Right
120520,Pulling Hand In,Sliding Two Fingers Right
33143,Stop Sign,Pushing Two Fingers Away
84183,Swiping Right,Turning Hand Clockwise
85975,Rolling Hand Forward,Doing other things
100550,Zooming In With Full Hand,Zooming Out With Full Hand
88072,Swiping Right,Shaking Hand
96252,Swiping Up,Turning Hand Counterclockwise
143781,Sliding Two Fingers Left,Thumb Up
113062,Sliding Two Fingers Down,No gesture
23090,Sliding Two Fingers Right,No gesture
119218,Swiping Left,No gesture
41586,Zooming In With Two Fingers,Zooming Out With Two Fingers
11012,Rolling Hand Backward,Rolling Hand Forward
16759,Sliding Two Fingers Left,Swiping Left
24240,Sliding Two Fingers Left,Swiping Left
128473,Turning Hand Clockwise,Turning Hand Counterclockwise
44984,Swiping Up,Turning Hand Counterclockwise
20284,Turning Hand Clockwise,Shaking Hand
106715,Rolling Hand Forward,Rolling Hand Backward
55266,Pulling Hand In,No gesture
121607,Pushing Two Fingers Away,Sliding Two Fingers Up
86675,Drumming Fingers,Shaking Hand
25131,Zooming In With Full Hand,Turning Hand Clockwise
62360,Pulling Hand In,Swiping Up
117453,Rolling Hand Backward,Doing other things
136220,Turning Hand Clockwise,Turning Hand Counterclockwise
130894,Turning Hand Clockwise,Turning Hand Counterclockwise
72288,Zooming In With Full Hand,Turning Hand Counterclockwise
87326,Sliding Two Fingers Down,Pushing Two Fingers Away
103801,Zooming Out With Two Fingers,Doing other things
106297,Swiping Left,No gesture
110777,Pulling Hand In,Sliding Two Fingers Up
49732,Zooming In With Two Fingers,Zooming Out With Two Fingers
26638,Pushing Hand Away,Sliding Two Fingers Up
87063,Shaking Hand,Turning Hand Counterclockwise
134059,Zooming Out With Full Hand,Zooming In With Full Hand
163,Zooming Out With Full Hand,Drumming Fingers
9938,Zooming Out With Two Fingers,No gesture
128807,Sliding Two Fingers Right,Swiping Left
92728,Sliding Two Fingers Up,Sliding Two Fingers Down
68010,No gesture,Swiping Right
85701,Zooming In With Full Hand,Shaking Hand
72019,Swiping Up,Swiping Down
92902,Rolling Hand Backward,Rolling Hand Forward
135693,Turning Hand Clockwise,Shaking Hand
7966,Rolling Hand Forward,No gesture
144785,Sliding Two Fingers Up,Pushing Two Fingers Away
53289,Pushing Two Fingers Away,Drumming Fingers
55348,Sliding Two Fingers Left,Swiping Left
106794,Sliding Two Fingers Left,Swiping Left
120274,Zooming Out With Full Hand,Rolling Hand Forward
102797,Zooming Out With Full Hand,Zooming In With Full Hand
105499,Swiping Right,Doing other things
117219,Swiping Right,No gesture
53770,Turning Hand Counterclockwise,Turning Hand Clockwise
104894,Swiping Left,Swiping Right
60459,Swiping Right,Doing other things
119528,Drumming Fingers,Swiping Left
36998,Swiping Down,Swiping Left
27308,Stop Sign,Pushing Hand Away
135378,Rolling Hand Backward,Zooming Out With Two Fingers
57077,Turning Hand Counterclockwise,Shaking Hand
45308,Pushing Two Fingers Away,No gesture
22524,Rolling Hand Backward,No gesture
104357,Zooming In With Two Fingers,Zooming Out With Two Fingers
80306,Sliding Two Fingers Down,Pulling Two Fingers In
88643,Pushing Hand Away,Zooming Out With Two Fingers
127146,Sliding Two Fingers Down,Doing other things
81367,Swiping Down,Pushing Hand Away
107069,Swiping Up,Pulling Hand In
50003,Sliding Two Fingers Down,Swiping Left
24112,Swiping Left,Sliding Two Fingers Right
87823,Drumming Fingers,Doing other things
126295,Zooming Out With Two Fingers,Rolling Hand Backward
105130,Swiping Left,Sliding Two Fingers Left
128428,Zooming In With Full Hand,Doing other things
114445,Rolling Hand Backward,Rolling Hand Forward
96256,Stop Sign,Sliding Two Fingers Up
20333,Swiping Right,Pulling Two Fingers In
44813,Zooming Out With Two Fingers,Zooming In With Two Fingers
135575,Sliding Two Fingers Right,Sliding Two Fingers Left
10537,Zooming In With Two Fingers,Zooming Out With Two Fingers
129670,Doing other things,Turning Hand Clockwise
125075,Thumb Up,Swiping Left
1950,Zooming Out With Two Fingers,Zooming In With Full Hand
77425,Rolling Hand Backward,Rolling Hand Forward
42987,Zooming Out With Full Hand,No gesture
113632,Zooming Out With Two Fingers,Zooming In With Two Fingers
1853,Swiping Right,Doing other things
26460,Zooming Out With Two Fingers,Zooming In With Two Fingers
97173,Zooming Out With Two Fingers,Doing other things
112114,Turning Hand Clockwise,Turning Hand Counterclockwise
19648,Turning Hand Counterclockwise,Turning Hand Clockwise
14724,Turning Hand Clockwise,Shaking Hand
102189,Rolling Hand Forward,Rolling Hand Backward
56591,Zooming Out With Full Hand,Zooming In With Full Hand
52152,Turning Hand Counterclockwise,Shaking Hand
77729,Turning Hand Counterclockwise,Zooming In With Two Fingers
113888,Swiping Down,Thumb Up
16843,Doing other things,Swiping Down
95989,Rolling Hand Forward,Rolling Hand Backward
69679,Sliding Two Fingers Right,Sliding Two Fingers Left
66257,Zooming Out With Two Fingers,Zooming In With Two Fingers
51414,Sliding Two Fingers Right,No gesture
118377,Zooming Out With Two Fingers,Zooming In With Two Fingers
139305,Turning Hand Clockwise,Turning Hand Counterclockwise
34027,Zooming In With Full Hand,Doing other things
12958,Rolling Hand Forward,Rolling Hand Backward
116964,Sliding Two Fingers Down,No gesture
34182,Shaking Hand,Swiping Left
126910,Pushing Hand Away,Stop Sign
136268,Pulling Hand In,Swiping Up
42180,Pulling Two Fingers In,Pulling Hand In
54337,Pulling Two Fingers In,Rolling Hand Backward
15821,Sliding Two Fingers Right,Sliding Two Fingers Left
106194,Zooming Out With Full Hand,Zooming In With Full Hand
137759,Doing other things,Swiping Up
51057,Swiping Up,Swiping Left
43068,No gesture,Doing other things
23766,Sliding Two Fingers Down,Doing other things
131239,Doing other things,Shaking Hand
77963,Doing other things,Pulling Two Fingers In
14799,Zooming In With Two Fingers,Zooming Out With Two Fingers
141246,Swiping Down,Swiping Left
135770,Zooming In With Two Fingers,Zooming Out With Two Fingers
15504,Rolling Hand Forward,Rolling Hand Backward
125802,Sliding Two Fingers Right,Pushing Two Fingers Away
103186,Sliding Two Fingers Up,Pushing Two Fingers Away
78838,Sliding Two Fingers Down,No gesture
130970,Turning Hand Counterclockwise,Turning Hand Clockwise
34193,Doing other things,No gesture
144357,Swiping Down,No gesture
3368,Stop Sign,Pushing Hand Away
47607,Sliding Two Fingers Right,No gesture
80932,Pulling Hand In,Pulling Two Fingers In
142190,Sliding Two Fingers Right,Sliding Two Fingers Left
36053,Pulling Two Fingers In,Pulling Hand In
90880,Swiping Left,Sliding Two Fingers Right
103841,Turning Hand Clockwise,Swiping Up
148051,Sliding Two Fingers Up,Sliding Two Fingers Down
134045,Turning Hand Clockwise,Zooming In With Full Hand
59797,Zooming Out With Two Fingers,Zooming In With Two Fingers
131575,Stop Sign,Pushing Hand Away
5057,Shaking Hand,Thumb Up
126794,Turning Hand Clockwise,Doing other things
35835,Sliding Two Fingers Up,Sliding Two Fingers Down
14953,Shaking Hand,Swiping Down
110405,Swiping Up,Pulling Hand In
30023,Pushing Two Fingers Away,Zooming Out With Two Fingers
133586,Swiping Left,Shaking Hand
50977,Sliding Two Fingers Up,Swiping Down
101242,Rolling Hand Backward,Rolling Hand Forward
55370,Zooming Out With Full Hand,Zooming In With Full Hand
87916,Rolling Hand Backward,Rolling Hand Forward
20438,Sliding Two Fingers Left,Swiping Right
91226,Rolling Hand Backward,Rolling Hand Forward
99577,Swiping Up,Doing other things
79810,Pushing Two Fingers Away,Swiping Down
65690,Shaking Hand,Pushing Hand Away
20483,Pushing Hand Away,Shaking Hand
129167,Swiping Left,Pulling Two Fingers In
70998,Thumb Up,Sliding Two Fingers Right
68251,Zooming In With Full Hand,Zooming Out With Two Fingers
119162,Rolling Hand Backward,Rolling Hand Forward
42963,Pushing Hand Away,Doing other things
36334,Turning Hand Clockwise,Shaking Hand
31199,Sliding Two Fingers Up,Sliding Two Fingers Down
140256,Sliding Two Fingers Down,Doing other things
50605,Zooming Out With Full Hand,Zooming In With Full Hand
93564,Pushing Hand Away,Stop Sign
59279,Pulling Two Fingers In,Pulling Hand In
112862,Swiping Down,Sliding Two Fingers Up
8331,Doing other things,Swiping Up
84422,Rolling Hand Forward,Doing other things
134573,Swiping Right,No gesture
112080,Swiping Right,Thumb Up
37227,Sliding Two Fingers Left,Sliding Two Fingers Right
1473,No gesture,Swiping Down
53803,Doing other things,Pulling Two Fingers In
138373,Rolling Hand Forward,Doing other things
86715,Pulling Two Fingers In,Doing other things
82446,Swiping Up,Turning Hand Counterclockwise
86408,Swiping Down,Sliding Two Fingers Right
61073,Zooming In With Full Hand,Pulling Two Fingers In
74876,Zooming In With Full Hand,Zooming Out With Full Hand
54390,Zooming Out With Full Hand,Swiping Down
99898,Swiping Down,Sliding Two Fingers Down
135421,Doing other things,Rolling Hand Backward
25653,Turning Hand Clockwise,No gesture
56604,Swiping Down,Doing other things
24223,Turning Hand Counterclockwise,Pulling Hand In
37543,Sliding Two Fingers Down,Pushing Two Fingers Away
75502,Pushing Two Fingers Away,Sliding Two Fingers Right
125568,Pulling Hand In,Pushing Two Fingers Away
105207,Pushing Two Fingers Away,Sliding Two Fingers Up
53509,Sliding Two Fingers Up,Pulling Two Fingers In
36582,Zooming Out With Full Hand,Shaking Hand
8921,Swiping Down,Doing other things
52004,Rolling Hand Forward,Rolling Hand Backward
103256,Sliding Two Fingers Left,Swiping Right
43085,Sliding Two Fingers Left,Swiping Left
18905,Rolling Hand Forward,Rolling Hand Backward
87573,Sliding Two Fingers Down,Swiping Down
53074,Zooming Out With Full Hand,Turning Hand Clockwise
97111,Rolling Hand Forward,Rolling Hand Backward
120599,Zooming Out With Full Hand,Zooming Out With Two Fingers
17221,Zooming Out With Full Hand,Doing other things
50095,Shaking Hand,Thumb Down
31288,Zooming In With Full Hand,Zooming In With Two Fingers
62254,Rolling Hand Forward,Rolling Hand Backward
133823,Pulling Hand In,No gesture
27282,Shaking Hand,Doing other things
92016,Rolling Hand Backward,Rolling Hand Forward
69817,Rolling Hand Forward,Rolling Hand Backward
145713,Sliding Two Fingers Down,Swiping Right
33454,Rolling Hand Forward,Rolling Hand Backward
136087,Thumb Down,Doing other things
106819,Zooming In With Two Fingers,Zooming Out With Two Fingers
57797,Pulling Hand In,Doing other things
98067,Zooming In With Two Fingers,Doing other things
87105,Shaking Hand,Turning Hand Counterclockwise
125479,Drumming Fingers,Doing other things
144539,Sliding Two Fingers Right,No gesture
131464,Doing other things,Thumb Down
67742,Doing other things,Rolling Hand Backward
99624,Zooming In With Two Fingers,Zooming Out With Two Fingers
97864,Doing other things,Zooming Out With Full Hand
86178,Swiping Down,Drumming Fingers
65026,Sliding Two Fingers Up,Sliding Two Fingers Down
14854,Sliding Two Fingers Down,Sliding Two Fingers Up
113033,Pulling Hand In,Thumb Down
54996,Zooming Out With Full Hand,Zooming In With Full Hand
8019,Sliding Two Fingers Left,Sliding Two Fingers Right
29203,Turning Hand Clockwise,Drumming Fingers
24747,Zooming In With Full Hand,Shaking Hand
85138,Pushing Hand Away,Pulling Hand In
80327,Swiping Right,Sliding Two Fingers Right
1089,Swiping Right,Doing other things
134116,Zooming In With Full Hand,Doing other things
48749,Turning Hand Counterclockwise,Swiping Up
4704,Drumming Fingers,Shaking Hand
76714,Swiping Left,Pulling Hand In
98631,Turning Hand Counterclockwise,Turning Hand Clockwise
146082,Sliding Two Fingers Down,Sliding Two Fingers Up
48942,Sliding Two Fingers Left,Doing other things
128017,Rolling Hand Forward,Sliding Two Fingers Right
21871,Sliding Two Fingers Up,Pushing Two Fingers Away
8043,Thumb Up,Rolling Hand Backward
111406,Swiping Left,Shaking Hand
116055,Sliding Two Fingers Up,Swiping Left
285,Doing other things,Pulling Two Fingers In
58888,Zooming Out With Two Fingers,Zooming Out With Full Hand
7400,Zooming Out With Full Hand,Doing other things
77173,Turning Hand Counterclockwise,Swiping Up
31926,Shaking Hand,Doing other things
95587,Swiping Down,Drumming Fingers
28286,Sliding Two Fingers Left,Sliding Two Fingers Right
137858,Rolling Hand Forward,Rolling Hand Backward
146577,Zooming Out With Two Fingers,Swiping Right
112468,Doing other things,Sliding Two Fingers Left
104184,Pulling Hand In,Pulling Two Fingers In
34324,Rolling Hand Backward,Rolling Hand Forward
117996,Turning Hand Clockwise,Doing other things
11940,Swiping Left,Pulling Two Fingers In
143605,Swiping Up,Rolling Hand Forward
47085,Turning Hand Clockwise,Shaking Hand
39195,Doing other things,Zooming In With Full Hand
91539,Pushing Hand Away,Zooming Out With Full Hand
116418,Drumming Fingers,Zooming In With Full Hand
137257,Sliding Two Fingers Down,Thumb Down
9725,Sliding Two Fingers Down,No gesture
1876,Shaking Hand,Pushing Hand Away
45041,Sliding Two Fingers Up,Pushing Two Fingers Away
144230,Sliding Two Fingers Down,Sliding Two Fingers Up
78516,No gesture,Sliding Two Fingers Right
15658,Swiping Down,Pulling Hand In
120797,Swiping Down,Swiping Up
19010,Swiping Down,Doing other things
55181,Rolling Hand Forward,Doing other things
4639,Turning Hand Counterclockwise,No gesture
54347,Pulling Hand In,Thumb Up
54399,Sliding Two Fingers Right,Sliding Two Fingers Left
112889,Pulling Hand In,Pulling Two Fingers In
848,Zooming In With Two Fingers,Sliding Two Fingers Left
56675,Swiping Left,Sliding Two Fingers Left
74146,Pushing Two Fingers Away,Pushing Hand Away
93200,Turning Hand Clockwise,Zooming Out With Full Hand
111741,Sliding Two Fingers Left,Doing other things
134300,Swiping Up,Swiping Left
37526,Rolling Hand Forward,Rolling Hand Backward
60025,Pulling Hand In,Swiping Up
65958,Pulling Hand In,Swiping Down
68572,Pulling Hand In,Thumb Up
53397,Zooming Out With Two Fingers,Doing other things
112751,Sliding Two Fingers Down,Doing other things
13420,Rolling Hand Backward,Rolling Hand Forward
76660,Pulling Hand In,Turning Hand Counterclockwise
50065,Sliding Two Fingers Up,Pushing Two Fingers Away
139374,Sliding Two Fingers Up,Drumming Fingers
80906,Sliding Two Fingers Up,Zooming In With Full Hand
96607,Sliding Two Fingers Left,Sliding Two Fingers Down
77398,Zooming In With Two Fingers,Zooming Out With Two Fingers
346,Pushing Hand Away,Pushing Two Fingers Away
71824,Zooming Out With Two Fingers,Stop Sign
48055,Turning Hand Clockwise,Shaking Hand
45700,Thumb Down,Doing other things
37643,Swiping Right,Swiping Left
26373,Thumb Down,Doing other things
41310,Sliding Two Fingers Right,Doing other things
62551,Swiping Down,Drumming Fingers
89326,Sliding Two Fingers Left,Thumb Up
26081,Zooming In With Two Fingers,Zooming In With Full Hand
76052,Sliding Two Fingers Up,No gesture
95106,Swiping Left,Swiping Right
62603,Rolling Hand Backward,Rolling Hand Forward
117021,Sliding Two Fingers Left,Swiping Left
126519,Zooming In With Full Hand,Doing other things
39968,Swiping Down,No gesture
97342,Swiping Down,No gesture
61884,Zooming In With Full Hand,Shaking Hand
94891,Sliding Two Fingers Down,Swiping Down
58826,Zooming In With Two Fingers,Zooming Out With Two Fingers
116091,Sliding Two Fingers Down,Sliding Two Fingers Up
10920,Pulling Two Fingers In,Doing other things
96976,Sliding Two Fingers Down,Sliding Two Fingers Up
62969,Turning Hand Clockwise,Turning Hand Counterclockwise
136395,Sliding Two Fingers Up,Sliding Two Fingers Down
62343,Swiping Right,Swiping Left
55442,Swiping Right,Sliding Two Fingers Right
23816,Turning Hand Clockwise,Pulling Two Fingers In
81252,Swiping Down,Doing other things
6551,Sliding Two Fingers Right,Swiping Up
58588,Swiping Right,No gesture
118212,Swiping Left,Pushing Hand Away
92067,Zooming In With Two Fingers,Zooming Out With Two Fingers
59672,Stop Sign,Pushing Hand Away
71466,Sliding Two Fingers Down,Swiping Down
35072,Doing other things,Thumb Down
41345,Swiping Left,Doing other things
99159,Swiping Right,No gesture
9810,Drumming Fingers,Sliding Two Fingers Up
146080,Sliding Two Fingers Right,Doing other things
100872,Doing other things,Pushing Two Fingers Away
113497,Drumming Fingers,Zooming Out With Two Fingers
14231,Sliding Two Fingers Left,Swiping Left
110459,Sliding Two Fingers Left,No gesture
127148,Pulling Hand In,Pulling Two Fingers In
11294,Rolling Hand Backward,Rolling Hand Forward
135753,Pushing Hand Away,Stop Sign
6059,Swiping Right,Swiping Left
68313,Shaking Hand,Pushing Two Fingers Away
60198,Pulling Hand In,Swiping Up
110175,Swiping Up,Doing other things
30110,Turning Hand Clockwise,Turning Hand Counterclockwise
125926,Zooming Out With Full Hand,Zooming Out With Two Fingers
115010,Sliding Two Fingers Right,No gesture
88177,Pushing Two Fingers Away,Doing other things
5904,Rolling Hand Forward,Rolling Hand Backward
45342,Zooming In With Full Hand,Drumming Fingers
37417,Sliding Two Fingers Down,Swiping Up
4329,Pulling Two Fingers In,Pulling Hand In
34206,Turning Hand Clockwise,Zooming In With Full Hand
49977,Pushing Hand Away,Shaking Hand
42261,Zooming In With Full Hand,Zooming Out With Full Hand
37709,Swiping Down,Doing other things
56327,Sliding Two Fingers Left,Sliding Two Fingers Right
109829,Turning Hand Clockwise,Turning Hand Counterclockwise
83271,Sliding Two Fingers Down,Sliding Two Fingers Up
29569,No gesture,Swiping Up
120128,Swiping Up,Pulling Hand In
141556,Pushing Two Fingers Away,Thumb Down
85386,Turning Hand Clockwise,Thumb Up
16117,Zooming In With Full Hand,Doing other things
89839,Sliding Two Fingers Down,Pulling Two Fingers In
50325,Sliding Two Fingers Left,Sliding Two Fingers Right
44029,Zooming Out With Two Fingers,Drumming Fingers
22850,Rolling Hand Backward,Rolling Hand Forward
52707,Swiping Left,Sliding Two Fingers Left
119720,Pulling Two Fingers In,No gesture
20048,Sliding Two Fingers Left,Doing other things
103881,Pushing Two Fingers Away,Pushing Hand Away
117429,Stop Sign,Pushing Hand Away
76457,Zooming Out With Full Hand,Zooming In With Full Hand
136271,Turning Hand Clockwise,Turning Hand Counterclockwise
14983,Shaking Hand,Stop Sign
95844,Sliding Two Fingers Left,Sliding Two Fingers Right
80104,Doing other things,No gesture
9319,Sliding Two Fingers Down,Swiping Up
4129,Pushing Hand Away,Stop Sign
104676,No gesture,Doing other things
58065,Zooming In With Two Fingers,Swiping Right
63663,Shaking Hand,Pulling Hand In
1978,Sliding Two Fingers Up,Sliding Two Fingers Down
128091,Swiping Down,Rolling Hand Backward
132644,Shaking Hand,Turning Hand Counterclockwise
59879,Turning Hand Counterclockwise,Shaking Hand
4824,Pulling Hand In,Shaking Hand
30640,Pulling Two Fingers In,Doing other things
1029,No gesture,Sliding Two Fingers Left
24607,Swiping Right,Swiping Left
61384,Zooming In With Full Hand,Zooming Out With Full Hand
114653,Turning Hand Clockwise,Zooming In With Two Fingers
94710,Pushing Hand Away,Stop Sign
52615,Swiping Right,Sliding Two Fingers Left
112024,Turning Hand Counterclockwise,Swiping Right
69379,Sliding Two Fingers Down,Doing other things
20165,Sliding Two Fingers Up,Sliding Two Fingers Right
11918,Sliding Two Fingers Right,Sliding Two Fingers Left
146683,Zooming Out With Full Hand,Shaking Hand
32365,Pushing Two Fingers Away,Sliding Two Fingers Down
46190,Zooming Out With Full Hand,Zooming Out With Two Fingers
136358,Rolling Hand Forward,Doing other things
119767,Pushing Hand Away,Zooming Out With Two Fingers
83991,Turning Hand Counterclockwise,Swiping Left
81063,Rolling Hand Forward,Rolling Hand Backward
139645,Shaking Hand,Stop Sign
37102,Turning Hand Counterclockwise,Zooming Out With Two Fingers
80518,Pulling Two Fingers In,Pulling Hand In
79459,Shaking Hand,Drumming Fingers
44825,Zooming Out With Full Hand,Sliding Two Fingers Left
119363,Sliding Two Fingers Up,Sliding Two Fingers Down
144710,Swiping Down,Zooming In With Two Fingers
11064,Swiping Up,Turning Hand Counterclockwise
134183,Zooming Out With Two Fingers,Zooming Out With Full Hand
75831,Sliding Two Fingers Right,Thumb Up
145650,Swiping Right,Thumb Up
84294,Pulling Two Fingers In,Pulling Hand In
61305,Zooming Out With Full Hand,Zooming In With Full Hand
140346,Sliding Two Fingers Down,Pushing Two Fingers Away
126018,Pulling Hand In,Pushing Hand Away
47506,Swiping Right,No gesture
47387,Shaking Hand,Rolling Hand Backward
63449,Sliding Two Fingers Down,Sliding Two Fingers Up
139663,Sliding Two Fingers Up,Doing other things
86080,Drumming Fingers,Rolling Hand Forward
128799,Sliding Two Fingers Down,Pushing Two Fingers Away
101339,Swiping Down,Doing other things
1127,Zooming In With Full Hand,Shaking Hand
113193,Doing other things,Thumb Up
15743,Sliding Two Fingers Left,Sliding Two Fingers Right
141528,Zooming In With Two Fingers,Zooming Out With Two Fingers
21270,Pulling Two Fingers In,Sliding Two Fingers Right
25415,Zooming In With Two Fingers,Zooming Out With Two Fingers
17067,Pushing Two Fingers Away,Sliding Two Fingers Down
35447,Sliding Two Fingers Up,Swiping Down
8836,No gesture,Swiping Right
84631,Zooming In With Two Fingers,Zooming Out With Two Fingers
122813,Rolling Hand Forward,Rolling Hand Backward
79789,Rolling Hand Backward,Rolling Hand Forward
54936,Zooming Out With Full Hand,No gesture
72092,Rolling Hand Backward,Rolling Hand Forward
66420,Swiping Up,Sliding Two Fingers Up
72388,No gesture,Doing other things
86068,Sliding Two Fingers Left,Sliding Two Fingers Right
50661,Shaking Hand,Swiping Right
24405,Sliding Two Fingers Right,Doing other things
97599,Sliding Two Fingers Right,Swiping Right
829,Shaking Hand,No gesture
139188,Swiping Left,No gesture
9431,Sliding Two Fingers Right,Doing other things
26043,Sliding Two Fingers Up,Swiping Left
49233,Sliding Two Fingers Down,Swiping Down
144749,Pulling Two Fingers In,Doing other things
1587,Swiping Up,Swiping Left
77843,Doing other things,Zooming Out With Full Hand
94027,Drumming Fingers,Thumb Down
85658,Drumming Fingers,Shaking Hand
64486,Turning Hand Clockwise,Turning Hand Counterclockwise
129098,Swiping Down,No gesture
21197,Zooming In With Two Fingers,Zooming Out With Two Fingers
65526,Zooming In With Two Fingers,Zooming Out With Two Fingers
45016,Rolling Hand Forward,Sliding Two Fingers Down
94210,Zooming In With Full Hand,No gesture
122415,Zooming In With Two Fingers,Zooming Out With Two Fingers
100351,Doing other things,Drumming Fingers
16656,Rolling Hand Backward,Doing other things
141372,Pushing Hand Away,Stop Sign
126214,No gesture,Thumb Down
60475,Swiping Right,No gesture
120037,Pushing Two Fingers Away,Sliding Two Fingers Up
40294,Pulling Two Fingers In,Thumb Down
1314,Sliding Two Fingers Up,Swiping Down
67031,Turning Hand Counterclockwise,Shaking Hand
87732,Swiping Down,Swiping Left
95028,Swiping Down,Doing other things
65764,Doing other things,No gesture
125699,Zooming In With Full Hand,Zooming Out With Full Hand
63548,Swiping Right,Pushing Hand Away
86784,Sliding Two Fingers Up,Zooming Out With Full Hand
73853,Zooming Out With Two Fingers,Zooming In With Two Fingers
38131,Sliding Two Fingers Right,Pushing Two Fingers Away
105732,Swiping Right,No gesture
129001,Sliding Two Fingers Left,Swiping Left
77219,Rolling Hand Backward,Doing other things
38709,Zooming Out With Two Fingers,Zooming In With Two Fingers
64626,Doing other things,Zooming Out With Full Hand
134402,Sliding Two Fingers Right,Swiping Down
16116,Swiping Right,Swiping Left
12661,No gesture,Rolling Hand Backward
120568,Doing other things,Turning Hand Clockwise
3328,Rolling Hand Forward,Rolling Hand Backward
95414,Swiping Down,Sliding Two Fingers Right
140656,Turning Hand Counterclockwise,Shaking Hand
94863,Turning Hand Counterclockwise,Turning Hand Clockwise
94105,Pulling Hand In,Pulling Two Fingers In
68972,Swiping Left,No gesture
109488,Sliding Two Fingers Down,Doing other things
95136,No gesture,Doing other things
88994,Swiping Down,Swiping Right
41116,Sliding Two Fingers Down,Sliding Two Fingers Up
24776,Swiping Down,Sliding Two Fingers Up
25832,Zooming In With Two Fingers,Sliding Two Fingers Right
40618,Turning Hand Clockwise,Turning Hand Counterclockwise
104464,Swiping Left,Sliding Two Fingers Right
22235,Pulling Hand In,Pushing Hand Away
90634,Turning Hand Clockwise,Turning Hand Counterclockwise
15972,Pulling Two Fingers In,Doing other things
98959,Zooming Out With Full Hand,Sliding Two Fingers Right
17975,Sliding Two Fingers Down,Thumb Down
61571,No gesture,Shaking Hand
102536,Thumb Down,Rolling Hand Forward
110525,Rolling Hand Forward,Rolling Hand Backward
18030,Doing other things,Sliding Two Fingers Right
38195,Zooming In With Full Hand,Zooming Out With Full Hand
20822,Swiping Down,No gesture
26449,Zooming Out With Full Hand,Swiping Down
55416,Rolling Hand Forward,No gesture
132435,Rolling Hand Backward,Rolling Hand Forward
30882,Turning Hand Clockwise,Turning Hand Counterclockwise
93075,Sliding Two Fingers Right,Drumming Fingers
116276,Turning Hand Counterclockwise,Doing other things
120205,Turning Hand Counterclockwise,Zooming Out With Full Hand
41611,Swiping Up,Rolling Hand Forward
124355,Zooming In With Full Hand,Doing other things
46620,Pulling Two Fingers In,Doing other things
39744,Doing other things,Rolling Hand Forward
138715,Zooming In With Full Hand,Zooming Out With Two Fingers
18130,Pulling Hand In,Swiping Down
38731,Doing other things,Drumming Fingers
37354,Sliding Two Fingers Up,Sliding Two Fingers Down
139325,Sliding Two Fingers Left,Doing other things
138707,Sliding Two Fingers Up,Sliding Two Fingers Down
8888,Sliding Two Fingers Up,Doing other things
93456,Sliding Two Fingers Right,Doing other things
6605,Doing other things,Swiping Down
144979,Zooming In With Two Fingers,Sliding Two Fingers Left
96854,Rolling Hand Forward,Rolling Hand Backward
21714,Sliding Two Fingers Down,Drumming Fingers
72561,Swiping Right,Sliding Two Fingers Left
88186,Shaking Hand,Turning Hand Counterclockwise
114596,Swiping Up,Swiping Down
123557,Pulling Two Fingers In,Turning Hand Counterclockwise
82370,Turning Hand Clockwise,Turning Hand Counterclockwise
22802,Zooming In With Full Hand,Pulling Two Fingers In
65141,Swiping Left,Pulling Two Fingers In
70111,Swiping Down,Doing other things
65257,Sliding Two Fingers Down,Pushing Two Fingers Away
109793,Sliding Two Fingers Up,Sliding Two Fingers Down
18347,Doing other things,Thumb Down
99430,Doing other things,Shaking Hand
23820,Sliding Two Fingers Up,Swiping Down
73677,Sliding Two Fingers Left,Sliding Two Fingers Right
131299,Doing other things,No gesture
144414,Zooming In With Two Fingers,Zooming Out With Two Fingers
16895,Zooming In With Full Hand,Zooming Out With Full Hand
147112,Sliding Two Fingers Down,Swiping Down
50185,Turning Hand Clockwise,Swiping Left
35953,Zooming Out With Full Hand,Turning Hand Clockwise
54134,Turning Hand Counterclockwise,Shaking Hand
110680,Zooming In With Full Hand,Zooming Out With Two Fingers
44858,Pushing Two Fingers Away,Thumb Up
142073,Zooming In With Two Fingers,Zooming Out With Two Fingers
101720,Doing other things,Pulling Two Fingers In
43872,Swiping Right,Sliding Two Fingers Down
115337,Zooming Out With Full Hand,Zooming In With Full Hand
90564,Zooming In With Full Hand,No gesture
48179,Sliding Two Fingers Right,Sliding Two Fingers Left
5841,Swiping Down,No gesture
65165,Swiping Left,No gesture
52129,Sliding Two Fingers Up,Swiping Down
29223,Swiping Right,Doing other things
3187,Pushing Two Fingers Away,Swiping Right
86515,No gesture,Sliding Two Fingers Right
43451,Swiping Up,Pulling Two Fingers In
125379,No gesture,Doing other things
139168,Zooming In With Full Hand,Swiping Left
16063,Sliding Two Fingers Down,Pushing Two Fingers Away
20797,Swiping Left,Thumb Up
20072,Sliding Two Fingers Down,No gesture
53439,Sliding Two Fingers Down,Pushing Hand Away
140505,Rolling Hand Backward,Rolling Hand Forward
125932,Rolling Hand Forward,Doing other things
40406,Stop Sign,Pushing Hand Away
138036,Rolling Hand Forward,Rolling Hand Backward
52260,Swiping Left,Sliding Two Fingers Right
15724,Swiping Down,Sliding Two Fingers Down
2536,Zooming Out With Full Hand,Zooming In With Full Hand
90830,Swiping Down,Sliding Two Fingers Down
7999,Swiping Left,Rolling Hand Forward
133113,Pulling Hand In,Doing other things
45043,Zooming Out With Full Hand,Zooming In With Full Hand
92633,Swiping Right,Pulling Two Fingers In
76624,No gesture,Doing other things
121167,Sliding Two Fingers Down,Swiping Left
51786,Swiping Down,Rolling Hand Backward
17292,Zooming In With Two Fingers,Pulling Two Fingers In
53037,No gesture,Rolling Hand Backward
81214,Pushing Two Fingers Away,Sliding Two Fingers Down
2452,Zooming In With Full Hand,Pushing Two Fingers Away
114780,Zooming Out With Full Hand,Turning Hand Counterclockwise
51294,Shaking Hand,Turning Hand Counterclockwise
12460,Thumb Down,Pushing Two Fingers Away
63851,Zooming In With Full Hand,Doing other things
67747,Swiping Right,No gesture
119796,Turning Hand Clockwise,Rolling Hand Forward
103354,No gesture,Swiping Left
24704,Sliding Two Fingers Left,Sliding Two Fingers Right
139707,Zooming In With Full Hand,Turning Hand Counterclockwise
59422,Zooming Out With Full Hand,Zooming In With Full Hand
17942,Turning Hand Counterclockwise,Turning Hand Clockwise
122815,Rolling Hand Forward,Rolling Hand Backward
49619,Drumming Fingers,Doing other things
41849,Sliding Two Fingers Up,Sliding Two Fingers Down
12378,Turning Hand Clockwise,Turning Hand Counterclockwise
20902,Zooming In With Full Hand,Shaking Hand
39096,Thumb Up,No gesture
71347,Swiping Right,Swiping Down
18158,Doing other things,Swiping Up
8917,Pulling Hand In,Swiping Up
141234,Sliding Two Fingers Right,No gesture
23897,Rolling Hand Backward,Thumb Up
16686,Doing other things,Thumb Up
6424,Swiping Right,Swiping Left
26224,Swiping Up,Sliding Two Fingers Right
147221,Sliding Two Fingers Down,Sliding Two Fingers Left
104744,Swiping Right,No gesture
13913,Pushing Two Fingers Away,Sliding Two Fingers Up
59336,Pulling Hand In,Swiping Up
127393,Shaking Hand,Turning Hand Counterclockwise
1921,Doing other things,Thumb Up
859,Sliding Two Fingers Right,Zooming In With Two Fingers
145385,Rolling Hand Forward,Rolling Hand Backward
98212,Doing other things,No gesture
119436,Swiping Up,Swiping Right
17205,Turning Hand Counterclockwise,Swiping Up
37587,Zooming In With Two Fingers,Zooming Out With Two Fingers
93580,Doing other things,Swiping Right
89946,Pulling Hand In,Pulling Two Fingers In
44485,Zooming Out With Full Hand,Shaking Hand
44854,Doing other things,Zooming In With Two Fingers
138921,Pulling Hand In,Swiping Up
63966,Sliding Two Fingers Up,Sliding Two Fingers Down
29973,Sliding Two Fingers Down,Sliding Two Fingers Up
45848,Zooming In With Two Fingers,Pushing Two Fingers Away
76929,Sliding Two Fingers Left,Sliding Two Fingers Right
144678,Sliding Two Fingers Down,Doing other things
74270,Thumb Up,Doing other things
30572,Zooming In With Full Hand,Zooming In With Two Fingers
44376,Sliding Two Fingers Up,Sliding Two Fingers Left
30439,Rolling Hand Forward,Swiping Down
42703,Turning Hand Counterclockwise,Doing other things
120178,Swiping Right,Swiping Left
115320,Pulling Hand In,Swiping Up
24506,Sliding Two Fingers Left,Sliding Two Fingers Right
1531,Sliding Two Fingers Right,No gesture
55827,Swiping Up,Pushing Hand Away
104267,Swiping Right,Swiping Down
65320,Pushing Hand Away,Swiping Down
33642,Sliding Two Fingers Right,No gesture
47995,Doing other things,Zooming In With Full Hand
47566,Drumming Fingers,Thumb Up
97352,Sliding Two Fingers Left,Sliding Two Fingers Right
118806,Pulling Hand In,Swiping Down
49946,Pulling Two Fingers In,Thumb Up
63159,Thumb Up,Sliding Two Fingers Left
8445,Pulling Hand In,Swiping Down
144641,Swiping Left,Sliding Two Fingers Right
138471,Pulling Two Fingers In,Sliding Two Fingers Down
105420,Swiping Down,Pulling Two Fingers In
95593,Sliding Two Fingers Down,Pushing Two Fingers Away
64710,Swiping Up,Pushing Hand Away
86590,Zooming In With Two Fingers,Zooming Out With Two Fingers
26472,Doing other things,Pulling Two Fingers In
22576,Zooming Out With Two Fingers,Zooming Out With Full Hand
11981,Doing other things,Sliding Two Fingers Down
17943,Rolling Hand Backward,Rolling Hand Forward
133646,Swiping Left,No gesture
122535,Sliding Two Fingers Left,Swiping Left
87241,Shaking Hand,Turning Hand Counterclockwise
93745,Pushing Hand Away,Doing other things
69896,Sliding Two Fingers Up,Swiping Right
75093,Doing other things,Pulling Two Fingers In
39193,Turning Hand Clockwise,Shaking Hand
70651,Turning Hand Counterclockwise,Shaking Hand
140381,Sliding Two Fingers Right,Sliding Two Fingers Left
118912,Rolling Hand Backward,Rolling Hand Forward
10210,Doing other things,Swiping Down
72617,Turning Hand Counterclockwise,Zooming In With Full Hand
1945,Swiping Right,Sliding Two Fingers Left
64222,Zooming In With Two Fingers,Zooming Out With Two Fingers
126247,Swiping Up,Pulling Two Fingers In
146443,Swiping Down,Stop Sign
44141,Rolling Hand Backward,Rolling Hand Forward
42110,Sliding Two Fingers Left,Sliding Two Fingers Right
44206,Swiping Down,No gesture
76949,Swiping Down,Doing other things
70248,Swiping Right,Swiping Left
139896,Sliding Two Fingers Down,Sliding Two Fingers Up
48906,Swiping Up,Rolling Hand Forward
3738,Swiping Left,Rolling Hand Backward
104985,Swiping Left,Sliding Two Fingers Left
57039,Sliding Two Fingers Down,Sliding Two Fingers Up
2356,Zooming In With Full Hand,Shaking Hand
53776,Rolling Hand Forward,Rolling Hand Backward
23368,No gesture,Sliding Two Fingers Right
840,Zooming Out With Two Fingers,Zooming In With Full Hand
114542,Sliding Two Fingers Up,Doing other things
85565,Drumming Fingers,Shaking Hand
16071,Sliding Two Fingers Left,Swiping Right
124497,Swiping Right,Sliding Two Fingers Down
48520,Turning Hand Counterclockwise,Swiping Right
93293,Pushing Two Fingers Away,Sliding Two Fingers Up
99212,Swiping Down,Sliding Two Fingers Down
32385,Swiping Right,Turning Hand Clockwise
71905,Swiping Right,Sliding Two Fingers Right
114870,Zooming In With Full Hand,Zooming Out With Full Hand
123330,Sliding Two Fingers Down,Sliding Two Fingers Right
55737,Sliding Two Fingers Down,Sliding Two Fingers Up
7064,Sliding Two Fingers Up,Pushing Hand Away
135995,Zooming Out With Two Fingers,Zooming In With Two Fingers
84729,Zooming Out With Two Fingers,Sliding Two Fingers Right
118034,Sliding Two Fingers Down,Sliding Two Fingers Up
146435,Sliding Two Fingers Up,Pushing Two Fingers Away
43835,Thumb Up,Pulling Hand In
45377,Swiping Left,Swiping Right
8670,Turning Hand Clockwise,Thumb Down
82760,Rolling Hand Forward,Sliding Two Fingers Up
132300,Sliding Two Fingers Up,Pushing Two Fingers Away
96585,Sliding Two Fingers Right,Doing other things
119443,Sliding Two Fingers Up,Thumb Down
142528,Zooming In With Two Fingers,Zooming Out With Two Fingers
81458,Sliding Two Fingers Right,Doing other things
70274,Pushing Two Fingers Away,No gesture
40863,Pushing Two Fingers Away,Drumming Fingers
7773,Rolling Hand Forward,Rolling Hand Backward
60860,Rolling Hand Backward,Rolling Hand Forward
118977,Shaking Hand,Swiping Down
102990,Sliding Two Fingers Down,Sliding Two Fingers Up
57817,Swiping Down,Swiping Left
55090,Swiping Left,Doing other things
75581,Sliding Two Fingers Up,Pushing Two Fingers Away
103169,Zooming In With Two Fingers,Zooming Out With Two Fingers
134789,Drumming Fingers,Zooming Out With Two Fingers
55054,Sliding Two Fingers Right,Swiping Left
1013,Zooming In With Two Fingers,Zooming Out With Two Fingers
142585,Zooming Out With Two Fingers,Zooming In With Full Hand
128007,Pushing Hand Away,No gesture
91639,Pulling Two Fingers In,Swiping Right
134725,Rolling Hand Backward,Rolling Hand Forward
9398,Drumming Fingers,Shaking Hand
44606,Swiping Down,Rolling Hand Backward
24325,Swiping Left,Shaking Hand
75510,Swiping Up,Pulling Two Fingers In
106292,Turning Hand Counterclockwise,Turning Hand Clockwise
53447,Zooming In With Two Fingers,Zooming Out With Two Fingers
138637,Shaking Hand,Turning Hand Counterclockwise
114393,Zooming Out With Two Fingers,Zooming In With Two Fingers
38944,Pushing Hand Away,Shaking Hand
98683,Shaking Hand,Thumb Down
89573,Zooming In With Two Fingers,Zooming Out With Two Fingers
72605,Pulling Two Fingers In,Doing other things
92780,Sliding Two Fingers Right,Sliding Two Fingers Left
17652,Sliding Two Fingers Down,Pushing Two Fingers Away
43651,Doing other things,Rolling Hand Forward
134363,Swiping Left,Rolling Hand Backward
87405,Shaking Hand,Swiping Up
58811,Sliding Two Fingers Left,Sliding Two Fingers Down
127429,No gesture,Thumb Up
125923,Swiping Right,No gesture
30646,Zooming Out With Full Hand,Stop Sign
68964,Zooming In With Two Fingers,Zooming Out With Two Fingers
108125,Sliding Two Fingers Down,Doing other things
114736,Pushing Hand Away,Swiping Down
124449,Turning Hand Clockwise,Turning Hand Counterclockwise
34649,Swiping Up,Shaking Hand
96753,Doing other things,Swiping Down
27365,Pulling Hand In,Pulling Two Fingers In
124667,Rolling Hand Forward,Rolling Hand Backward
124768,Zooming Out With Full Hand,No gesture
60801,Rolling Hand Forward,Sliding Two Fingers Down
9281,Pushing Two Fingers Away,Doing other things
36872,Swiping Right,Thumb Up
47406,Turning Hand Clockwise,Pulling Hand In
77676,No gesture,Sliding Two Fingers Down
46916,Pulling Hand In,Turning Hand Counterclockwise
21453,Swiping Right,Doing other things
39562,Drumming Fingers,Swiping Down
141451,Sliding Two Fingers Left,Doing other things
20402,Swiping Up,Swiping Down
26066,Sliding Two Fingers Up,Pushing Two Fingers Away
75697,Swiping Right,Sliding Two Fingers Right
138470,Swiping Up,Swiping Down
46455,Swiping Left,Swiping Down
108300,Swiping Down,Doing other things
77190,Swiping Down,No gesture
46691,Pulling Hand In,Doing other things
26292,Rolling Hand Backward,Rolling Hand Forward
117856,Pushing Two Fingers Away,Sliding Two Fingers Down
7334,Sliding Two Fingers Right,Swiping Right
132163,Pushing Two Fingers Away,Sliding Two Fingers Right
98643,Drumming Fingers,Sliding Two Fingers Up
23542,Swiping Left,Rolling Hand Backward
70013,Swiping Down,Rolling Hand Forward
39132,Zooming In With Two Fingers,Zooming In With Full Hand
66693,Swiping Down,Sliding Two Fingers Down
91403,Shaking Hand,Zooming Out With Full Hand
2633,Zooming Out With Two Fingers,Zooming In With Two Fingers
4721,Rolling Hand Backward,Rolling Hand Forward
104049,Pushing Hand Away,Stop Sign
65400,Swiping Down,Pushing Hand Away
74004,Sliding Two Fingers Down,No gesture
35919,Sliding Two Fingers Right,Swiping Right
147084,Turning Hand Counterclockwise,Turning Hand Clockwise
108870,Zooming In With Full Hand,Zooming Out With Full Hand
37031,Sliding Two Fingers Left,Sliding Two Fingers Down
40423,Zooming In With Full Hand,Pushing Two Fingers Away
92640,Stop Sign,Pushing Hand Away
73466,Rolling Hand Forward,Rolling Hand Backward
97023,Turning Hand Counterclockwise,Pulling Hand In
114521,Stop Sign,Swiping Down
28606,Swiping Right,Shaking Hand
147407,Swiping Right,Rolling Hand Forward
98817,Sliding Two Fingers Left,Swiping Left
31950,Turning Hand Counterclockwise,Turning Hand Clockwise
13498,Zooming Out With Full Hand,Zooming In With Full Hand
29711,Sliding Two Fingers Right,Sliding Two Fingers Left
74741,Swiping Right,No gesture
110379,Rolling Hand Forward,Rolling Hand Backward
84230,Doing other things,Swiping Right
135163,Zooming Out With Two Fingers,Swiping Up
129557,Sliding Two Fingers Up,Sliding Two Fingers Down
50971,Swiping Right,Swiping Left
4178,Swiping Up,No gesture
138097,Sliding Two Fingers Down,Zooming In With Two Fingers
125876,Pushing Two Fingers Away,Thumb Down
22774,Zooming Out With Two Fingers,Sliding Two Fingers Right
124938,Sliding Two Fingers Left,Doing other things
65392,No gesture,Swiping Down
15300,Swiping Up,Pulling Hand In
6274,Pulling Two Fingers In,Doing other things
36003,Sliding Two Fingers Right,Doing other things
87091,Swiping Down,No gesture
123012,Stop Sign,Pushing Hand Away
29685,Turning Hand Clockwise,Turning Hand Counterclockwise
118582,Zooming In With Two Fingers,Zooming Out With Two Fingers
6946,Sliding Two Fingers Down,Swiping Left
62387,Rolling Hand Backward,Rolling Hand Forward
70760,Shaking Hand,Doing other things
21425,Zooming In With Full Hand,Zooming Out With Full Hand
77938,Thumb Down,Swiping Up
42716,Swiping Down,Rolling Hand Backward
131656,Zooming In With Full Hand,Turning Hand Counterclockwise
140671,Swiping Down,Doing other things
142265,Pulling Hand In,Turning Hand Clockwise
9116,Doing other things,Sliding Two Fingers Down
100871,Sliding Two Fingers Up,Sliding Two Fingers Down
1583,Pushing Hand Away,Swiping Down
85512,Swiping Up,Swiping Left
53966,Swiping Up,Pulling Hand In
34068,Zooming Out With Full Hand,Doing other things
42658,Zooming In With Two Fingers,Zooming Out With Two Fingers
111862,Turning Hand Clockwise,Turning Hand Counterclockwise
92093,Pulling Hand In,Swiping Up
12411,Sliding Two Fingers Up,Doing other things
49883,Zooming Out With Full Hand,Zooming In With Full Hand
27704,Rolling Hand Backward,Rolling Hand Forward
126798,Shaking Hand,Turning Hand Counterclockwise
75577,Sliding Two Fingers Right,Sliding Two Fingers Left
90633,Rolling Hand Backward,No gesture
59389,Pulling Two Fingers In,Pushing Hand Away
30251,Zooming In With Two Fingers,Zooming Out With Full Hand
60257,Swiping Right,Turning Hand Clockwise
67413,Swiping Right,Swiping Down
62197,Swiping Up,Pulling Hand In
5002,No gesture,Pulling Hand In
17265,Zooming In With Two Fingers,Zooming Out With Two Fingers
111410,Sliding Two Fingers Down,Doing other things
127409,Sliding Two Fingers Down,Rolling Hand Backward
71705,No gesture,Doing other things
4071,Doing other things,Shaking Hand
13683,Pulling Hand In,Pulling Two Fingers In
122666,Swiping Right,No gesture
59300,Swiping Left,Sliding Two Fingers Right
41019,Doing other things,Swiping Down
55734,Swiping Left,Sliding Two Fingers Down
139042,Sliding Two Fingers Right,Sliding Two Fingers Left
65587,Swiping Down,Thumb Down
39599,Sliding Two Fingers Left,Thumb Up
42409,Pulling Two Fingers In,No gesture
142485,Turning Hand Counterclockwise,Turning Hand Clockwise
33027,Sliding Two Fingers Left,No gesture
81933,Drumming Fingers,Thumb Down
137957,Sliding Two Fingers Left,Swiping Left
7006,Sliding Two Fingers Down,Thumb Up
109592,Zooming In With Two Fingers,Zooming Out With Two Fingers
130942,Sliding Two Fingers Down,Pushing Two Fingers Away
127084,Zooming Out With Two Fingers,Drumming Fingers
95118,Drumming Fingers,Thumb Up
44335,Sliding Two Fingers Left,Doing other things
79882,Sliding Two Fingers Down,Swiping Up
131480,Pushing Two Fingers Away,Sliding Two Fingers Left
139453,Zooming Out With Full Hand,Thumb Down
98699,Rolling Hand Forward,Rolling Hand Backward
133238,Pushing Hand Away,Pushing Two Fingers Away
68389,Turning Hand Clockwise,Turning Hand Counterclockwise
94564,Zooming In With Two Fingers,Zooming Out With Two Fingers
98596,Pulling Two Fingers In,Doing other things
18635,Doing other things,Pulling Two Fingers In
136171,Zooming Out With Full Hand,Zooming Out With Two Fingers
81968,Rolling Hand Backward,Swiping Down
147086,Rolling Hand Backward,Rolling Hand Forward
79842,Sliding Two Fingers Left,No gesture
116947,No gesture,Swiping Down
38850,Doing other things,Zooming In With Full Hand
58390,Sliding Two Fingers Down,Swiping Up
85282,Drumming Fingers,Rolling Hand Backward
107103,Shaking Hand,Turning Hand Counterclockwise
111666,Swiping Up,Pulling Hand In
84048,Drumming Fingers,Zooming Out With Full Hand
71567,Turning Hand Clockwise,Turning Hand Counterclockwise
143837,Pushing Hand Away,Sliding Two Fingers Down
127906,Swiping Down,No gesture
21710,Zooming In With Two Fingers,Zooming Out With Two Fingers
79494,Swiping Right,Shaking Hand
54132,Sliding Two Fingers Left,Sliding Two Fingers Right
93325,Pulling Hand In,Swiping Up
96910,Pushing Two Fingers Away,Thumb Down
146903,Pushing Hand Away,Doing other things
116715,Pushing Two Fingers Away,Sliding Two Fingers Up
8923,Turning Hand Counterclockwise,Rolling Hand Forward
136861,Rolling Hand Backward,Rolling Hand Forward
122574,Swiping Up,Sliding Two Fingers Up
96982,Thumb Up,Swiping Up
37351,Shaking Hand,Doing other things
880,Rolling Hand Forward,Thumb Up
74043,Sliding Two Fingers Left,Sliding Two Fingers Right
127688,Turning Hand Clockwise,Turning Hand Counterclockwise
147281,Zooming In With Two Fingers,Sliding Two Fingers Right
39432,Stop Sign,Pushing Hand Away
105111,Pushing Hand Away,Swiping Down
58995,Thumb Up,Doing other things
55175,Rolling Hand Forward,Rolling Hand Backward
115156,Pushing Hand Away,Doing other things
87923,Swiping Right,Zooming In With Full Hand
103195,Zooming In With Two Fingers,Zooming In With Full Hand
31400,Sliding Two Fingers Left,Rolling Hand Backward
37384,Stop Sign,Pushing Hand Away
32179,Stop Sign,Doing other things
34269,Swiping Down,Drumming Fingers
44857,No gesture,Swiping Right
39264,Zooming In With Full Hand,Shaking Hand
97261,Stop Sign,Pushing Hand Away
131133,Rolling Hand Backward,Rolling Hand Forward
7439,Rolling Hand Forward,Rolling Hand Backward
98357,Zooming In With Full Hand,Rolling Hand Forward
114182,Swiping Right,Doing other things
5298,Swiping Right,Doing other things
78484,Swiping Up,Pulling Hand In
141927,Pulling Two Fingers In,Doing other things
114818,Pulling Two Fingers In,Doing other things
120999,Swiping Down,Rolling Hand Forward
10747,Doing other things,Zooming In With Full Hand
143322,Rolling Hand Backward,Rolling Hand Forward
118999,Swiping Right,Doing other things
129085,Doing other things,Pulling Hand In
89833,Doing other things,Turning Hand Clockwise
234,Stop Sign,Pushing Hand Away
46950,Swiping Right,Drumming Fingers
56341,Turning Hand Clockwise,Pushing Hand Away
128556,Sliding Two Fingers Left,Thumb Up
84368,Thumb Down,Doing other things
76630,Sliding Two Fingers Down,No gesture
57048,Zooming In With Full Hand,Zooming Out With Full Hand
79879,Swiping Left,Swiping Right
55294,Swiping Right,Doing other things
18961,Sliding Two Fingers Down,No gesture
4196,Turning Hand Counterclockwise,Pulling Hand In
123924,Zooming In With Full Hand,Zooming Out With Full Hand
108779,Zooming Out With Full Hand,Pulling Two Fingers In
108072,Zooming In With Two Fingers,Zooming Out With Two Fingers
62870,No gesture,Swiping Down
19421,Turning Hand Clockwise,Rolling Hand Forward
7537,Pushing Two Fingers Away,Zooming Out With Two Fingers
44482,Doing other things,Rolling Hand Forward
72312,Swiping Down,Sliding Two Fingers Down
8418,Zooming Out With Full Hand,Zooming In With Full Hand
95024,Sliding Two Fingers Up,Sliding Two Fingers Down
34801,No gesture,Doing other things
29121,Zooming Out With Full Hand,Doing other things
67635,Sliding Two Fingers Right,Sliding Two Fingers Left
144356,Pulling Two Fingers In,Doing other things
79702,Pulling Two Fingers In,No gesture
40141,Sliding Two Fingers Left,Sliding Two Fingers Right
97944,Sliding Two Fingers Left,No gesture
21104,Sliding Two Fingers Down,Sliding Two Fingers Left
55914,Sliding Two Fingers Down,Turning Hand Counterclockwise
96683,Sliding Two Fingers Up,Pushing Two Fingers Away
18577,No gesture,Doing other things
62105,Sliding Two Fingers Left,Rolling Hand Backward
19168,Rolling Hand Forward,Rolling Hand Backward
910,Rolling Hand Backward,Rolling Hand Forward
58927,Rolling Hand Forward,Drumming Fingers
43225,Stop Sign,Pushing Hand Away
43673,Sliding Two Fingers Up,Doing other things
51474,Zooming Out With Two Fingers,Zooming In With Two Fingers
79287,Zooming Out With Two Fingers,Zooming In With Two Fingers
46088,Zooming In With Full Hand,Zooming Out With Full Hand
92584,Rolling Hand Backward,No gesture
109859,Sliding Two Fingers Down,Doing other things
96820,Zooming Out With Full Hand,Doing other things
3386,Doing other things,Rolling Hand Backward
144716,Pulling Two Fingers In,Pushing Hand Away
106357,Swiping Down,Rolling Hand Backward
141404,Stop Sign,Pushing Hand Away
134816,Swiping Down,Zooming Out With Two Fingers
125228,No gesture,Rolling Hand Backward
4119,Sliding Two Fingers Left,Doing other things
93930,Rolling Hand Forward,Rolling Hand Backward
145171,Sliding Two Fingers Up,Sliding Two Fingers Down
86921,Swiping Left,No gesture
133515,Swiping Up,Pulling Hand In
113025,Sliding Two Fingers Left,Sliding Two Fingers Right
51698,Sliding Two Fingers Right,Swiping Right
107593,Turning Hand Clockwise,Turning Hand Counterclockwise
5961,No gesture,Pulling Two Fingers In
127613,Sliding Two Fingers Left,Sliding Two Fingers Right
12190,Doing other things,Shaking Hand
135556,Sliding Two Fingers Left,Doing other things
45397,Swiping Up,Pulling Hand In
133944,Rolling Hand Forward,Doing other things
80027,Swiping Left,Sliding Two Fingers Right
52220,Rolling Hand Forward,Rolling Hand Backward
131387,Pulling Two Fingers In,Doing other things
109782,Swiping Left,No gesture
36320,Rolling Hand Backward,Rolling Hand Forward
81268,Pulling Hand In,Turning Hand Counterclockwise
89488,Rolling Hand Backward,Sliding Two Fingers Left
119553,Turning Hand Clockwise,Turning Hand Counterclockwise
143647,Shaking Hand,Turning Hand Counterclockwise
144058,Sliding Two Fingers Down,Swiping Left
85662,Swiping Right,Zooming Out With Two Fingers
27815,Sliding Two Fingers Up,Sliding Two Fingers Right
134776,Doing other things,Pushing Two Fingers Away
6429,Rolling Hand Forward,Rolling Hand Backward
21419,Pulling Two Fingers In,Doing other things
137491,Pushing Hand Away,Stop Sign
941,No gesture,Doing other things
64325,Sliding Two Fingers Up,Sliding Two Fingers Down
87777,Sliding Two Fingers Down,Doing other things
4982,No gesture,Swiping Right
125041,Sliding Two Fingers Down,No gesture
83566,Zooming In With Two Fingers,Zooming Out With Two Fingers
100059,Sliding Two Fingers Down,Sliding Two Fingers Up
146939,Swiping Up,Swiping Down
91641,Swiping Right,No gesture
18724,Swiping Left,Thumb Up
40509,Zooming In With Two Fingers,Shaking Hand
136030,Zooming In With Two Fingers,Doing other things
62496,Zooming Out With Two Fingers,Zooming Out With Full Hand
66175,Pulling Two Fingers In,Swiping Up
129218,Turning Hand Clockwise,Doing other things
52762,Doing other things,Zooming In With Full Hand
128361,Turning Hand Clockwise,Turning Hand Counterclockwise
72866,Shaking Hand,Swiping Up
47918,Pulling Hand In,Pushing Hand Away
50878,Turning Hand Counterclockwise,Turning Hand Clockwise
15273,Zooming In With Two Fingers,Zooming Out With Two Fingers
71699,Shaking Hand,Zooming In With Full Hand
62624,Sliding Two Fingers Left,Rolling Hand Backward
129541,Swiping Down,Drumming Fingers
110151,Zooming Out With Full Hand,Turning Hand Clockwise
69060,Swiping Left,Pulling Two Fingers In
107947,Zooming In With Two Fingers,Zooming Out With Two Fingers
63417,Pulling Two Fingers In,Doing other things
69106,Rolling Hand Forward,Sliding Two Fingers Down
127192,Turning Hand Counterclockwise,Turning Hand Clockwise
65987,Sliding Two Fingers Right,Turning Hand Counterclockwise
10230,Swiping Down,Pulling Two Fingers In
41579,Doing other things,Thumb Down
41155,Swiping Right,No gesture
71676,Stop Sign,Pushing Hand Away
30042,Pushing Hand Away,Shaking Hand
125911,Zooming In With Two Fingers,Zooming Out With Two Fingers
124126,Thumb Up,Zooming Out With Two Fingers
11982,Turning Hand Clockwise,Turning Hand Counterclockwise
134528,Sliding Two Fingers Right,Zooming Out With Two Fingers
3830,Doing other things,Sliding Two Fingers Up
51543,Zooming Out With Full Hand,Turning Hand Clockwise
37667,Pulling Hand In,Sliding Two Fingers Left
118932,Swiping Down,Pushing Hand Away
78508,Sliding Two Fingers Left,Sliding Two Fingers Right
84502,Drumming Fingers,Sliding Two Fingers Right
22831,Shaking Hand,Swiping Right
125328,Turning Hand Clockwise,Turning Hand Counterclockwise
66064,Swiping Down,Swiping Right
127495,Shaking Hand,Doing other things
139633,Swiping Up,Pulling Hand In
127263,Zooming Out With Full Hand,Zooming In With Full Hand
138126,Sliding Two Fingers Up,Zooming Out With Two Fingers
124146,Zooming In With Full Hand,Doing other things
47877,Sliding Two Fingers Down,Doing other things
129053,Shaking Hand,Sliding Two Fingers Right
112892,Zooming In With Two Fingers,Zooming Out With Two Fingers
97449,Sliding Two Fingers Up,Sliding Two Fingers Down
72727,Pushing Two Fingers Away,Sliding Two Fingers Down
24763,Sliding Two Fingers Down,No gesture
94643,Rolling Hand Backward,Rolling Hand Forward
24428,Stop Sign,Shaking Hand
76899,Swiping Right,Rolling Hand Backward
78685,Zooming Out With Full Hand,Zooming In With Full Hand
146199,Zooming Out With Two Fingers,Zooming In With Two Fingers
56046,Sliding Two Fingers Left,Swiping Down
81476,Sliding Two Fingers Right,Sliding Two Fingers Left
82735,Swiping Left,Sliding Two Fingers Left
98752,Rolling Hand Forward,Rolling Hand Backward
73157,Doing other things,No gesture
57361,Sliding Two Fingers Down,Sliding Two Fingers Up
24597,Swiping Down,Thumb Down
46862,Sliding Two Fingers Up,Sliding Two Fingers Down
38793,Shaking Hand,Doing other things
33574,Zooming In With Two Fingers,Zooming Out With Two Fingers
94518,Sliding Two Fingers Up,Sliding Two Fingers Down
136604,Turning Hand Clockwise,Shaking Hand
43250,Pulling Hand In,Doing other things
10533,Sliding Two Fingers Right,Swiping Right
89069,Swiping Right,Sliding Two Fingers Left
40615,No gesture,Doing other things
29081,Stop Sign,Pushing Hand Away
36677,Zooming In With Two Fingers,Thumb Up
138839,Sliding Two Fingers Down,Sliding Two Fingers Up
59431,Thumb Up,Doing other things
124163,Swiping Up,Pulling Hand In
974,Thumb Up,Swiping Left
147144,Swiping Up,No gesture
42644,Pulling Hand In,Pulling Two Fingers In
84952,Turning Hand Counterclockwise,Shaking Hand
140628,Zooming In With Full Hand,Zooming Out With Full Hand
9995,Zooming In With Full Hand,Zooming Out With Full Hand
46555,Turning Hand Clockwise,Zooming In With Full Hand
1251,Swiping Up,Pulling Hand In
116437,Sliding Two Fingers Right,No gesture
59018,Turning Hand Clockwise,Turning Hand Counterclockwise
5476,Doing other things,Shaking Hand
24030,Rolling Hand Forward,Doing other things
93721,Sliding Two Fingers Down,Doing other things
11341,Swiping Left,Shaking Hand
104475,Pushing Hand Away,Swiping Down
103037,Swiping Up,Pulling Hand In
89165,Swiping Up,Swiping Down
83581,Doing other things,Swiping Left
45289,Sliding Two Fingers Left,Swiping Right
50914,Zooming Out With Two Fingers,Turning Hand Clockwise
46017,Swiping Right,Doing other things
136624,Sliding Two Fingers Right,Sliding Two Fingers Left
11065,Swiping Up,Shaking Hand
32482,Zooming In With Two Fingers,Shaking Hand
1549,Turning Hand Counterclockwise,Doing other things
67437,Swiping Right,Pushing Hand Away
64418,Thumb Down,Rolling Hand Forward
79998,Sliding Two Fingers Down,Sliding Two Fingers Up
30672,Doing other things,Swiping Up
61548,Stop Sign,Pushing Hand Away
42680,Turning Hand Counterclockwise,Swiping Left
54336,Doing other things,Rolling Hand Backward
71010,Sliding Two Fingers Left,Sliding Two Fingers Right
53471,Pulling Hand In,Swiping Up
53359,No gesture,Doing other things
138206,Rolling Hand Backward,Rolling Hand Forward
133839,Swiping Down,Sliding Two Fingers Down
98677,No gesture,Doing other things
142594,Zooming In With Two Fingers,Zooming Out With Two Fingers
17711,Doing other things,No gesture
9934,Sliding Two Fingers Right,Swiping Right
46009,Swiping Left,Shaking Hand
120369,Swiping Up,Pulling Hand In
108765,Pushing Hand Away,Pulling Hand In
50594,Sliding Two Fingers Up,Swiping Down
90154,Swiping Right,Swiping Left
115380,Zooming In With Two Fingers,Zooming Out With Two Fingers
105277,Doing other things,Turning Hand Clockwise
50074,Rolling Hand Forward,Rolling Hand Backward
146979,Sliding Two Fingers Up,Swiping Down
121060,Rolling Hand Backward,Rolling Hand Forward
19146,Sliding Two Fingers Right,No gesture
103058,Pulling Hand In,Swiping Up
132122,Swiping Down,Doing other things
9434,Sliding Two Fingers Down,Sliding Two Fingers Up
57217,Rolling Hand Forward,Rolling Hand Backward
12838,Swiping Right,Pulling Hand In
14638,Rolling Hand Backward,Thumb Down
41049,Sliding Two Fingers Left,Sliding Two Fingers Right
139158,Zooming Out With Full Hand,Zooming In With Two Fingers
88087,Thumb Up,Thumb Down
15812,Sliding Two Fingers Left,Sliding Two Fingers Right
13667,No gesture,Sliding Two Fingers Right
1615,Swiping Down,Rolling Hand Forward
95682,Sliding Two Fingers Down,Swiping Left
69359,Turning Hand Counterclockwise,Turning Hand Clockwise
98551,Doing other things,No gesture
33025,Sliding Two Fingers Down,Pushing Two Fingers Away
113018,Rolling Hand Forward,Rolling Hand Backward
50508,Swiping Down,Doing other things
111905,Swiping Right,Swiping Down
125810,Turning Hand Counterclockwise,Doing other things
147305,Zooming In With Two Fingers,Zooming Out With Two Fingers
75205,Sliding Two Fingers Up,Sliding Two Fingers Down
115094,Stop Sign,Pushing Hand Away
43947,Sliding Two Fingers Up,Thumb Up
42388,No gesture,Swiping Down
35440,Shaking Hand,Swiping Right
82781,Sliding Two Fingers Down,Rolling Hand Backward
121232,Sliding Two Fingers Left,Sliding Two Fingers Right
43677,Swiping Right,Doing other things
110159,Zooming In With Two Fingers,Sliding Two Fingers Right
90264,Zooming In With Two Fingers,Doing other things
78330,Rolling Hand Forward,Rolling Hand Backward
39208,Zooming Out With Full Hand,Zooming In With Full Hand
72359,Drumming Fingers,Shaking Hand
34126,Thumb Down,Thumb Up
113314,Pushing Two Fingers Away,Swiping Left
95181,Doing other things,No gesture
69671,Doing other things,No gesture
57066,Thumb Down,Zooming Out With Two Fingers
143668,Pushing Two Fingers Away,Sliding Two Fingers Up
51864,Stop Sign,Shaking Hand
98431,Zooming In With Two Fingers,Doing other things
109238,Sliding Two Fingers Right,Swiping Right
18267,Sliding Two Fingers Down,Pushing Two Fingers Away
6792,Zooming Out With Two Fingers,Zooming In With Two Fingers
86674,Sliding Two Fingers Down,Sliding Two Fingers Right
16111,Sliding Two Fingers Up,Sliding Two Fingers Down
109053,Zooming Out With Full Hand,Pushing Two Fingers Away
6647,Thumb Down,Thumb Up
105050,Sliding Two Fingers Up,Sliding Two Fingers Down
122132,Swiping Right,Sliding Two Fingers Left
113617,Doing other things,Swiping Right
137974,Swiping Down,Swiping Up
32070,Swiping Down,No gesture
71233,Rolling Hand Backward,Doing other things
128786,Pulling Hand In,Swiping Up
37625,Sliding Two Fingers Up,Swiping Up
94093,Swiping Up,Swiping Left
40123,Doing other things,No gesture
120445,Sliding Two Fingers Right,Sliding Two Fingers Left
124951,Rolling Hand Backward,Rolling Hand Forward
79218,Swiping Down,Stop Sign
28970,Rolling Hand Backward,Sliding Two Fingers Left
13601,Shaking Hand,Pulling Two Fingers In
34457,Zooming In With Two Fingers,Zooming Out With Two Fingers
54704,Zooming In With Full Hand,Zooming Out With Full Hand
812,Swiping Down,No gesture
30759,Sliding Two Fingers Right,Sliding Two Fingers Left
88032,Thumb Up,Pushing Two Fingers Away
134555,Sliding Two Fingers Down,Pushing Two Fingers Away
63306,Swiping Up,Pulling Hand In
41350,Swiping Left,No gesture
13027,Sliding Two Fingers Right,No gesture
97231,Stop Sign,Pushing Hand Away
88749,Turning Hand Counterclockwise,Swiping Left
77757,Pushing Hand Away,Doing other things
62033,Drumming Fingers,Thumb Down
141529,Rolling Hand Backward,Rolling Hand Forward
24133,Zooming In With Two Fingers,Zooming Out With Two Fingers
55717,Sliding Two Fingers Up,Swiping Up
22893,No gesture,Thumb Up
90982,Swiping Right,No gesture
94031,Doing other things,Turning Hand Clockwise
87371,Zooming Out With Two Fingers,Sliding Two Fingers Right
131854,Sliding Two Fingers Right,No gesture
79722,Swiping Down,Rolling Hand Backward
63399,Zooming In With Two Fingers,Sliding Two Fingers Right
63843,Swiping Down,Rolling Hand Backward
138493,No gesture,Swiping Down
59398,Sliding Two Fingers Up,Sliding Two Fingers Down
132592,Swiping Down,Sliding Two Fingers Down
146013,Zooming In With Two Fingers,Zooming Out With Two Fingers
126134,Pulling Two Fingers In,Sliding Two Fingers Left
129685,Sliding Two Fingers Right,No gesture
56389,Turning Hand Counterclockwise,Shaking Hand
38126,Shaking Hand,Pulling Hand In
146106,Pushing Hand Away,No gesture
95896,No gesture,Sliding Two Fingers Right
130183,Sliding Two Fingers Down,Sliding Two Fingers Up
68845,Doing other things,Thumb Up
24160,Sliding Two Fingers Up,Pushing Two Fingers Away
63094,Zooming In With Two Fingers,Zooming In With Full Hand
40533,No gesture,Swiping Down
6041,Sliding Two Fingers Right,No gesture
83590,Pulling Two Fingers In,Swiping Up
42457,Zooming Out With Two Fingers,Zooming In With Two Fingers
60428,Swiping Right,Doing other things
129512,Swiping Down,Doing other things
68940,Swiping Up,Swiping Down
74278,Zooming In With Two Fingers,Zooming Out With Two Fingers
63691,Sliding Two Fingers Left,Pushing Two Fingers Away
21646,Sliding Two Fingers Left,Sliding Two Fingers Right
4091,Zooming In With Two Fingers,Zooming Out With Two Fingers
85724,Turning Hand Clockwise,Turning Hand Counterclockwise
121412,Swiping Up,Shaking Hand
120254,Zooming Out With Full Hand,Zooming In With Full Hand
104989,Rolling Hand Forward,Rolling Hand Backward
113180,Zooming In With Two Fingers,Zooming Out With Two Fingers
130197,Pulling Hand In,Swiping Up
28018,Doing other things,Rolling Hand Backward
92687,Rolling Hand Forward,Rolling Hand Backward
146343,Rolling Hand Backward,Rolling Hand Forward
16029,Stop Sign,Pushing Hand Away
142828,Rolling Hand Forward,Doing other things
120211,Swiping Right,Swiping Left
14226,Swiping Right,Shaking Hand
9882,Turning Hand Clockwise,Zooming In With Full Hand
117793,Turning Hand Clockwise,Turning Hand Counterclockwise
129930,Rolling Hand Backward,Rolling Hand Forward
86534,Sliding Two Fingers Right,Sliding Two Fingers Left
37504,Zooming Out With Full Hand,Zooming In With Full Hand
23906,Rolling Hand Forward,Rolling Hand Backward
118001,Zooming Out With Two Fingers,Zooming In With Two Fingers
23238,Zooming In With Full Hand,Doing other things
147014,Rolling Hand Forward,Thumb Up
95866,Swiping Up,No gesture
127818,Pushing Two Fingers Away,Sliding Two Fingers Up
96246,Swiping Left,No gesture
112388,Doing other things,Zooming In With Two Fingers
96700,Swiping Up,Sliding Two Fingers Up
34007,Pulling Hand In,Swiping Left
89982,Thumb Up,Swiping Up
64840,Pushing Hand Away,Stop Sign
60454,Stop Sign,Shaking Hand
53953,Swiping Right,Swiping Left
88402,Thumb Up,Doing other things
113786,Swiping Left,Sliding Two Fingers Left
94882,Sliding Two Fingers Down,Doing other things
87038,Swiping Left,Thumb Down
147492,Sliding Two Fingers Up,Sliding Two Fingers Down
53839,Swiping Down,Sliding Two Fingers Down
18086,Pulling Hand In,Swiping Up
128293,Swiping Up,Shaking Hand
46476,Sliding Two Fingers Down,Doing other things
121103,Swiping Right,Pulling Two Fingers In
6256,Zooming In With Full Hand,No gesture
93185,Thumb Down,Swiping Right
76386,Sliding Two Fingers Down,Doing other things
11257,Rolling Hand Backward,Rolling Hand Forward
30872,Turning Hand Clockwise,Turning Hand Counterclockwise
14086,Thumb Up,Doing other things
138943,Sliding Two Fingers Down,Doing other things
33064,Zooming Out With Two Fingers,Zooming In With Two Fingers
15958,Zooming In With Two Fingers,Doing other things
53105,Rolling Hand Forward,Rolling Hand Backward
42954,Doing other things,Pulling Two Fingers In
104606,Zooming In With Two Fingers,Zooming Out With Two Fingers
9735,Sliding Two Fingers Down,No gesture
43094,Swiping Up,Zooming In With Two Fingers
47138,Pulling Two Fingers In,Pulling Hand In
91681,Pushing Two Fingers Away,Sliding Two Fingers Up
7100,Sliding Two Fingers Right,Zooming Out With Two Fingers
68208,Sliding Two Fingers Down,Sliding Two Fingers Right
116117,Pushing Two Fingers Away,Pulling Two Fingers In
70231,Swiping Down,Pushing Hand Away
124659,No gesture,Thumb Up
71497,Sliding Two Fingers Left,Doing other things
19706,No gesture,Swiping Up
41560,Sliding Two Fingers Down,Doing other things
121852,Rolling Hand Forward,Rolling Hand Backward
2747,Shaking Hand,Pushing Hand Away
144655,Swiping Right,Sliding Two Fingers Down
14762,Swiping Right,Swiping Left
61072,Pushing Two Fingers Away,Doing other things
133853,Zooming Out With Full Hand,Zooming In With Full Hand
38948,Swiping Right,No gesture
41612,Rolling Hand Forward,Rolling Hand Backward
47753,Zooming Out With Full Hand,Shaking Hand
110200,Zooming Out With Two Fingers,Zooming In With Two Fingers
19083,Swiping Right,Doing other things
85029,Pushing Two Fingers Away,Swiping Up
70845,Zooming Out With Two Fingers,Shaking Hand
140032,Doing other things,No gesture
67446,Pulling Two Fingers In,Sliding Two Fingers Right
75592,Turning Hand Clockwise,Turning Hand Counterclockwise
82438,Zooming In With Full Hand,Zooming Out With Full Hand
20404,Sliding Two Fingers Right,Sliding Two Fingers Left
70152,Drumming Fingers,Thumb Up
34664,Sliding Two Fingers Down,Doing other things
19186,Swiping Left,Doing other things
58395,Zooming Out With Full Hand,Doing other things
14306,Pushing Hand Away,Stop Sign
118199,Pushing Two Fingers Away,Doing other things
60539,Pulling Two Fingers In,Doing other things
37565,Pulling Two Fingers In,Swiping Up
119945,Rolling Hand Forward,Rolling Hand Backward
142486,Sliding Two Fingers Down,Zooming Out With Two Fingers
104785,Sliding Two Fingers Up,Swiping Down
31236,Swiping Left,Doing other things
742,Swiping Right,Swiping Left
44129,Pulling Hand In,Turning Hand Counterclockwise
3572,Turning Hand Clockwise,Turning Hand Counterclockwise
61558,Rolling Hand Forward,Sliding Two Fingers Down
126151,Turning Hand Clockwise,Sliding Two Fingers Right
11626,Thumb Up,Pulling Hand In
133081,Zooming In With Full Hand,Shaking Hand
55011,Sliding Two Fingers Down,Pulling Two Fingers In
76601,Sliding Two Fingers Up,Sliding Two Fingers Down
61162,Swiping Up,Swiping Left
27888,Zooming Out With Two Fingers,Zooming In With Two Fingers
142476,Pulling Hand In,Pulling Two Fingers In
29893,Zooming Out With Full Hand,Zooming In With Two Fingers
119540,Pulling Hand In,Turning Hand Clockwise
73088,Pulling Hand In,No gesture
80772,Sliding Two Fingers Down,No gesture
91838,Rolling Hand Forward,Rolling Hand Backward
109730,Turning Hand Clockwise,Zooming Out With Full Hand
54038,Pulling Two Fingers In,Doing other things
17977,Shaking Hand,Pushing Hand Away
146294,Zooming In With Full Hand,Shaking Hand
71001,Pulling Two Fingers In,Pulling Hand In
146764,Sliding Two Fingers Right,Doing other things
125319,Swiping Left,Sliding Two Fingers Left
40563,Zooming Out With Full Hand,Doing other things
144413,Swiping Right,Doing other things
67373,Swiping Right,Rolling Hand Forward
122329,Turning Hand Clockwise,Turning Hand Counterclockwise
14358,Stop Sign,Sliding Two Fingers Left
57891,Sliding Two Fingers Down,Zooming Out With Two Fingers
62616,Turning Hand Clockwise,Shaking Hand
2312,Pushing Two Fingers Away,Rolling Hand Backward
99303,Turning Hand Counterclockwise,Pulling Hand In
126668,Shaking Hand,Zooming In With Full Hand
77369,Turning Hand Clockwise,Turning Hand Counterclockwise
122336,No gesture,Sliding Two Fingers Down
53033,No gesture,Doing other things
58234,Swiping Down,Swiping Up
126791,Sliding Two Fingers Up,Pushing Two Fingers Away
70399,Rolling Hand Backward,Rolling Hand Forward
48476,Swiping Left,Sliding Two Fingers Right
139022,Swiping Right,Sliding Two Fingers Left
143140,Swiping Up,Pulling Two Fingers In
51197,Thumb Down,Rolling Hand Forward
140684,Pushing Hand Away,Stop Sign
136750,Pulling Hand In,Sliding Two Fingers Up
114885,Swiping Down,Zooming Out With Two Fingers
1568,Pulling Hand In,Turning Hand Counterclockwise
120422,Sliding Two Fingers Right,Doing other things
48305,Thumb Up,Pulling Two Fingers In
90501,Pulling Hand In,Swiping Left
116741,No gesture,Doing other things
1735,No gesture,Swiping Right
124605,Sliding Two Fingers Right,Swiping Left
141037,Zooming In With Full Hand,Doing other things
27731,Doing other things,Zooming In With Full Hand
48522,Zooming In With Two Fingers,Rolling Hand Backward
57622,Zooming In With Full Hand,Sliding Two Fingers Right
70778,Rolling Hand Forward,Rolling Hand Backward
91597,Sliding Two Fingers Up,Sliding Two Fingers Right
10942,Swiping Down,Sliding Two Fingers Left
37297,Swiping Down,Thumb Up
47077,Doing other things,Pulling Two Fingers In
107126,Doing other things,Thumb Up
130401,Pushing Two Fingers Away,Sliding Two Fingers Down
45710,Swiping Down,Sliding Two Fingers Down
44028,Pulling Hand In,Doing other things
111970,Rolling Hand Backward,Sliding Two Fingers Right
109681,Pushing Hand Away,Zooming Out With Full Hand
71528,Sliding Two Fingers Down,No gesture
63353,Turning Hand Counterclockwise,Sliding Two Fingers Left
14189,Sliding Two Fingers Right,Sliding Two Fingers Left
83273,Swiping Left,Sliding Two Fingers Down
66565,Zooming Out With Full Hand,Zooming In With Full Hand
5922,Turning Hand Clockwise,Shaking Hand
82151,Rolling Hand Forward,Rolling Hand Backward
112051,Turning Hand Clockwise,No gesture
17905,Rolling Hand Backward,Sliding Two Fingers Right
31406,Pulling Hand In,Pushing Two Fingers Away
131765,Swiping Right,Swiping Left
110000,Pushing Hand Away,Stop Sign
93566,Zooming In With Full Hand,Zooming Out With Full Hand
145132,Sliding Two Fingers Up,Zooming In With Full Hand
68348,Swiping Down,Swiping Right
120158,Swiping Down,Pushing Hand Away
19604,Swiping Right,No gesture
53721,Thumb Down,Swiping Right
133742,Rolling Hand Forward,Rolling Hand Backward
120501,Sliding Two Fingers Up,Sliding Two Fingers Down
96541,Stop Sign,Pushing Hand Away
142627,Swiping Right,Doing other things
133693,No gesture,Sliding Two Fingers Right
55874,Pushing Hand Away,Stop Sign
75469,Zooming In With Full Hand,Zooming Out With Two Fingers
102926,Swiping Left,Sliding Two Fingers Left
85966,Swiping Down,Doing other things
137882,Zooming Out With Full Hand,Doing other things
82520,Stop Sign,Pushing Hand Away
2202,Pushing Two Fingers Away,Doing other things
97114,Rolling Hand Backward,Rolling Hand Forward
105032,Zooming Out With Full Hand,Zooming In With Full Hand
115767,Rolling Hand Backward,Zooming Out With Two Fingers
138538,Doing other things,Swiping Right
29068,Shaking Hand,Zooming In With Full Hand
138485,Swiping Left,No gesture
103797,Zooming In With Full Hand,Rolling Hand Backward
27088,Zooming In With Full Hand,Zooming Out With Full Hand
121313,Rolling Hand Forward,Swiping Right
25504,Turning Hand Clockwise,Zooming In With Full Hand
63766,Swiping Up,Doing other things
46041,Pulling Hand In,Zooming Out With Two Fingers
4830,Pushing Two Fingers Away,Swiping Up
137480,Doing other things,Zooming Out With Two Fingers
1903,Swiping Left,Swiping Right
64294,Stop Sign,Pushing Hand Away
135143,Sliding Two Fingers Up,Sliding Two Fingers Down
123831,Turning Hand Clockwise,Swiping Up
35255,Sliding Two Fingers Down,Doing other things
96238,Sliding Two Fingers Left,No gesture
117991,Sliding Two Fingers Up,Swiping Down
54276,Sliding Two Fingers Right,Sliding Two Fingers Left
80335,Zooming Out With Full Hand,Zooming In With Full Hand
16131,Pushing Hand Away,Shaking Hand
33072,No gesture,Sliding Two Fingers Left
47286,Pulling Two Fingers In,Doing other things
100495,Doing other things,Zooming In With Full Hand
33891,Doing other things,Swiping Up
25165,Swiping Left,Rolling Hand Forward
79237,Sliding Two Fingers Down,Swiping Down
43424,Swiping Up,Pulling Hand In
17514,Pushing Two Fingers Away,Pulling Two Fingers In
19069,Rolling Hand Backward,Rolling Hand Forward
17241,Rolling Hand Backward,Rolling Hand Forward
35194,Stop Sign,Pushing Hand Away
48252,Pulling Hand In,Swiping Up
84715,Sliding Two Fingers Right,Pulling Two Fingers In
9181,Stop Sign,Pushing Hand Away
87711,Swiping Right,No gesture
135936,Zooming In With Two Fingers,Zooming Out With Two Fingers
117888,Shaking Hand,Turning Hand Clockwise
110830,Pulling Hand In,Swiping Down
15903,Pushing Two Fingers Away,Zooming Out With Full Hand
38615,Swiping Right,Doing other things
72499,Zooming In With Full Hand,Shaking Hand
74985,Pushing Two Fingers Away,Sliding Two Fingers Down
126946,Sliding Two Fingers Down,Pushing Two Fingers Away
94981,Turning Hand Clockwise,Turning Hand Counterclockwise
3208,Swiping Down,Shaking Hand
119425,Pulling Hand In,Pulling Two Fingers In
16465,Zooming In With Full Hand,Zooming Out With Full Hand
81704,Doing other things,Turning Hand Counterclockwise
131436,Swiping Down,Pushing Hand Away
8284,Swiping Right,Swiping Down
115503,Zooming In With Full Hand,Turning Hand Clockwise
68703,Turning Hand Clockwise,Zooming Out With Full Hand
143153,Pulling Two Fingers In,Shaking Hand
123142,Doing other things,Turning Hand Counterclockwise
40911,Pushing Two Fingers Away,Zooming Out With Two Fingers
118376,Rolling Hand Backward,Rolling Hand Forward
14331,Pulling Two Fingers In,Thumb Down
50252,Swiping Left,Rolling Hand Forward
9016,Rolling Hand Backward,Rolling Hand Forward
39533,Sliding Two Fingers Up,Swiping Down
136122,Thumb Down,Doing other things
146993,Rolling Hand Forward,Rolling Hand Backward
140963,No gesture,Pulling Hand In
8753,Swiping Down,No gesture
121766,Sliding Two Fingers Up,Sliding Two Fingers Down
121427,Rolling Hand Backward,Rolling Hand Forward
74153,Swiping Left,Doing other things
40738,Zooming In With Full Hand,Turning Hand Counterclockwise
105058,Zooming In With Two Fingers,Zooming Out With Two Fingers
129554,No gesture,Sliding Two Fingers Left
81774,Rolling Hand Forward,Swiping Right
36954,Zooming In With Two Fingers,Zooming Out With Two Fingers
132326,Zooming In With Full Hand,Zooming Out With Full Hand
11889,Rolling Hand Backward,Rolling Hand Forward
120993,Pulling Two Fingers In,Thumb Up
29748,Zooming In With Two Fingers,Zooming Out With Two Fingers
49276,No gesture,Doing other things
128364,Stop Sign,Shaking Hand
109693,Doing other things,No gesture
113359,Rolling Hand Forward,Rolling Hand Backward
91606,Zooming In With Two Fingers,Zooming Out With Two Fingers
15158,Swiping Down,Sliding Two Fingers Up
50223,Shaking Hand,Pulling Hand In
130875,Turning Hand Counterclockwise,Shaking Hand
58069,Sliding Two Fingers Up,Sliding Two Fingers Down
106112,Zooming Out With Two Fingers,Sliding Two Fingers Up
85064,Drumming Fingers,Swiping Right
60623,Turning Hand Clockwise,Shaking Hand
147283,Sliding Two Fingers Right,No gesture
116524,Swiping Down,Sliding Two Fingers Up
84536,Zooming Out With Two Fingers,Zooming In With Two Fingers
134692,Doing other things,Pulling Two Fingers In
123135,Turning Hand Counterclockwise,Shaking Hand
47675,Stop Sign,Pushing Hand Away
94740,Pulling Hand In,Doing other things
105361,Zooming In With Full Hand,Zooming Out With Full Hand
55735,Swiping Down,No gesture
13101,Sliding Two Fingers Up,Drumming Fingers
81428,Sliding Two Fingers Down,Swiping Left
28079,Sliding Two Fingers Left,Swiping Left
16152,Pulling Two Fingers In,Pulling Hand In
113521,Sliding Two Fingers Up,Sliding Two Fingers Down
52741,Swiping Right,Doing other things
139295,Pulling Hand In,Drumming Fingers
116675,Pushing Hand Away,Zooming In With Full Hand
97853,Sliding Two Fingers Up,Doing other things
112816,Sliding Two Fingers Down,Swiping Down
111450,Doing other things,Swiping Left
123327,Swiping Right,Swiping Left
89865,Shaking Hand,Pulling Hand In
19946,Sliding Two Fingers Up,Doing other things
56894,Swiping Up,Swiping Down
54115,Rolling Hand Forward,Thumb Up
44357,Pushing Hand Away,Drumming Fingers
10479,Zooming Out With Two Fingers,Thumb Down
41488,Swiping Right,Doing other things
73242,No gesture,Pulling Hand In
41368,Zooming Out With Two Fingers,Swiping Down
68,Shaking Hand,Doing other things
88233,Zooming In With Two Fingers,Zooming Out With Two Fingers
14580,Turning Hand Counterclockwise,Pulling Hand In
88813,Doing other things,Sliding Two Fingers Left
2326,Sliding Two Fingers Up,Zooming Out With Two Fingers
48317,Swiping Down,Doing other things
143168,Swiping Right,Doing other things
27436,Zooming Out With Two Fingers,Zooming In With Two Fingers
42946,Sliding Two Fingers Left,Swiping Right
52532,Sliding Two Fingers Down,Pushing Two Fingers Away
14776,Pulling Two Fingers In,Sliding Two Fingers Right
39019,Sliding Two Fingers Right,Sliding Two Fingers Left
43615,Sliding Two Fingers Down,No gesture
129285,Swiping Up,Turning Hand Counterclockwise
12454,Pushing Two Fingers Away,Pulling Hand In
120969,Rolling Hand Backward,Rolling Hand Forward
123762,Sliding Two Fingers Up,Sliding Two Fingers Down
71343,Sliding Two Fingers Down,Sliding Two Fingers Up
3542,Sliding Two Fingers Down,Swiping Down
111040,Swiping Right,Swiping Left
68589,Turning Hand Clockwise,Turning Hand Counterclockwise
87153,Drumming Fingers,Swiping Up
134937,Doing other things,No gesture
32412,Pushing Two Fingers Away,Swiping Right
49521,Swiping Right,Swiping Left
83439,Sliding Two Fingers Left,Sliding Two Fingers Right
147223,Doing other things,Pulling Two Fingers In
67782,Swiping Left,Swiping Right
57113,Pushing Two Fingers Away,Drumming Fingers
4567,No gesture,Doing other things
30479,Zooming Out With Full Hand,Doing other things
27559,Swiping Left,Swiping Right
88819,Rolling Hand Backward,Rolling Hand Forward
93737,Doing other things,Thumb Up
126441,Stop Sign,Swiping Down
40497,Doing other things,No gesture
80405,Rolling Hand Forward,Doing other things
60135,Pushing Two Fingers Away,Pushing Hand Away
88284,Thumb Up,Sliding Two Fingers Right
8820,Swiping Right,Zooming Out With Full Hand
34823,Thumb Up,Sliding Two Fingers Left
147009,Sliding Two Fingers Right,Doing other things
28001,Doing other things,Pushing Hand Away
72775,Swiping Down,Sliding Two Fingers Left
147936,Zooming In With Two Fingers,Zooming In With Full Hand
71355,Stop Sign,Pushing Hand Away
91153,Turning Hand Clockwise,Turning Hand Counterclockwise
108669,Turning Hand Clockwise,Shaking Hand
138761,Sliding Two Fingers Up,Pushing Two Fingers Away
91554,Sliding Two Fingers Left,Doing other things
91390,Pulling Hand In,Pushing Hand Away
30794,Turning Hand Counterclockwise,Shaking Hand
74617,Sliding Two Fingers Down,Turning Hand Counterclockwise
60534,Sliding Two Fingers Up,Thumb Up
133432,Rolling Hand Forward,Rolling Hand Backward
27138,Doing other things,Swiping Right
71367,Swiping Up,Pulling Hand In
109719,Pushing Two Fingers Away,Doing other things
84358,Doing other things,Swiping Up
111607,Drumming Fingers,Swiping Down
4008,Sliding Two Fingers Up,Pushing Two Fingers Away
38704,Zooming In With Full Hand,Zooming Out With Full Hand
70518,Sliding Two Fingers Left,No gesture
48193,Pushing Two Fingers Away,Pulling Two Fingers In
23367,Swiping Up,Doing other things
7282,Pushing Hand Away,Stop Sign
62101,Turning Hand Clockwise,Turning Hand Counterclockwise
7779,Thumb Down,Doing other things
113394,Sliding Two Fingers Left,Swiping Left
26471,Sliding Two Fingers Right,No gesture
40176,Zooming Out With Full Hand,Doing other things
96213,Pushing Hand Away,Stop Sign
78792,Pulling Two Fingers In,Sliding Two Fingers Right
6243,Zooming In With Two Fingers,Turning Hand Counterclockwise
133838,Pulling Hand In,Swiping Up
114428,Swiping Left,No gesture
142708,Rolling Hand Backward,Rolling Hand Forward
47712,Swiping Right,Swiping Left
124286,Rolling Hand Backward,Rolling Hand Forward
99552,Sliding Two Fingers Down,Doing other things
31219,Swiping Left,Thumb Down
92127,Rolling Hand Backward,Doing other things
128291,Rolling Hand Backward,Rolling Hand Forward
55605,Rolling Hand Forward,Rolling Hand Backward
112295,Thumb Up,Doing other things
38862,Sliding Two Fingers Left,No gesture
39638,Swiping Up,Turning Hand Counterclockwise
46828,Zooming Out With Two Fingers,Zooming In With Two Fingers
48436,Sliding Two Fingers Right,Sliding Two Fingers Left
51213,Rolling Hand Forward,No gesture
37460,No gesture,Doing other things
94028,Doing other things,Pulling Two Fingers In
124215,No gesture,Swiping Up
119700,Zooming Out With Full Hand,Shaking Hand
138350,Sliding Two Fingers Left,Zooming Out With Two Fingers
89650,Stop Sign,Pushing Hand Away
145116,Rolling Hand Forward,Rolling Hand Backward
108415,Swiping Left,Doing other things
89124,Swiping Down,Swiping Right
29561,Swiping Up,Swiping Right
127676,Zooming In With Two Fingers,Zooming Out With Two Fingers
49595,Doing other things,Rolling Hand Forward
28287,Sliding Two Fingers Right,Swiping Left
67095,Swiping Left,No gesture
145798,Sliding Two Fingers Right,No gesture
62819,Zooming In With Full Hand,Rolling Hand Forward
123073,Rolling Hand Backward,Doing other things
122515,Shaking Hand,Turning Hand Counterclockwise
28683,Sliding Two Fingers Down,Thumb Down
93044,Zooming In With Two Fingers,Zooming Out With Two Fingers
36141,Turning Hand Clockwise,Turning Hand Counterclockwise
124315,Rolling Hand Backward,Rolling Hand Forward
115856,Swiping Down,Sliding Two Fingers Left
11302,Pulling Two Fingers In,No gesture
5338,Pushing Two Fingers Away,Pulling Two Fingers In
30,Swiping Down,No gesture
43246,Swiping Left,Sliding Two Fingers Left
99590,No gesture,Swiping Up
108281,Pulling Hand In,Doing other things
105216,Pulling Hand In,Swiping Up
63493,Swiping Down,Swiping Right
63314,Zooming In With Full Hand,Rolling Hand Backward
108788,Sliding Two Fingers Left,Shaking Hand
53843,Swiping Left,Sliding Two Fingers Right
139434,Doing other things,Thumb Down
120880,Swiping Right,Thumb Down
71411,Doing other things,Swiping Left
130113,Thumb Down,Zooming Out With Two Fingers
60465,Doing other things,Shaking Hand
84643,Pushing Hand Away,Stop Sign
17200,Rolling Hand Backward,Rolling Hand Forward
128568,Sliding Two Fingers Up,Sliding Two Fingers Down
107313,Stop Sign,Pushing Hand Away
88579,Pulling Hand In,Pulling Two Fingers In
61239,Rolling Hand Forward,Rolling Hand Backward
97575,Sliding Two Fingers Up,Zooming Out With Two Fingers
34639,Zooming In With Full Hand,Pulling Two Fingers In
95010,Sliding Two Fingers Right,Pulling Hand In
58824,No gesture,Sliding Two Fingers Left
82277,Pulling Hand In,Shaking Hand
37373,Swiping Up,Doing other things
85031,Turning Hand Counterclockwise,Turning Hand Clockwise
108381,No gesture,Doing other things
35008,Swiping Left,Doing other things
29912,Pulling Hand In,Swiping Up
32959,Zooming Out With Two Fingers,Zooming In With Two Fingers
116184,Sliding Two Fingers Up,Rolling Hand Forward
8080,Sliding Two Fingers Down,Swiping Down
39070,Swiping Up,Doing other things
98097,Sliding Two Fingers Right,Sliding Two Fingers Left
118952,Swiping Right,No gesture
18100,Sliding Two Fingers Down,Doing other things
73049,Sliding Two Fingers Right,Pushing Two Fingers Away
89786,Turning Hand Clockwise,Doing other things
56165,Zooming Out With Full Hand,Zooming In With Full Hand
105721,Shaking Hand,Doing other things
26892,Swiping Left,Rolling Hand Backward
113642,Thumb Down,Swiping Right
145692,Pulling Two Fingers In,Swiping Up
35166,Swiping Left,Swiping Up
127463,Zooming Out With Full Hand,Zooming Out With Two Fingers
106812,Pulling Hand In,No gesture
27921,Swiping Up,Swiping Down
13706,Pulling Hand In,Pulling Two Fingers In
84310,Zooming Out With Full Hand,Zooming In With Full Hand
101296,Rolling Hand Backward,Rolling Hand Forward
94380,Rolling Hand Forward,Swiping Up
142870,Swiping Left,Sliding Two Fingers Left
55873,Zooming In With Two Fingers,Rolling Hand Backward
126529,Sliding Two Fingers Up,Doing other things
111458,Rolling Hand Backward,Swiping Down
14864,Sliding Two Fingers Right,Doing other things
16776,Pushing Hand Away,Stop Sign
11657,Rolling Hand Forward,Rolling Hand Backward
25136,Drumming Fingers,Shaking Hand
53643,Zooming Out With Full Hand,Zooming In With Full Hand
36520,Swiping Down,Pulling Two Fingers In
55696,Sliding Two Fingers Up,Pushing Two Fingers Away
29929,Pulling Hand In,Pushing Hand Away
86899,Zooming In With Two Fingers,Sliding Two Fingers Left
117342,Zooming In With Full Hand,Doing other things
75809,Pulling Hand In,Turning Hand Clockwise
94086,Rolling Hand Forward,Rolling Hand Backward
19927,Swiping Left,No gesture
49190,Rolling Hand Backward,Rolling Hand Forward
26127,Zooming Out With Full Hand,Turning Hand Clockwise
25562,Thumb Up,Doing other things
145956,Zooming Out With Full Hand,Drumming Fingers
37389,Sliding Two Fingers Down,Sliding Two Fingers Up
73434,Rolling Hand Backward,Rolling Hand Forward
121624,Zooming In With Full Hand,Shaking Hand
51390,Turning Hand Counterclockwise,Turning Hand Clockwise
89733,Pulling Hand In,No gesture
21623,Swiping Up,Swiping Left
31096,Sliding Two Fingers Left,Sliding Two Fingers Right
92467,Sliding Two Fingers Left,Swiping Left
67363,Swiping Up,No gesture
37047,Turning Hand Clockwise,Shaking Hand
121853,Swiping Left,Sliding Two Fingers Down
82955,Swiping Down,No gesture
34991,Turning Hand Counterclockwise,Pushing Hand Away
24840,Zooming In With Two Fingers,Sliding Two Fingers Down
58937,Sliding Two Fingers Down,Swiping Right
95223,Doing other things,Thumb Down
539,Pulling Two Fingers In,Pushing Two Fingers Away
125456,Pulling Hand In,Pulling Two Fingers In
45303,Rolling Hand Forward,Doing other things
140130,Zooming Out With Full Hand,Zooming In With Full Hand
129540,Turning Hand Clockwise,Swiping Up
52308,Sliding Two Fingers Left,Sliding Two Fingers Right
63469,Swiping Up,Drumming Fingers
34779,Shaking Hand,Swiping Left
94281,Swiping Left,Pushing Hand Away
17688,Pulling Hand In,Sliding Two Fingers Right
78551,Sliding Two Fingers Down,Pushing Two Fingers Away
86397,Doing other things,Sliding Two Fingers Left
51280,Sliding Two Fingers Up,Sliding Two Fingers Down
42380,Swiping Left,Swiping Right
96077,Swiping Right,Pulling Two Fingers In
110407,Zooming In With Two Fingers,Zooming Out With Two Fingers
26466,Doing other things,No gesture
20179,Sliding Two Fingers Down,Pulling Hand In
19356,Pulling Hand In,Pulling Two Fingers In
125703,Swiping Right,Turning Hand Counterclockwise
21150,Doing other things,Zooming In With Full Hand
14325,Rolling Hand Forward,Rolling Hand Backward
145519,Rolling Hand Forward,Rolling Hand Backward
106978,Sliding Two Fingers Right,Rolling Hand Backward
40655,Swiping Left,Pulling Two Fingers In
20089,Zooming Out With Full Hand,Zooming In With Full Hand
15295,Rolling Hand Backward,Rolling Hand Forward
120331,Swiping Left,Sliding Two Fingers Right
66741,Sliding Two Fingers Up,Doing other things
84531,Stop Sign,Swiping Down
38261,Sliding Two Fingers Down,Zooming Out With Two Fingers
129233,Zooming In With Full Hand,Zooming Out With Full Hand
37721,Turning Hand Clockwise,Shaking Hand
13890,Swiping Right,Pulling Two Fingers In
26792,Thumb Up,No gesture
36813,Swiping Left,Sliding Two Fingers Right
82279,Zooming In With Two Fingers,Zooming Out With Two Fingers
50556,Swiping Down,Zooming Out With Full Hand
93074,Pushing Two Fingers Away,Pulling Two Fingers In
97052,Pulling Hand In,Thumb Up
47119,Rolling Hand Forward,Swiping Down
6322,Doing other things,Thumb Down
70841,Swiping Right,No gesture
87643,Swiping Left,Swiping Right
77680,Doing other things,Turning Hand Clockwise
127055,Zooming Out With Two Fingers,Rolling Hand Forward
25019,Swiping Right,Swiping Left
24964,Zooming Out With Two Fingers,Zooming Out With Full Hand
21283,Pushing Hand Away,Stop Sign
14097,Sliding Two Fingers Left,Sliding Two Fingers Right
97044,Drumming Fingers,Sliding Two Fingers Right
136208,Sliding Two Fingers Right,Doing other things
12180,Rolling Hand Backward,Rolling Hand Forward
119381,Thumb Down,Doing other things
64033,Swiping Up,Sliding Two Fingers Right
